date,gold_inr_per_10g_landed,gold_inr_change,gold_usd_change,usdinr_change,duty_change_pp
2004-01-06,6491.623628743425,-0.1861,-0.377,0.18,0.0
2004-01-07,6456.469677284608,-0.5415,-0.2129,-0.36,0.0
2004-01-08,6498.154987691673,0.6456,0.4977,0.18,0.0
2004-01-09,6517.199628634426,0.2931,0.566,-0.26,0.0
2004-01-12,6514.782066662491,-0.0371,-0.0235,-0.02,0.0
2004-01-13,6472.6553399985605,-0.6466,-0.6099,-0.07,0.0
2004-01-14,6445.552037587951,-0.4187,-0.472,0.03,0.0
2004-01-15,6254.484519228881,-2.9643,-3.1539,0.05,0.0
2004-01-16,6226.560793341963,-0.4465,-0.4163,-0.05,0.0
2004-01-20,6314.392524338667,1.4106,1.4753,0.01,0.0
2004-01-21,6288.29959661832,-0.4132,-0.3877,-0.05,0.0
2004-01-22,6274.12177075191,-0.2255,-0.2676,0.03,0.0
2004-01-23,6233.424570300609,-0.6487,-0.5122,-0.17,0.0
2004-01-26,6212.29249440518,-0.339,-0.3187,-0.04,0.0
2004-01-27,6267.530973190599,0.8892,0.8362,0.1,0.0
2004-01-28,6330.62929153473,1.0067,1.0976,-0.04,0.0
2004-01-29,6100.149006869399,-3.6407,-3.8601,0.04,0.0
2004-01-30,6119.476907710148,0.3168,0.9285,-0.59,0.0
2004-02-02,6090.754335450566,-0.4694,-0.8702,0.38,0.0
2004-02-03,6102.2519089334555,0.1888,0.1254,0.07,0.0
2004-02-04,6128.543042792424,0.4308,0.4509,0.0,0.0
2004-02-05,6086.007808180927,-0.6941,-0.7232,-0.01,0.0
2004-02-06,6161.013963083936,1.2324,1.3816,-0.08,0.0
2004-02-09,6210.6227899046935,0.8052,0.7929,0.05,0.0
2004-02-10,6203.765349646647,-0.1104,-0.0983,-0.02,0.0
2004-02-11,6259.495889191419,0.8983,0.935,0.01,0.0
2004-02-12,6311.94105723982,0.8378,0.8532,0.03,0.0
2004-02-13,6283.901440649078,-0.4442,-0.8219,0.36,0.0
2004-02-17,6345.364771611817,0.9781,1.3892,-0.36,0.0
2004-02-18,6287.618658242504,-0.9101,-0.8894,-0.07,0.0
2004-02-19,6254.47481742063,-0.5271,-0.6064,0.05,0.0
2004-02-20,6072.814336053709,-2.9045,-3.0015,-0.05,0.0
2004-02-23,6094.7267520114765,0.3608,0.3774,0.0,0.0
2004-02-24,6179.806043794833,1.3959,1.3784,0.09,0.0
2004-02-25,6050.034103731808,-2.0999,-2.1508,-0.06,0.0
2004-02-26,6047.743359666997,-0.0379,0.0,-0.04,0.0
2004-02-27,6060.0250085761445,0.2031,0.1516,0.06,0.0
2004-03-01,6099.211819446085,0.6466,0.7316,-0.05,0.0
2004-03-02,6015.735153999606,-1.3686,-1.4525,0.01,0.0
2004-03-03,5996.098613719081,-0.3264,-0.2795,-0.06,0.0
2004-03-04,6013.335753183777,0.2875,0.1274,0.17,0.0
2004-03-05,6130.451845375148,1.9476,2.1379,-0.09,0.0
2004-03-08,6118.994131853411,-0.1869,-0.1744,-0.02,0.0
2004-03-09,6164.659284214639,0.7463,0.8987,-0.11,0.0
2004-03-10,6101.147929933026,-1.0302,-1.0391,-0.04,0.0
2004-03-11,6120.961818895647,0.3248,0.175,0.17,0.0
2004-03-12,6040.863991378884,-1.3086,-1.3476,-0.03,0.0
2004-03-15,6100.278744508164,0.9835,1.0372,0.0,0.0
2004-03-16,6141.129334144645,0.6697,0.7511,-0.05,0.0
2004-03-17,6209.328599008281,1.1105,1.1183,0.05,0.0
2004-03-18,6267.5489584331535,0.9376,1.0322,-0.05,0.0
2004-03-19,6279.913856299936,0.1973,0.3405,-0.13,0.0
2004-03-22,6348.532139133103,1.0927,1.1879,-0.04,0.0
2004-03-23,6347.948954140365,-0.0092,0.575,-0.58,0.0
2004-03-24,6289.834908182364,-0.9155,-0.6193,-0.34,0.0
2004-03-25,6283.058501606117,-0.1077,-0.1198,0.01,0.0
2004-03-26,6338.743721872829,0.8863,1.2959,-0.36,0.0
2004-03-29,6197.747223784908,-2.2244,-1.1846,-1.16,0.0
2004-03-30,6240.149024708889,0.6841,1.1029,-0.38,0.0
2004-03-31,6253.226329685913,0.2096,1.328,-1.09,0.0
2004-04-01,6265.556718870718,0.1972,0.117,0.09,0.0
2004-04-02,6223.423598109188,-0.6725,-1.4493,0.75,0.0
2004-04-05,6118.685120222508,-1.683,-1.4706,-0.3,0.0
2004-04-06,6175.79154866491,0.9333,0.8426,0.14,0.0
2004-04-07,6196.920439755949,0.3421,0.931,-0.57,0.0
2004-04-08,6175.9136029903475,-0.339,-0.6859,0.33,0.0
2004-04-13,6009.789675394735,-2.6899,-3.0722,0.25,0.0
2004-04-14,5913.022834768146,-1.6102,-1.769,0.08,0.0
2004-04-15,5901.4408670228795,-0.1959,-0.5253,0.32,0.0
2004-04-16,5937.734993397093,0.615,0.8298,-0.18,0.0
2004-04-19,5939.968053123671,0.0376,-0.0997,0.14,0.0
2004-04-20,5909.112848275881,-0.5195,-0.7239,0.18,0.0
2004-04-21,5826.119071767044,-1.4045,-1.735,0.26,0.0
2004-04-22,5856.033192266482,0.5134,0.6397,-0.1,0.0
2004-04-23,5903.056449404341,0.803,0.4577,0.39,0.0
2004-04-26,5903.087611637418,0.0005,0.2278,-0.23,0.0
2004-04-27,5947.949237042785,0.76,0.6566,0.14,0.0
2004-04-28,5765.125063954116,-3.0737,-3.3116,0.08,0.0
2004-04-29,5808.6166395699765,0.7544,0.3114,0.48,0.0
2004-04-30,5809.9613077415515,0.0231,0.1035,-0.08,0.0
2004-05-03,5810.956621968005,0.0171,0.0,0.02,0.0
2004-05-04,5933.638246796291,2.1112,1.1369,1.08,0.0
2004-05-05,5936.243714072588,0.0439,0.511,-0.46,0.0
2004-05-06,5862.370813318148,-1.2444,-1.3726,0.06,0.0
2004-05-07,5721.862354167502,-2.3968,-2.3969,-0.13,0.0
2004-05-10,5769.772564889671,0.8373,-0.1056,0.99,0.0
2004-05-11,5773.522926416545,0.065,-0.3701,0.44,0.0
2004-05-12,5798.014251480864,0.4242,0.1327,0.31,0.0
2004-05-13,5741.820821303239,-0.9692,-0.6889,-0.34,0.0
2004-05-14,5800.429341610894,1.0207,0.587,0.49,0.0
2004-05-17,5843.126788737162,0.7361,0.6631,0.11,0.0
2004-05-18,5779.054667762944,-1.0965,-0.975,-0.18,0.0
2004-05-19,5849.332257140029,1.2161,1.8893,-0.6,0.0
2004-05-20,5788.493810715105,-1.0401,-1.1752,0.08,0.0
2004-05-21,5890.848932251419,1.7683,1.6913,0.17,0.0
2004-05-24,5901.480398669507,0.1805,0.2079,-0.02,0.0
2004-05-25,5951.813075221053,0.8529,0.7002,0.2,0.0
2004-05-26,5951.063962942262,-0.0126,0.0,-0.01,0.0
2004-05-27,6050.417300706101,1.6695,1.6997,0.06,0.0
2004-05-28,6037.185250626813,-0.2187,-0.2279,0.0,0.0
2004-06-01,6056.071258438463,0.3128,0.1523,0.18,0.0
2004-06-02,5996.4182397587665,-0.985,-0.9883,-0.05,0.0
2004-06-03,5928.064557892517,-1.1399,-0.6655,-0.54,0.0
2004-06-04,5961.882139331494,0.5705,0.7215,-0.12,0.0
2004-06-07,5988.946363823139,0.454,0.7419,-0.26,0.0
2004-06-08,5947.61698423263,-0.6901,-0.711,-0.02,0.0
2004-06-09,5841.4925557978695,-1.7843,-1.6624,-0.22,0.0
2004-06-10,5881.768679736624,0.6895,0.3641,0.36,0.0
2004-06-14,5880.813627235651,-0.0162,-0.596,0.58,0.0
2004-06-15,5948.028851864964,1.143,1.1731,0.03,0.0
2004-06-16,5904.63612095339,-0.7295,-0.9018,0.13,0.0
2004-06-17,5980.051913344365,1.2772,1.118,0.23,0.0
2004-06-18,6080.767710600537,1.6842,1.5942,0.18,0.0
2004-06-21,6097.608826408673,0.277,-0.2784,0.57,0.0
2004-06-22,6150.295153405728,0.864,0.2538,0.65,0.0
2004-06-23,6083.749324253978,-1.082,0.0,-1.14,0.0
2004-06-24,6229.180085596747,2.3905,2.0506,0.45,0.0
2004-06-25,6217.688542718345,-0.1845,-0.0496,-0.14,0.0
2004-06-28,6197.259868668615,-0.3286,-0.4716,0.13,0.0
2004-06-29,6093.2034566279135,-1.6791,-2.1197,0.36,0.0
2004-06-30,6092.154989559807,-0.0172,0.0255,-0.04,0.0
2004-07-01,6129.329728823412,0.6102,0.866,-0.22,0.0
2004-07-02,6138.215823123532,0.145,0.5808,-0.43,0.0
2004-07-06,6092.407298363948,-0.7463,-1.4311,0.66,0.0
2004-07-07,6214.567202925241,2.0051,2.4707,-0.35,0.0
2004-07-08,6285.463120534847,1.1408,1.3671,-0.17,0.0
2004-07-09,6275.295608664984,-0.1618,-0.0736,-0.1,0.0
2004-07-12,6281.338342321659,0.0963,0.1472,-0.05,0.0
2004-07-13,6213.387669401969,-1.0818,-1.4947,0.36,0.0
2004-07-14,6278.520780528494,1.0483,0.8458,0.25,0.0
2004-07-15,6281.746770775453,0.0514,-0.296,0.35,0.0
2004-07-16,6324.846589626625,0.6861,0.5938,0.13,0.0
2004-07-19,6297.379825000464,-0.4343,-0.2459,-0.21,0.0
2004-07-20,6232.203339965768,-1.035,-0.9122,-0.18,0.0
2004-07-21,6173.737672186703,-0.9381,-1.1943,0.21,0.0
2004-07-22,6158.339526979819,-0.2494,-0.4785,0.22,0.0
2004-07-23,6089.923554077571,-1.1109,-1.1893,0.02,0.0
2004-07-26,6096.243983676327,0.1038,-0.0512,0.16,0.0
2004-07-27,6037.2826285211,-0.9672,-0.8455,-0.17,0.0
2004-07-28,6086.4427910701625,0.8143,0.5168,0.34,0.0
2004-07-29,6062.16738273126,-0.3988,-0.5141,0.1,0.0
2004-07-30,6114.181936186373,0.858,1.0336,-0.13,0.0
2004-08-02,6121.820663327296,0.1249,0.179,-0.05,0.0
2004-08-03,6153.724957915207,0.5212,0.5872,-0.04,0.0
2004-08-04,6138.835399532698,-0.242,-0.4568,0.2,0.0
2004-08-05,6135.909339708183,-0.0477,0.0255,-0.08,0.0
2004-08-06,6237.068595735012,1.6486,1.9118,-0.18,0.0
2004-08-09,6264.733955817094,0.4436,0.2251,0.24,0.0
2004-08-10,6245.568626502293,-0.3059,-0.1747,-0.15,0.0
2004-08-11,6176.010712831127,-1.1137,-1.125,-0.05,0.0
2004-08-12,6155.519762942626,-0.3318,-0.3034,-0.05,0.0
2004-08-13,6228.833685714136,1.191,1.1666,0.08,0.0
2004-08-16,6288.673908322257,0.9607,1.0028,0.01,0.0
2004-08-17,6312.0103514219945,0.3711,0.3723,0.02,0.0
2004-08-18,6312.733140322182,0.0115,-0.0247,0.04,0.0
2004-08-19,6356.076476526841,0.6866,0.6926,0.03,0.0
2004-08-20,6438.717254571461,1.3002,1.4984,-0.13,0.0
2004-08-23,6390.817955012552,-0.7439,-0.6534,-0.13,0.0
2004-08-24,6286.6625099795965,-1.6298,-1.827,0.12,0.0
2004-08-25,6364.69843652924,1.2413,1.2159,0.09,0.0
2004-08-26,6360.931867053688,-0.0592,-0.1226,0.06,0.0
2004-08-27,6294.230608325227,-1.0486,-1.0064,-0.1,0.0
2004-08-30,6361.113917410053,1.0626,1.1158,0.0,0.0
2004-08-31,6405.695051577581,0.7008,0.6376,0.1,0.0
2004-09-01,6378.210996919189,-0.4291,-0.3899,-0.06,0.0
2004-09-02,6336.971473635591,-0.6466,-0.6849,0.01,0.0
2004-09-03,6252.74320146146,-1.3292,-1.3547,-0.04,0.0
2004-09-07,6213.821865242147,-0.6225,-0.774,0.12,0.0
2004-09-08,6238.191235886886,0.3922,0.5033,-0.09,0.0
2004-09-09,6222.504442648425,-0.2515,-0.2253,-0.04,0.0
2004-09-10,6260.242601933099,0.6065,0.8532,-0.21,0.0
2004-09-13,6293.1293375836185,0.5253,0.5474,0.0,0.0
2004-09-14,6269.379912561335,-0.3774,0.3959,-0.79,0.0
2004-09-15,6257.2571503293375,-0.1934,-0.1725,-0.03,0.0
2004-09-16,6268.19800021426,0.1749,-0.0741,0.26,0.0
2004-09-17,6273.851531308861,0.0902,0.2718,-0.18,0.0
2004-09-20,6274.570007191768,0.0115,-0.1232,0.14,0.0
2004-09-21,6308.423072609511,0.5395,0.7402,-0.17,0.0
2004-09-22,6284.250063555758,-0.3832,-0.2694,-0.13,0.0
2004-09-23,6343.645690100659,0.9452,0.9086,0.08,0.0
2004-09-24,6315.714238367041,-0.4403,-0.6814,0.22,0.0
2004-09-27,6324.273061868921,0.1355,0.245,-0.1,0.0
2004-09-28,6392.775179798756,1.0832,0.8311,0.3,0.0
2004-09-29,6387.67857328437,-0.0797,0.1212,-0.2,0.0
2004-09-30,6466.581917460689,1.2352,1.3801,-0.08,0.0
2004-10-01,6498.460326591137,0.493,0.1911,0.33,0.0
2004-10-04,6389.507611683573,-1.6766,-1.3111,-0.45,0.0
2004-10-05,6453.436517978309,1.0005,1.0145,0.03,0.0
2004-10-06,6453.958037019734,0.0081,0.0478,-0.04,0.0
2004-10-07,6448.074801623135,-0.0912,-0.0956,0.0,0.0
2004-10-08,6509.21209505847,0.9481,1.2201,-0.22,0.0
2004-10-11,6492.933333282836,-0.2501,-0.26,0.0,0.0
2004-10-12,6408.756919745429,-1.2964,-1.6351,0.28,0.0
2004-10-13,6379.998795160299,-0.4487,-0.4577,-0.01,0.0
2004-10-14,6456.266728786858,1.1954,1.1859,0.07,0.0
2004-10-15,6458.908964746258,0.0409,0.1435,-0.1,0.0
2004-10-18,6421.867493520562,-0.5735,-0.5971,-0.0,0.0
2004-10-19,6472.444719220654,0.7876,0.9851,-0.16,0.0
2004-10-20,6520.664753586493,0.745,0.7614,0.02,0.0
2004-10-21,6528.972474422983,0.1274,0.2125,-0.08,0.0
2004-10-22,6526.3110381586075,-0.0408,0.0471,-0.09,0.0
2004-10-25,6574.00503315402,0.7308,1.0363,-0.27,0.0
2004-10-26,6553.219695216334,-0.3162,-0.5128,0.18,0.0
2004-10-27,6522.551350767551,-0.468,-0.4686,-0.02,0.0
2004-10-29,6542.17068447448,0.3008,0.871,-0.55,0.0
2004-11-01,6526.475522751629,-0.2399,-0.28,0.03,0.0
2004-11-02,6429.28432907533,-1.4892,-1.7084,0.15,0.0
2004-11-03,6474.846175419197,0.7087,1.0952,-0.35,0.0
2004-11-04,6532.706407885287,0.8936,1.2953,-0.35,0.0
2004-11-05,6566.13958022122,0.5118,0.8138,-0.28,0.0
2004-11-08,6574.27910146184,0.124,-0.2076,0.34,0.0
2004-11-09,6614.417767773642,0.6105,0.6933,-0.05,0.0
2004-11-10,6587.1289138638185,-0.4126,-0.3902,-0.04,0.0
2004-11-11,6602.404197466588,0.2319,0.2074,0.04,0.0
2004-11-12,6639.684019680358,0.5646,0.6898,-0.1,0.0
2004-11-15,6618.505651564848,-0.319,-0.2055,-0.13,0.0
2004-11-16,6667.321776666755,0.7376,0.7323,0.04,0.0
2004-11-17,6714.695389423119,0.7105,1.045,-0.3,0.0
2004-11-18,6696.344659613881,-0.2733,-0.4946,0.21,0.0
2004-11-19,6755.604944083337,0.885,0.9489,-0.02,0.0
2004-11-22,6781.760861437947,0.3872,0.4476,-0.04,0.0
2004-11-23,6772.357395528828,-0.1387,-0.2228,0.08,0.0
2004-11-24,6795.049082356873,0.3351,0.335,0.02,0.0
2004-11-29,6822.48014373512,0.4037,0.9793,-0.55,0.0
2004-11-30,6747.2045923104,-1.1033,-0.529,-0.63,0.0
2004-12-01,6756.000061785746,0.1304,0.5983,-0.46,0.0
2004-12-02,6664.116553698659,-1.36,-0.793,-0.64,0.0
2004-12-03,6749.401679840718,1.2798,1.2433,0.1,0.0
2004-12-06,6668.306720970411,-1.2015,-0.3947,-0.87,0.0
2004-12-07,6634.69925271391,-0.504,-0.4844,-0.04,0.0
2004-12-08,6451.737993278895,-2.7576,-3.2743,0.4,0.0
2004-12-09,6472.250792027486,0.3179,-0.3202,0.66,0.0
2004-12-10,6517.463929752288,0.6986,-0.436,1.17,0.0
2004-12-13,6513.334572496368,-0.0634,1.1523,-1.2,0.0
2004-12-14,6465.1187563125995,-0.7403,-0.6835,-0.09,0.0
2004-12-15,6525.918033699013,0.9404,1.1241,-0.14,0.0
2004-12-16,6436.560243494745,-1.3693,-0.8848,-0.56,0.0
2004-12-17,6532.816545331706,1.4955,1.0758,0.49,0.0
2004-12-20,6525.759188625103,-0.108,0.1812,-0.29,0.0
2004-12-21,6500.128648318153,-0.3928,-0.1356,-0.28,0.0
2004-12-22,6496.064966081496,-0.0625,-0.3395,0.27,0.0
2004-12-23,6493.149471483056,-0.0449,0.3634,-0.41,0.0
2004-12-27,6542.547517304087,0.7608,0.7468,0.05,0.0
2004-12-28,6532.356147048021,-0.1558,-0.2022,0.04,0.0
2004-12-29,6401.911189343141,-1.9969,-1.8681,-0.23,0.0
2004-12-30,6440.768130345647,0.607,0.344,0.29,0.0
2005-01-03,6284.033914824731,-2.4335,-2.0114,-0.55,0.0
2005-01-04,6291.574576443469,0.12,-0.0467,0.17,0.0
2005-01-05,6278.448716536248,-0.2086,-0.4434,0.23,0.0
2005-01-06,6232.318751076531,-0.7347,-1.3127,0.55,0.0
2005-01-07,6203.266461742962,-0.4662,-0.4988,0.01,0.0
2005-01-10,6200.829893849003,-0.0393,0.0477,-0.09,0.0
2005-01-11,6204.443085524786,0.0583,0.6681,-0.6,0.0
2005-01-12,6263.495623157139,0.9518,0.9955,0.0,0.0
2005-01-13,6246.83533693553,-0.266,-0.3755,0.1,0.0
2005-01-14,6213.193338990381,-0.5385,-0.424,-0.14,0.0
2005-01-18,6243.182169965927,0.4827,0.1183,0.39,0.0
2005-01-19,6218.613723096769,-0.3935,-0.0473,-0.37,0.0
2005-01-20,6231.947164243473,0.2144,-0.1418,0.37,0.0
2005-01-21,6267.777580215972,0.5749,1.018,-0.41,0.0
2005-01-24,6281.417691155665,0.2176,0.0469,0.18,0.0
2005-01-25,6223.616292574119,-0.9202,-1.1478,0.18,0.0
2005-01-26,6292.397533518973,1.1052,1.1611,0.0,0.0
2005-01-27,6286.716477854038,-0.0903,-0.1405,0.05,0.0
2005-01-28,6269.153677437873,-0.2794,-0.1173,-0.18,0.0
2005-01-31,6220.8087201374265,-0.7712,-0.9394,0.13,0.0
2005-02-01,6198.65411470851,-0.3561,-0.2371,-0.14,0.0
2005-02-02,6154.120909453403,-0.7184,0.0713,-0.83,0.0
2005-02-03,6099.598098748259,-0.886,-1.0686,0.14,0.0
2005-02-04,6061.938883548576,-0.6174,-0.6241,-0.03,0.0
2005-02-07,6065.813016891941,0.0639,-0.0966,0.16,0.0
2005-02-08,6086.362250399794,0.3388,-0.2418,0.6,0.0
2005-02-09,6093.224390061704,0.1127,0.0727,0.05,0.0
2005-02-10,6153.556120075285,0.9901,1.0414,0.0,0.0
2005-02-11,6205.264722081572,0.8403,0.791,0.09,0.0
2005-02-14,6282.432778115757,1.2436,1.2604,0.05,0.0
2005-02-15,6289.315172855539,0.1095,0.0235,0.09,0.0
2005-02-16,6270.009722473487,-0.307,-0.0939,-0.23,0.0
2005-02-17,6292.516922894102,0.359,0.423,-0.05,0.0
2005-02-18,6293.832179054238,0.0209,-0.0468,0.07,0.0
2005-02-22,6387.903546415439,1.4947,1.7326,-0.16,0.0
2005-02-23,6404.693576980094,0.2628,0.0921,0.18,0.0
2005-02-24,6390.696975261824,-0.2185,-0.092,-0.14,0.0
2005-02-25,6394.766228627656,0.0637,0.0921,-0.03,0.0
2005-02-28,6413.119295076608,0.287,0.3679,-0.07,0.0
2005-03-01,6373.835892880669,-0.6125,-0.8247,0.18,0.0
2005-03-02,6372.43274973074,-0.022,-0.0231,0.0,0.0
2005-03-03,6323.451547632642,-0.7686,-0.6701,-0.14,0.0
2005-03-04,6381.885483902446,0.9241,1.0002,-0.03,0.0
2005-03-07,6395.608083252883,0.215,0.1842,0.04,0.0
2005-03-08,6466.337573881311,1.1059,1.2184,-0.06,0.0
2005-03-09,6494.389401675214,0.4338,0.4088,0.05,0.0
2005-03-10,6492.807712634958,-0.0244,0.1583,-0.18,0.0
2005-03-11,6527.30448564158,0.5313,0.7678,-0.21,0.0
2005-03-14,6463.359705955816,-0.9797,-1.143,0.12,0.0
2005-03-15,6463.400110209829,0.0006,-0.0453,0.05,0.0
2005-03-16,6512.52759113925,0.7601,0.6351,0.16,0.0
2005-03-17,6442.519393931443,-1.075,-1.1269,0.0,0.0
2005-03-18,6450.920035759479,0.1304,0.1368,0.0,0.0
2005-03-21,6336.106848716351,-1.7798,-1.8666,0.0,0.0
2005-03-22,6352.773843867938,0.263,0.0464,0.23,0.0
2005-03-23,6268.534881308731,-1.326,-1.4143,0.02,0.0
2005-03-24,6258.785433632398,-0.1555,-0.1176,-0.05,0.0
2005-03-28,6276.9914586632885,0.2909,0.2825,0.02,0.0
2005-03-29,6278.394923408753,0.0224,0.0235,0.0,0.0
2005-03-31,6310.772997896171,0.5157,0.6338,-0.09,0.0
2005-04-01,6255.08269147109,-0.8825,-0.6531,-0.28,0.0
2005-04-04,6248.923876863248,-0.0985,-0.4696,0.37,0.0
2005-04-05,6257.344237058722,0.1347,0.1415,0.0,0.0
2005-04-06,6297.951483576491,0.649,0.6125,0.07,0.0
2005-04-07,6281.2977782078715,-0.2644,-0.1405,-0.14,0.0
2005-04-08,6291.162425601609,0.157,0.0938,0.07,0.0
2005-04-11,6313.780035654802,0.3595,0.3982,-0.02,0.0
2005-04-12,6296.72442313864,-0.2701,-0.2333,-0.05,0.0
2005-04-13,6328.846785027034,0.5101,0.3976,0.14,0.0
2005-04-14,6243.510972407396,-1.3484,-1.2346,-0.18,0.0
2005-04-15,6269.51491770078,0.4165,0.2123,0.22,0.0
2005-04-18,6295.321923057128,0.4116,0.6119,-0.18,0.0
2005-04-19,6379.403239348958,1.3356,1.2632,0.14,0.0
2005-04-20,6399.1124037731,0.3089,0.5544,-0.23,0.0
2005-04-21,6380.807668635721,-0.2861,-0.5284,0.23,0.0
2005-04-22,6389.289865361468,0.1329,0.3002,-0.16,0.0
2005-04-25,6396.291005995877,0.1096,0.0691,0.05,0.0
2005-04-26,6441.172943892808,0.7017,0.7593,-0.02,0.0
2005-04-27,6366.886618176951,-1.1533,-1.119,-0.09,0.0
2005-04-29,6366.937953809098,0.0008,0.4619,-0.46,0.0
2005-05-02,6306.799877827254,-0.9445,-1.2644,0.28,0.0
2005-05-03,6270.384273981309,-0.5774,-0.6519,0.05,0.0
2005-05-04,6294.289905392889,0.3812,0.539,-0.14,0.0
2005-05-05,6290.267595287495,-0.0639,0.1865,-0.25,0.0
2005-05-06,6249.659490125255,-0.6456,-0.8609,0.18,0.0
2005-05-09,6252.425915082479,0.0443,0.0235,0.02,0.0
2005-05-10,6255.404629716614,0.0476,0.2346,-0.18,0.0
2005-05-11,6236.176008832536,-0.3074,0.0,-0.32,0.0
2005-05-12,6161.0718959466385,-1.2043,-1.3109,0.05,0.0
2005-05-13,6163.224772440237,0.0349,-0.3321,0.37,0.0
2005-05-16,6145.085078623977,-0.2943,-0.3094,0.0,0.0
2005-05-17,6154.758135592788,0.1574,0.1194,0.05,0.0
2005-05-18,6178.653672483988,0.3882,0.5007,-0.09,0.0
2005-05-19,6164.706688682128,-0.2257,-0.2372,0.0,0.0
2005-05-20,6114.224194937979,-0.8189,-0.7372,-0.12,0.0
2005-05-23,6115.670745156414,0.0237,-0.1917,0.22,0.0
2005-05-24,6136.2884591392185,0.3371,0.216,0.14,0.0
2005-05-25,6151.7681566574765,0.2523,0.3114,-0.05,0.0
2005-05-26,6145.965888083335,-0.0943,-0.191,0.09,0.0
2005-05-27,6171.139733147119,0.4096,0.4306,0.0,0.0
2005-05-31,6138.251329552281,-0.5329,-0.8337,0.28,0.0
2005-06-01,6137.579685008628,-0.0109,-0.2402,0.23,0.0
2005-06-02,6238.878536480391,1.6505,1.7819,-0.05,0.0
2005-06-03,6233.857319466202,-0.0805,0.2366,-0.32,0.0
2005-06-06,6267.585704257143,0.5411,0.6608,-0.09,0.0
2005-06-07,6238.335966942717,-0.4667,-0.3986,-0.09,0.0
2005-06-08,6228.745559946742,-0.1537,-0.0235,-0.14,0.0
2005-06-09,6227.221097995682,-0.0245,-0.1177,0.09,0.0
2005-06-10,6273.307909530658,0.7401,0.7544,0.02,0.0
2005-06-13,6309.523642529534,0.5773,0.4445,0.16,0.0
2005-06-14,6289.82454796916,-0.3122,-0.4193,0.09,0.0
2005-06-15,6301.205737458142,0.1809,0.3743,-0.18,0.0
2005-06-16,6397.698436216246,1.5313,1.6546,-0.05,0.0
2005-06-17,6428.463743562039,0.4809,0.4814,0.02,0.0
2005-06-20,6428.4522751251625,-0.0002,0.0228,-0.02,0.0
2005-06-21,6435.441842142096,0.1087,0.1141,0.0,0.0
2005-06-22,6415.807373070419,-0.3051,-0.1823,-0.14,0.0
2005-06-23,6474.583673402511,0.9161,0.8217,0.14,0.0
2005-06-24,6459.225083789485,-0.2372,-0.2717,0.02,0.0
2005-06-27,6446.518772407397,-0.1967,-0.0454,-0.16,0.0
2005-06-28,6400.49400705743,-0.7139,-0.8858,0.14,0.0
2005-06-30,6390.701475931277,-0.153,-0.1146,-0.05,0.0
2005-07-01,6283.024247751585,-1.6849,-1.8582,0.09,0.0
2005-07-05,6214.49506791746,-1.0907,-1.1454,0.0,0.0
2005-07-06,6222.886491873905,0.135,0.1419,0.0,0.0
2005-07-07,6228.255035470538,0.0863,-0.0472,0.14,0.0
2005-07-08,6219.933808551911,-0.1336,-0.0945,-0.05,0.0
2005-07-11,6245.385442295277,0.4092,0.6148,-0.18,0.0
2005-07-12,6256.563434723786,0.179,0.188,0.0,0.0
2005-07-13,6216.487213542441,-0.6405,-0.563,-0.11,0.0
2005-07-14,6157.5502746327875,-0.9481,-1.0144,0.02,0.0
2005-07-15,6179.669504779034,0.3592,0.2622,0.12,0.0
2005-07-18,6174.710690715143,-0.0802,-0.0475,-0.04,0.0
2005-07-19,6172.440311660559,-0.0368,-0.1902,0.15,0.0
2005-07-20,6190.933770195343,0.2996,0.4765,-0.16,0.0
2005-07-21,6181.0743927689255,-0.1593,0.8774,-1.04,0.0
2005-07-22,6232.842237824008,0.8375,-0.1645,1.05,0.0
2005-07-25,6248.180153608943,0.2461,0.2355,0.02,0.0
2005-07-26,6209.236475136456,-0.6233,-0.5403,-0.12,0.0
2005-07-27,6217.82230098118,0.1383,0.307,-0.16,0.0
2005-07-28,6251.303017599241,0.5385,0.6122,-0.05,0.0
2005-07-29,6291.661414129363,0.6456,0.6085,0.07,0.0
2005-08-01,6323.702218897698,0.5093,0.4652,0.07,0.0
2005-08-02,6326.47946184015,0.0439,0.0,0.05,0.0
2005-08-03,6392.032172787946,1.0362,1.1577,-0.07,0.0
2005-08-04,6408.932476198421,0.2644,0.2289,0.05,0.0
2005-08-05,6403.243599431628,-0.0888,-0.1598,0.07,0.0
2005-08-08,6372.5371299195585,-0.4795,-0.5718,0.07,0.0
2005-08-09,6365.552385314781,-0.1096,-0.115,0.0,0.0
2005-08-10,6397.682039970766,0.5047,0.5297,0.0,0.0
2005-08-11,6530.568907036186,2.0771,2.0619,0.12,0.0
2005-08-12,6545.33797376378,0.2262,0.0898,0.15,0.0
2005-08-15,6475.886290290204,-1.0611,-0.8298,-0.28,0.0
2005-08-16,6531.789221645489,0.8632,0.882,0.02,0.0
2005-08-17,6446.5922908999755,-1.3043,-1.3898,0.02,0.0
2005-08-18,6446.6555210828365,0.001,-0.0909,0.09,0.0
2005-08-19,6417.300217462434,-0.4554,-0.5233,0.05,0.0
2005-08-22,6434.118324807281,0.2621,0.2059,0.07,0.0
2005-08-23,6456.5587598097345,0.3488,0.2967,0.07,0.0
2005-08-24,6444.00623730003,-0.1944,-0.4779,0.28,0.0
2005-08-25,6459.461175671233,0.2398,0.2515,0.0,0.0
2005-08-26,6431.348261921422,-0.4352,-0.2281,-0.23,0.0
2005-08-29,6434.171374063721,0.0439,-0.0914,0.14,0.0
2005-08-30,6351.647922931455,-1.2826,-1.3272,-0.02,0.0
2005-08-31,6433.883088577456,1.2947,0.603,0.75,0.0
2005-09-01,6542.696204288119,1.6913,1.9594,-0.18,0.0
2005-09-02,6555.2317892746005,0.1916,0.4296,-0.23,0.0
2005-09-06,6559.477017986883,0.0648,0.045,0.02,0.0
2005-09-07,6567.949779533249,0.1292,0.1125,0.02,0.0
2005-09-08,6587.564418517442,0.2986,0.4046,-0.09,0.0
2005-09-09,6617.050893426273,0.4476,0.5149,-0.05,0.0
2005-09-12,6631.237303280517,0.2144,0.1559,0.07,0.0
2005-09-13,6586.290637500795,-0.6778,-0.8005,0.09,0.0
2005-09-14,6636.983081588834,0.7697,0.8294,-0.02,0.0
2005-09-15,6714.358400977729,1.1658,1.2672,-0.05,0.0
2005-09-16,6773.641185002244,0.8829,0.8782,0.05,0.0
2005-09-19,6876.578966864638,1.5197,1.5669,0.02,0.0
2005-09-20,6871.031750861713,-0.0807,-0.1071,0.02,0.0
2005-09-22,6878.169516505876,0.1039,0.0858,0.02,0.0
2005-09-23,6834.465347229452,-0.6354,-0.6644,0.0,0.0
2005-09-26,6868.3006804552115,0.4951,0.5178,0.0,0.0
2005-09-27,6829.21406716798,-0.5691,-0.7083,0.11,0.0
2005-09-28,6944.5257083959605,1.6885,1.5348,0.23,0.0
2005-09-29,6970.782351796074,0.3781,0.5323,-0.14,0.0
2005-09-30,6924.068076945502,-0.6701,-0.6777,-0.02,0.0
2005-10-03,6902.590354465527,-0.3102,-0.6183,0.3,0.0
2005-10-04,6899.5931954687185,-0.0434,0.0,-0.05,0.0
2005-10-05,6923.569895793552,0.3475,0.0,0.36,0.0
2005-10-06,6996.887952341673,1.059,1.2444,-0.14,0.0
2005-10-07,7067.147945952462,1.0042,0.5933,0.45,0.0
2005-10-10,7135.476802653182,0.9669,0.0843,0.92,0.0
2005-10-11,7181.124813928479,0.6397,0.421,0.25,0.0
2005-10-12,7118.211688995668,-0.8761,-0.6707,-0.25,0.0
2005-10-13,7096.102294171284,-0.3106,-0.5908,0.27,0.0
2005-10-14,7046.065593470947,-0.7051,-0.4033,-0.33,0.0
2005-10-17,7130.235158286307,1.1946,1.0443,0.2,0.0
2005-10-18,7133.296089150901,0.0429,-0.4219,0.47,0.0
2005-10-19,7019.2486603515645,-1.5988,-1.8216,0.16,0.0
2005-10-20,6987.453022199713,-0.453,-0.5394,0.07,0.0
2005-10-21,7057.975538494384,1.0093,1.3015,-0.24,0.0
2005-10-24,7035.013630373802,-0.3253,-0.4283,0.09,0.0
2005-10-25,7125.186931805046,1.2818,1.6774,-0.33,0.0
2005-10-26,7108.149533489556,-0.2391,-0.3384,0.09,0.0
2005-10-27,7153.332340753681,0.6356,0.5518,0.11,0.0
2005-10-28,7144.801776676324,-0.1193,-0.1688,0.04,0.0
2005-10-31,7034.96702966358,-1.5373,-1.6702,0.07,0.0
2005-11-01,6937.838008804023,-1.3807,-1.3546,-0.09,0.0
2005-11-02,7021.00393884814,1.1987,0.8718,0.38,0.0
2005-11-03,6986.2316546071515,-0.4953,-0.5834,0.07,0.0
2005-11-04,6966.217891452675,-0.2865,-0.8259,0.53,0.0
2005-11-07,7055.837587312446,1.2865,0.5917,0.75,0.0
2005-11-08,7074.912239320118,0.2703,0.4139,-0.13,0.0
2005-11-09,7148.291537828951,1.0372,1.1716,-0.09,0.0
2005-11-10,7154.197642738609,0.0826,0.0643,0.02,0.0
2005-11-11,7147.55195732104,-0.0929,0.3643,-0.46,0.0
2005-11-14,7171.680444859099,0.3376,-0.0213,0.37,0.0
2005-11-15,7156.667873684217,-0.2093,-0.0214,-0.2,0.0
2005-11-16,7327.604548379637,2.3885,2.179,0.31,0.0
2005-11-17,7434.299439090768,1.4561,1.6517,-0.13,0.0
2005-11-18,7434.86284482906,0.0076,-0.1234,0.13,0.0
2005-11-21,7478.529723466659,0.5873,0.7002,-0.09,0.0
2005-11-22,7544.048131556757,0.8761,0.7362,0.18,0.0
2005-11-23,7527.202221288793,-0.2233,-0.1015,-0.13,0.0
2005-11-28,7645.4928480596,1.5715,1.2599,0.37,0.0
2005-11-29,7649.2629121346245,0.0493,0.1605,-0.11,0.0
2005-11-30,7592.541540915689,-0.7415,-0.9016,0.13,0.0
2005-12-01,7717.099337156456,1.6405,1.5972,0.11,0.0
2005-12-02,7761.270514354887,0.5724,0.1592,0.44,0.0
2005-12-05,7865.559043819885,1.3437,1.1127,0.28,0.0
2005-12-06,7865.201349698868,-0.0045,0.2555,-0.26,0.0
2005-12-07,7932.609628513668,0.857,0.8036,0.09,0.0
2005-12-08,8008.4828027503945,0.9565,0.9722,0.02,0.0
2005-12-09,8112.616046957826,1.3003,1.4828,-0.13,0.0
2005-12-12,8107.888063499491,-0.0583,0.2657,-0.33,0.0
2005-12-13,8008.592357289332,-1.2247,-1.4005,0.13,0.0
2005-12-14,7722.402921674152,-3.5735,-2.7831,-0.96,0.0
2005-12-15,7625.97885739911,-1.2486,-0.5133,-0.79,0.0
2005-12-16,7642.339187397627,0.2145,-0.0992,0.32,0.0
2005-12-19,7631.331734891921,-0.144,0.0397,-0.19,0.0
2005-12-20,7478.048764168922,-2.0086,-1.7871,-0.31,0.0
2005-12-21,7448.487870413844,-0.3953,-0.3235,-0.09,0.0
2005-12-22,7608.532855032208,2.1487,1.9675,0.27,0.0
2005-12-23,7593.487624377613,-0.1977,0.0597,-0.27,0.0
2005-12-27,7662.7215362180405,0.9118,0.994,-0.04,0.0
2005-12-28,7742.662332194973,1.0432,1.2205,-0.13,0.0
2005-12-29,7779.295855906084,0.4731,0.2917,0.2,0.0
2005-12-30,7776.324700861693,-0.0382,0.2715,-0.31,0.0
2006-01-03,7954.187751063708,2.2872,2.6301,-0.24,0.0
2006-01-04,7969.443391822036,0.1918,0.603,-0.4,0.0
2006-01-05,7858.576845380056,-1.3911,-1.4235,-0.02,0.0
2006-01-06,7985.088184532137,1.6099,2.5461,-0.85,0.0
2006-01-09,8113.6428369114465,1.6099,1.7417,-0.07,0.0
2006-01-10,8031.340082884734,-1.0144,-0.8742,-0.18,0.0
2006-01-11,8049.383335953959,0.2247,0.8267,-0.59,0.0
2006-01-12,8045.848766424228,-0.0439,-0.0911,0.05,0.0
2006-01-13,8179.282316898105,1.6584,1.4226,0.3,0.0
2006-01-17,8164.157249606082,-0.1849,-0.4855,0.29,0.0
2006-01-18,8042.046405845529,-1.4957,-1.7528,0.2,0.0
2006-01-19,8228.028997675476,2.3126,2.7037,-0.29,0.0
2006-01-20,8156.680387922252,-0.8671,-0.8775,-0.02,0.0
2006-01-23,8210.453901218994,0.6593,0.8672,-0.18,0.0
2006-01-24,8219.883137912244,0.1148,-0.1075,0.23,0.0
2006-01-25,8256.675227774449,0.4476,0.8069,-0.34,0.0
2006-01-26,8215.895148914171,-0.4939,-0.4447,-0.07,0.0
2006-01-27,8191.872555684609,-0.2924,-0.1787,-0.13,0.0
2006-01-30,8307.624775877044,1.413,1.2708,0.19,0.0
2006-01-31,8356.36675457199,0.5867,0.8837,-0.27,0.0
2006-02-01,8369.559412533785,0.1579,-0.2453,0.41,0.0
2006-02-02,8428.217053593144,0.7008,0.5444,0.18,0.0
2006-02-03,8341.21533432326,-1.0323,-0.8908,-0.18,0.0
2006-02-06,8391.89582869963,0.6076,0.4935,0.14,0.0
2006-02-07,8130.051415557618,-3.1202,-3.3672,0.14,0.0
2006-02-08,8103.112297741862,-0.3314,-0.1633,-0.18,0.0
2006-02-09,8301.930678584682,2.4536,2.6177,-0.07,0.0
2006-02-10,8088.610884898713,-2.5695,-2.5332,-0.14,0.0
2006-02-13,7950.859492484361,-1.703,-2.0356,0.27,0.0
2006-02-14,8048.802196170268,1.2319,1.2802,0.0,0.0
2006-02-15,7962.5307302106885,-1.0719,-1.1357,0.02,0.0
2006-02-16,8066.020195940287,1.2997,1.1673,0.18,0.0
2006-02-17,8161.289311697534,1.1811,1.0623,0.16,0.0
2006-02-21,8192.632312438915,0.384,0.3806,0.02,0.0
2006-02-22,8221.125542907452,0.3478,0.0,0.36,0.0
2006-02-23,8138.945643858087,-0.9996,-0.993,-0.04,0.0
2006-02-24,8257.063343658192,1.4513,1.8964,-0.38,0.0
2006-02-27,8220.082131423715,-0.4479,-0.7337,0.27,0.0
2006-02-28,8289.711421440588,0.8471,1.2439,-0.36,0.0
2006-03-01,8322.177347286894,0.3916,0.3383,0.07,0.0
2006-03-02,8370.820554827438,0.5845,0.8341,-0.23,0.0
2006-03-03,8339.571164894463,-0.3733,-0.3872,0.0,0.0
2006-03-06,8194.393261312158,-1.7408,-1.9611,0.16,0.0
2006-03-07,8154.20964239633,-0.4904,-0.3965,-0.11,0.0
2006-03-08,8040.656382546182,-1.3926,-1.8455,0.41,0.0
2006-03-09,8097.492083070983,0.7069,0.553,0.18,0.0
2006-03-10,8016.2297836132675,-1.0035,-1.0266,-0.02,0.0
2006-03-13,8093.77805807925,0.9674,1.1484,-0.14,0.0
2006-03-14,8164.831490167508,0.8779,1.0255,-0.11,0.0
2006-03-15,8142.110398950684,-0.2783,0.2538,-0.54,0.0
2006-03-16,8205.104003348937,0.7737,0.235,0.57,0.0
2006-03-17,8174.994915480163,-0.367,-0.0541,-0.33,0.0
2006-03-20,8218.296294748534,0.5297,0.1985,0.35,0.0
2006-03-21,8167.706418922371,-0.6156,-0.5043,-0.14,0.0
2006-03-22,8164.054503381003,-0.0447,-0.2715,0.23,0.0
2006-03-23,8165.367621460186,0.0161,-0.1452,0.16,0.0
2006-03-24,8306.018444938622,1.7225,1.7997,-0.01,0.0
2006-03-27,8428.333916755264,1.4726,1.25,0.27,0.0
2006-03-28,8423.14549015355,-0.0616,-0.0706,0.01,0.0
2006-03-29,8512.690227528843,1.0631,1.1295,-0.03,0.0
2006-03-30,8686.413749444502,2.0408,2.3909,-0.27,0.0
2006-03-31,8629.091512345814,-0.6599,-0.8352,0.15,0.0
2006-04-03,8738.462373666327,1.2675,1.3063,0.01,0.0
2006-04-04,8702.783965095556,-0.4083,-0.5769,0.15,0.0
2006-04-05,8722.468820309112,0.2262,0.3242,-0.09,0.0
2006-04-06,8804.087232979453,0.9357,1.2417,-0.27,0.0
2006-04-07,8727.550777863027,-0.8693,-1.1425,0.25,0.0
2006-04-10,8880.646814178936,1.7542,1.5636,0.25,0.0
2006-04-11,8861.496148396816,-0.2156,-0.4016,0.18,0.0
2006-04-12,8956.051833569014,1.067,0.3864,0.72,0.0
2006-04-13,8937.729048535393,-0.2046,-0.1674,-0.04,0.0
2006-04-17,9209.039890750022,3.0356,3.1685,-0.03,0.0
2006-04-18,9279.420498884709,0.7643,0.7475,0.04,0.0
2006-04-19,9472.684081744763,2.0827,2.0323,0.12,0.0
2006-04-20,9287.08457367279,-1.9593,-2.0234,0.0,0.0
2006-04-21,9446.762390744056,1.7194,2.0006,-0.22,0.0
2006-04-24,9244.213640670512,-2.1441,-1.8349,-0.39,0.0
2006-04-25,9392.680826091624,1.6061,1.6758,-0.02,0.0
2006-04-26,9546.15420864497,1.634,1.2361,0.45,0.0
2006-04-27,9421.751240199803,-1.3032,-0.861,-0.49,0.0
2006-04-28,9709.382187990264,3.0528,2.9212,0.23,0.0
2006-05-01,9761.860850517814,0.5405,0.8745,-0.31,0.0
2006-05-02,9874.022228928943,1.149,1.0951,0.09,0.0
2006-05-03,9891.30663292189,0.175,0.1805,0.0,0.0
2006-05-04,10030.364150810874,1.4059,1.2464,0.2,0.0
2006-05-05,10119.504190459329,0.8887,1.1866,-0.27,0.0
2006-05-08,10053.991131528126,-0.6474,-0.645,-0.02,0.0
2006-05-09,10367.303817580017,3.1163,3.1868,0.02,0.0
2006-05-10,10438.248694468539,0.6843,0.6148,0.09,0.0
2006-05-11,10672.28454457387,2.2421,2.2879,0.02,0.0
2006-05-12,10536.532060615593,-1.272,-1.3198,0.01,0.0
2006-05-15,10244.711188881594,-2.7696,-3.759,0.94,0.0
2006-05-16,10303.389252463008,0.5728,1.1557,-0.56,0.0
2006-05-17,10206.782998697896,-0.9376,-0.1446,-0.82,0.0
2006-05-18,10219.732483028865,0.1269,-1.5786,1.74,0.0
2006-05-19,9863.30504620504,-3.4876,-3.3696,-0.23,0.0
2006-05-22,9866.618098124476,0.0336,0.0457,-0.01,0.0
2006-05-23,10119.068824679394,2.5586,2.4353,0.2,0.0
2006-05-24,9655.268762164056,-4.5834,-5.3492,0.66,0.0
2006-05-25,9841.248210136471,1.9262,1.7896,0.19,0.0
2006-05-26,9875.106117414973,0.344,0.3856,-0.03,0.0
2006-05-30,9987.563882626298,1.1388,0.4609,0.71,0.0
2006-05-31,9835.19697203282,-1.5256,-1.7434,0.17,0.0
2006-06-01,9605.99778278147,-2.3304,-2.3191,-0.09,0.0
2006-06-02,9615.668051777908,0.1007,1.2588,-1.14,0.0
2006-06-05,9746.32493253372,1.3588,1.2116,0.19,0.0
2006-06-06,9578.052360344189,-1.7265,-2.1455,0.37,0.0
2006-06-07,9524.36472720245,-0.5605,-0.3178,-0.26,0.0
2006-06-08,9261.18245871314,-2.7633,-2.9168,0.07,0.0
2006-06-09,9267.496561811462,0.0682,-0.1478,0.22,0.0
2006-06-12,9239.050349797666,-0.3069,-0.2302,-0.09,0.0
2006-06-13,8608.14835228312,-6.8286,-7.3006,0.26,0.0
2006-06-14,8583.500335677172,-0.2863,-0.0356,-0.26,0.0
2006-06-15,8643.551618939786,0.6996,0.7469,-0.02,0.0
2006-06-16,8820.173432426214,2.0434,2.03,0.09,0.0
2006-06-19,8679.254832121738,-1.5977,-1.5917,-0.06,0.0
2006-06-20,8805.999476502882,1.4603,1.4241,0.09,0.0
2006-06-21,8958.511128858612,1.7319,1.8374,-0.04,0.0
2006-06-22,8895.374634528851,-0.7048,-0.9021,0.17,0.0
2006-06-23,8938.460385706161,0.4844,0.4466,0.05,0.0
2006-06-26,8996.558130515852,0.65,0.0,0.67,0.0
2006-06-27,8950.092077872016,-0.5165,-0.5472,0.01,0.0
2006-06-28,8908.448886333235,-0.4653,-0.5674,0.09,0.0
2006-06-29,9022.969767254239,1.2855,1.418,-0.09,0.0
2006-06-30,9334.792768410418,3.4559,4.6036,-0.98,0.0
2006-07-05,9567.264107794565,2.4904,2.2494,0.32,0.0
2006-07-06,9665.682964172576,1.0287,1.084,-0.02,0.0
2006-07-07,9614.947624718588,-0.5249,-0.205,-0.34,0.0
2006-07-10,9530.021983684514,-0.8833,-1.3748,0.47,0.0
2006-07-11,9811.781044536787,2.9565,2.74,0.3,0.0
2006-07-12,9908.368646874756,0.9844,1.2789,-0.26,0.0
2006-07-13,10002.136391536345,0.9463,0.539,0.43,0.0
2006-07-14,10228.650102141733,2.2647,2.0983,0.23,0.0
2006-07-17,10043.259779149326,-1.8125,-2.4002,0.55,0.0
2006-07-18,9705.259309878102,-3.3654,-3.4276,-0.04,0.0
2006-07-19,9953.85836575303,2.5615,2.1168,0.52,0.0
2006-07-20,9796.774160629282,-1.5781,-1.543,-0.09,0.0
2006-07-21,9580.005239092121,-2.2127,-1.9155,-0.37,0.0
2006-07-24,9528.469435948145,-0.538,-1.1136,0.56,0.0
2006-07-25,9576.856821026966,0.5078,0.7997,-0.27,0.0
2006-07-26,9628.945954651026,0.5439,0.6477,-0.09,0.0
2006-07-27,9762.567786651014,1.3877,1.7375,-0.3,0.0
2006-07-28,9783.171196059313,0.211,0.3795,-0.16,0.0
2006-07-31,9765.032361436972,-0.1854,-0.0945,-0.1,0.0
2006-08-01,9949.772709035158,1.8919,1.9079,0.04,0.0
2006-08-02,10041.475674681658,0.9217,0.8201,0.13,0.0
2006-08-03,9926.382638227946,-1.1462,-1.0282,-0.15,0.0
2006-08-04,9913.77577732849,-0.127,-0.1396,0.01,0.0
2006-08-07,9984.66553036573,0.7151,0.5901,0.15,0.0
2006-08-08,9932.51130955239,-0.5223,-0.3242,-0.22,0.0
2006-08-09,10004.11721915033,0.7209,0.7434,0.0,0.0
2006-08-10,9753.434534712995,-2.5058,-2.3982,-0.19,0.0
2006-08-11,9755.603715555439,0.0222,-0.2205,0.24,0.0
2006-08-14,9693.70403583837,-0.6345,-0.7893,0.14,0.0
2006-08-15,9594.419967246884,-1.0242,-0.9547,-0.1,0.0
2006-08-16,9692.650739338866,1.0238,0.996,0.06,0.0
2006-08-17,9459.327046624256,-2.4072,-2.1155,-0.38,0.0
2006-08-18,9429.693128205352,-0.3133,-0.5362,0.21,0.0
2006-08-21,9631.9394370673,2.1448,2.2219,-0.01,0.0
2006-08-22,9615.533052336072,-0.1703,-0.1758,0.0,0.0
2006-08-23,9602.711881432964,-0.1333,-0.1441,0.01,0.0
2006-08-24,9551.22161597377,-0.5362,-0.6734,0.12,0.0
2006-08-25,9588.555036538637,0.3909,0.4036,0.0,0.0
2006-08-28,9496.809833380717,-0.9568,-1.0772,0.09,0.0
2006-08-29,9409.205388897335,-0.9225,-0.7476,-0.21,0.0
2006-08-30,9492.565805406874,0.8859,1.1462,-0.23,0.0
2006-08-31,9652.429991294319,1.6841,1.3275,0.41,0.0
2006-09-01,9636.439941936073,-0.1657,-0.2397,0.07,0.0
2006-09-04,9585.048063148155,-0.5333,0.0,-0.55,0.0
2006-09-05,9774.396907762182,1.9755,2.2582,-0.21,0.0
2006-09-06,9679.022092262865,-0.9758,-0.7831,-0.23,0.0
2006-09-07,9435.332953336414,-2.5177,-2.6046,0.01,0.0
2006-09-08,9345.36734891295,-0.9535,-1.1994,0.22,0.0
2006-09-11,9054.728544369127,-3.11,-3.2152,0.0,0.0
2006-09-12,9014.578622043013,-0.4434,-0.5254,0.07,0.0
2006-09-13,9013.153255962965,-0.0158,0.3748,-0.39,0.0
2006-09-14,8851.442920607113,-1.7942,-1.6636,-0.2,0.0
2006-09-15,8833.652033086577,-0.201,-0.5006,0.29,0.0
2006-09-18,8978.5533328702,1.6403,1.7002,0.0,0.0
2006-09-19,8836.04987670481,-1.5872,-1.6036,-0.04,0.0
2006-09-20,8883.593156200644,0.5381,0.5548,0.0,0.0
2006-09-21,8870.8544735415,-0.1434,0.3793,-0.53,0.0
2006-09-22,8982.912860301587,1.2632,1.2367,0.07,0.0
2006-09-25,8984.968375243134,0.0229,0.0848,-0.06,0.0
2006-09-26,9022.735085954042,0.4203,0.2204,0.21,0.0
2006-09-27,9101.214174006724,0.8698,1.0318,-0.13,0.0
2006-09-28,9214.089882029062,1.2402,1.2891,-0.01,0.0
2006-09-29,9098.044585095002,-1.2594,-1.0579,-0.25,0.0
2006-10-02,9084.625131435509,-0.1475,-0.1503,0.0,0.0
2006-10-03,8770.471173118369,-3.4581,-3.5804,0.0,0.0
2006-10-04,8545.11195937728,-2.5695,-2.4813,-0.18,0.0
2006-10-05,8670.175385625782,1.4636,1.6014,-0.08,0.0
2006-10-06,8671.190289396998,0.0117,0.2452,-0.23,0.0
2006-10-09,8785.159435276339,1.3143,1.0482,0.31,0.0
2006-10-10,8697.342121565101,-0.9996,-1.1238,0.09,0.0
2006-10-11,8681.50303939027,-0.1821,0.0699,-0.26,0.0
2006-10-12,8733.043744027078,0.5937,0.6989,-0.08,0.0
2006-10-13,8865.034423388568,1.5114,2.169,-0.59,0.0
2006-10-16,8971.700743673255,1.2032,1.002,0.24,0.0
2006-10-17,8856.892410504232,-1.2797,-0.8408,-0.49,0.0
2006-10-18,8860.05212954737,0.0357,-0.1357,0.17,0.0
2006-10-19,9005.899582928361,1.6461,1.7151,-0.01,0.0
2006-10-20,8924.033529243688,-0.909,-1.0017,0.06,0.0
2006-10-23,8748.316434437804,-1.969,-2.2428,0.21,0.0
2006-10-24,8783.74434743044,0.405,0.8108,-0.39,0.0
2006-10-25,8856.080001366712,0.8235,0.5476,0.3,0.0
2006-10-26,8967.016366593787,1.2527,1.5657,-0.26,0.0
2006-10-27,8955.615023493816,-0.1271,0.2346,-0.37,0.0
2006-10-30,9015.448737245631,0.6681,1.0866,-0.39,0.0
2006-10-31,9007.965937057072,-0.083,-0.0992,0.01,0.0
2006-11-01,9163.76749195736,1.7296,2.0692,-0.27,0.0
2006-11-02,9311.784476634277,1.6152,1.4272,0.24,0.0
2006-11-03,9329.770659611035,0.1932,0.2398,-0.04,0.0
2006-11-06,9315.938324829689,-0.1483,-0.1755,0.02,0.0
2006-11-07,9303.433719983386,-0.1342,-0.016,-0.12,0.0
2006-11-08,9141.471124161306,-1.7409,-1.4863,-0.32,0.0
2006-11-09,9375.59891626437,2.5612,3.0175,-0.36,0.0
2006-11-10,9312.990026038946,-0.6678,-1.0394,0.35,0.0
2006-11-13,9291.080677385498,-0.2353,-0.6684,0.43,0.0
2006-11-14,9343.079249849467,0.5597,-0.0641,0.64,0.0
2006-11-15,9344.848005506456,0.0189,-0.2084,0.23,0.0
2006-11-16,9232.84073852478,-1.1986,-0.3052,-0.94,0.0
2006-11-17,9246.394701657267,0.1468,0.145,0.01,0.0
2006-11-20,9274.431623968796,0.3032,-0.0483,0.36,0.0
2006-11-21,9368.086678475642,1.0098,1.1269,-0.08,0.0
2006-11-22,9309.814062446827,-0.622,0.0796,-0.72,0.0
2006-11-24,9300.919760195166,-0.0955,0.0,-0.1,0.0
2006-11-28,9436.747543574116,1.4604,1.352,0.15,0.0
2006-11-29,9415.435880693849,-0.2258,-0.2668,0.03,0.0
2006-11-30,9565.851797634527,1.5975,1.7939,-0.14,0.0
2006-12-01,9510.296567196672,-0.5808,-0.3401,-0.26,0.0
2006-12-04,9538.597629326905,0.2976,0.0776,0.23,0.0
2006-12-05,9488.192751181015,-0.5284,-0.4495,-0.1,0.0
2006-12-06,9343.920638601223,-1.5205,-1.8371,0.27,0.0
2006-12-07,9355.673000609877,0.1258,0.222,-0.09,0.0
2006-12-08,9250.611831454333,-1.123,-0.9179,-0.24,0.0
2006-12-11,9352.54730171136,1.1019,0.6229,0.51,0.0
2006-12-12,9325.767810481868,-0.2863,-0.4762,0.18,0.0
2006-12-13,9330.649418970283,0.0523,0.1435,-0.09,0.0
2006-12-14,9299.461367345186,-0.3343,-0.207,-0.14,0.0
2006-12-15,9093.905528826168,-2.2104,-1.8513,-0.44,0.0
2006-12-18,9127.181428588003,0.3659,-0.1626,0.54,0.0
2006-12-19,9231.446842006248,1.1424,1.2378,-0.06,0.0
2006-12-20,9213.486558645129,-0.1946,-0.1609,-0.04,0.0
2006-12-21,9150.792884841003,-0.6805,-0.3867,-0.32,0.0
2006-12-22,9118.693911382732,-0.3508,0.1456,-0.51,0.0
2006-12-26,9184.218570633742,0.7186,0.743,0.0,0.0
2006-12-27,9224.999272605593,0.444,0.5612,-0.1,0.0
2006-12-28,9326.651306102302,1.1019,1.1001,0.04,0.0
2006-12-29,9293.91036993928,-0.351,0.1735,-0.54,0.0
2007-01-02,9310.656673807127,0.1802,0.0,0.19,0.0
2007-01-03,9193.53515242543,-1.2579,-1.2752,-0.02,0.0
2007-01-04,9144.944246832285,-0.5285,-0.5103,-0.04,0.0
2007-01-05,8884.335109693457,-2.8498,-3.0454,0.1,0.0
2007-01-08,8943.693844384074,0.6681,0.4298,0.26,0.0
2007-01-09,9014.501377447717,0.7917,0.9218,-0.1,0.0
2007-01-10,9025.625385125782,0.1234,-0.2447,0.37,0.0
2007-01-11,9046.883989702312,0.2355,0.1308,0.11,0.0
2007-01-12,9199.803291625083,1.6903,2.1391,-0.38,0.0
2007-01-16,9160.891514694325,-0.423,-0.1439,-0.29,0.0
2007-01-17,9246.968151390975,0.9396,1.2008,-0.23,0.0
2007-01-18,9188.29290902274,-0.6345,-0.791,0.14,0.0
2007-01-19,9307.351879429123,1.2958,1.3395,0.0,0.0
2007-01-22,9268.025078442746,-0.4225,-0.3462,-0.09,0.0
2007-01-23,9442.76239981785,1.8854,1.8791,0.07,0.0
2007-01-24,9478.852647068841,0.3822,0.372,0.02,0.0
2007-01-25,9481.687549238646,0.0299,0.0309,0.0,0.0
2007-01-26,9420.409955994797,-0.6463,-0.5094,-0.16,0.0
2007-01-29,9411.969948016695,-0.0896,-0.2172,0.12,0.0
2007-01-30,9407.879998660275,-0.0435,0.1711,-0.22,0.0
2007-01-31,9524.447633356738,1.239,1.2108,0.07,0.0
2007-02-01,9588.164956436867,0.669,0.8282,-0.14,0.0
2007-02-02,9427.846841589078,-1.672,-1.7037,-0.02,0.0
2007-02-05,9500.514306326852,0.7708,0.7273,0.07,0.0
2007-02-06,9557.38064300126,0.5986,0.4148,0.2,0.0
2007-02-07,9530.579074029127,-0.2804,-0.1989,-0.09,0.0
2007-02-08,9619.277500951806,0.9307,0.8738,0.09,0.0
2007-02-09,9713.695764263375,0.9816,1.4438,-0.42,0.0
2007-02-12,9689.114470550037,-0.2531,-0.7341,0.48,0.0
2007-02-13,9683.416014518238,-0.0588,0.1962,-0.26,0.0
2007-02-14,9714.216740159905,0.3181,0.5272,-0.2,0.0
2007-02-15,9743.055783246236,0.2969,-0.015,0.32,0.0
2007-02-16,9719.127644597089,-0.2456,0.2248,-0.48,0.0
2007-02-20,9620.262994175479,-1.0172,-1.7494,0.71,0.0
2007-02-21,9939.383199986454,3.3172,3.5155,-0.09,0.0
2007-02-22,9948.360941011395,0.0903,-0.1176,0.21,0.0
2007-02-23,9966.643628043115,0.1838,0.5446,-0.35,0.0
2007-02-26,10033.077212112963,0.6666,0.4977,0.19,0.0
2007-02-27,9999.733017734785,-0.3323,-0.3787,0.04,0.0
2007-02-28,9772.988794935492,-2.2675,-2.1202,-0.22,0.0
2007-03-01,9710.84112545787,-0.6359,-1.0607,0.41,0.0
2007-03-02,9382.08156706315,-3.3855,-3.1406,-0.36,0.0
2007-03-05,9412.178470115165,0.3208,-0.7482,1.09,0.0
2007-03-06,9430.581686037898,0.1955,1.1151,-0.9,0.0
2007-03-07,9594.584470758671,1.7391,1.0562,0.73,0.0
2007-03-08,9566.942498114748,-0.2881,0.4304,-0.72,0.0
2007-03-09,9497.196106224888,-0.729,-0.5204,-0.23,0.0
2007-03-12,9483.5218498697,-0.144,-0.2462,0.1,0.0
2007-03-13,9464.278145594992,-0.2029,-0.1234,-0.09,0.0
2007-03-14,9414.179716876964,-0.5293,-1.0346,0.49,0.0
2007-03-15,9465.832531656453,0.5487,0.7489,-0.18,0.0
2007-03-16,9508.806896378666,0.454,1.0686,-0.59,0.0
2007-03-19,9543.159523609373,0.3613,0.0766,0.3,0.0
2007-03-20,9491.372905700468,-0.5427,0.735,-1.29,0.0
2007-03-21,9504.198525853262,0.1351,0.1672,-0.03,0.0
2007-03-22,9563.94630996124,0.6286,0.6677,-0.02,0.0
2007-03-23,9443.149236913669,-1.263,-1.01,-0.3,0.0
2007-03-26,9504.439128642882,0.649,1.0203,-0.35,0.0
2007-03-27,9464.68924023438,-0.4182,-0.196,-0.24,0.0
2007-03-28,9533.521983603077,0.7273,0.6646,0.09,0.0
2007-03-29,9567.401740860176,0.3554,-0.7502,1.13,0.0
2007-03-30,9475.441280245228,-0.9612,0.2268,-1.22,0.0
2007-04-02,9540.417375799349,0.6857,0.4072,0.3,0.0
2007-04-03,9482.236304263135,-0.6098,-0.2554,-0.38,0.0
2007-04-04,9550.166332536473,0.7164,1.2199,-0.47,0.0
2007-04-05,9554.79227260365,0.0484,0.3125,-0.26,0.0
2007-04-09,9561.240360067777,0.0675,-0.3411,0.41,0.0
2007-04-10,9564.17997891498,0.0307,0.6846,-0.65,0.0
2007-04-11,9572.421810270773,0.0862,0.0443,0.04,0.0
2007-04-12,9535.890785405316,-0.3816,-0.2512,-0.14,0.0
2007-04-13,9635.596696424178,1.0456,1.5257,-0.44,0.0
2007-04-16,9568.708516119259,-0.6942,0.6857,-1.39,0.0
2007-04-17,9560.448358527829,-0.0863,-0.2753,0.19,0.0
2007-04-18,9568.570047662748,0.085,0.1308,-0.04,0.0
2007-04-19,9556.811133302883,-0.1229,-0.6966,0.57,0.0
2007-04-20,9537.494274526167,-0.2021,1.1252,-1.32,0.0
2007-04-23,9532.127654247786,-0.0563,-0.2023,0.14,0.0
2007-04-24,9321.844948230588,-2.206,-0.9267,-1.36,0.0
2007-04-25,9285.554829912748,-0.3893,-0.0146,-0.39,0.0
2007-04-26,9137.591639574097,-1.5935,-1.3448,-0.31,0.0
2007-04-27,9186.478036721692,0.535,0.563,-0.01,0.0
2007-04-30,9263.430387094151,0.8377,0.2652,0.6,0.0
2007-05-01,9214.521366902401,-0.528,-0.8964,0.35,0.0
2007-05-02,9156.934257968342,-0.625,-0.3114,-0.34,0.0
2007-05-03,9272.661592691073,1.2638,1.4131,-0.1,0.0
2007-05-04,9251.374628300438,-0.2296,0.792,-1.02,0.0
2007-05-07,9302.716904818539,0.555,0.1164,0.46,0.0
2007-05-08,9262.78695414924,-0.4292,-0.4215,-0.02,0.0
2007-05-09,9183.149042598427,-0.8598,-0.7006,-0.19,0.0
2007-05-10,9113.400527235159,-0.7595,-2.2343,1.48,0.0
2007-05-11,9069.641196434752,-0.4802,0.8269,-1.31,0.0
2007-05-14,9037.880522757876,-0.3502,-0.3131,-0.05,0.0
2007-05-15,9145.384191117255,1.1895,0.6731,0.55,0.0
2007-05-16,8951.255233246347,-2.1227,-1.9019,-0.3,0.0
2007-05-17,8850.737278353103,-1.1229,-0.6059,-0.56,0.0
2007-05-18,8865.468581259727,0.1664,0.7315,-0.56,0.0
2007-05-21,8939.108906866915,0.8306,0.2874,0.57,0.0
2007-05-22,8891.068879553834,-0.5374,-0.5732,0.02,0.0
2007-05-23,8916.500747344384,0.286,0.4248,-0.13,0.0
2007-05-24,8801.690903763483,-1.2876,-1.3446,0.01,0.0
2007-05-25,8770.058230793577,-0.3594,0.3216,-0.69,0.0
2007-05-29,8828.451323332105,0.6658,0.3053,0.38,0.0
2007-05-30,8810.131808973207,-0.2075,-0.6087,0.4,0.0
2007-05-31,8916.68524381166,1.2094,1.2096,0.04,0.0
2007-06-01,8978.222255798466,0.6901,1.5431,-0.82,0.0
2007-06-04,8954.506362364846,-0.2641,-0.0745,-0.2,0.0
2007-06-05,8945.6941879076,-0.0984,-0.164,0.06,0.0
2007-06-06,9013.47739840407,0.7577,-0.0448,0.83,0.0
2007-06-07,8885.002970987563,-1.4254,-1.3746,-0.1,0.0
2007-06-08,8759.041238622562,-1.4177,-2.2118,0.76,0.0
2007-06-11,8821.56106762978,0.7138,1.3633,-0.62,0.0
2007-06-12,8758.740914075106,-0.7121,-0.8864,0.15,0.0
2007-06-13,8751.07646674759,-0.0875,-0.0463,-0.04,0.0
2007-06-14,8796.452069002615,0.5185,0.5245,0.01,0.0
2007-06-15,8813.855161247884,0.1978,0.4451,-0.24,0.0
2007-06-18,8825.916468084017,0.1368,0.1986,-0.06,0.0
2007-06-19,8935.715547343365,1.2441,0.7472,0.54,0.0
2007-06-20,8838.88684919061,-1.0836,-0.6962,-0.43,0.0
2007-06-21,8778.601980006093,-0.682,-0.8383,0.13,0.0
2007-06-22,8808.200621147682,0.3372,0.4457,-0.1,0.0
2007-06-25,8812.642732889599,0.0504,-0.3367,0.39,0.0
2007-06-26,8713.040090956181,-1.1302,-1.4126,0.25,0.0
2007-06-27,8721.21034849068,0.0938,-0.0623,0.16,0.0
2007-06-28,8775.674909409883,0.6245,0.9038,-0.25,0.0
2007-06-29,8745.188232629891,-0.3474,0.0927,-0.45,0.0
2007-07-02,8855.06903779469,1.2565,1.2961,0.0,0.0
2007-07-03,8771.001715676879,-0.9494,-0.5484,-0.44,0.0
2007-07-05,8720.955610468285,-0.5706,-0.6892,0.1,0.0
2007-07-06,8758.963907088428,0.4358,0.6632,-0.21,0.0
2007-07-09,8842.850341752723,0.9577,1.195,-0.2,0.0
2007-07-10,8857.216067179776,0.1625,0.3028,-0.13,0.0
2007-07-11,8857.459261728942,0.0027,-0.3321,0.34,0.0
2007-07-12,8971.26893679424,1.2849,0.9693,0.36,0.0
2007-07-13,8905.192347241444,-0.7365,-0.135,-0.63,0.0
2007-07-16,8889.293763705266,-0.1785,-0.1202,-0.06,0.0
2007-07-17,8910.84993811535,0.2425,-0.0451,0.3,0.0
2007-07-18,9021.839966069527,1.2456,1.1885,0.1,0.0
2007-07-19,9051.226535914431,0.3257,0.6839,-0.34,0.0
2007-07-20,9122.63683495885,0.789,0.9894,-0.17,0.0
2007-07-23,9066.44731869803,-0.6159,-0.4533,-0.18,0.0
2007-07-24,9146.7443354112,0.8857,0.4994,0.41,0.0
2007-07-25,9009.053341574094,-1.5054,-1.5931,0.04,0.0
2007-07-26,8857.428948713326,-1.683,-1.604,-0.14,0.0
2007-07-27,8855.693024445476,-0.0196,-0.3774,0.36,0.0
2007-07-30,8937.452203069603,0.9232,0.6212,0.33,0.0
2007-07-31,8961.863260579847,0.2731,0.4216,-0.14,0.0
2007-08-01,8913.6680898882,-0.5378,-0.4948,-0.06,0.0
2007-08-02,8878.784787476281,-0.3913,0.1507,-0.55,0.0
2007-08-03,8990.705963884864,1.2605,1.1887,0.11,0.0
2007-08-06,8976.487516421319,-0.1581,-0.1487,-0.01,0.0
2007-08-07,8996.768023743341,0.2259,-0.134,0.37,0.0
2007-08-08,9024.575353323764,0.3091,0.5816,-0.26,0.0
2007-08-09,8898.296299605296,-1.3993,-1.9422,0.5,0.0
2007-08-10,9006.45442784013,1.2155,1.3456,-0.09,0.0
2007-08-13,8987.895082763223,-0.2061,-0.0895,-0.12,0.0
2007-08-14,9039.187291232243,0.5707,-0.1643,0.76,0.0
2007-08-15,9090.851692927843,0.5716,0.0449,0.55,0.0
2007-08-16,8865.142324475939,-2.4828,-3.0797,0.53,0.0
2007-08-17,8955.954442924529,1.0244,1.3266,-0.26,0.0
2007-08-20,8960.708538057077,0.0531,-0.0304,0.09,0.0
2007-08-21,8948.040220159526,-0.1414,0.0,-0.15,0.0
2007-08-22,8979.645183524668,0.3532,0.3655,0.0,0.0
2007-08-23,8937.82194958286,-0.4658,-0.0303,-0.45,0.0
2007-08-24,9071.077242731111,1.4909,1.3811,0.16,0.0
2007-08-27,9068.183811528754,-0.0319,-0.1796,0.15,0.0
2007-08-28,9035.129883271697,-0.3645,-0.3599,-0.02,0.0
2007-08-29,9060.751760984991,0.2836,0.286,0.01,0.0
2007-08-30,9063.970534147285,0.0355,-0.1951,0.23,0.0
2007-08-31,9079.389944365828,0.1701,1.203,-1.01,0.0
2007-09-04,9234.0388072536,1.7033,1.4116,0.35,0.0
2007-09-05,9249.648126035949,0.169,-0.1172,0.29,0.0
2007-09-06,9374.210150015297,1.3467,2.039,-0.63,0.0
2007-09-07,9389.096601508496,0.1588,0.7476,-0.58,0.0
2007-09-11,9540.156046041891,1.6089,1.6267,0.03,0.0
2007-09-12,9517.495563833128,-0.2375,-0.0421,-0.2,0.0
2007-09-13,9505.809762803767,-0.1228,-0.3371,0.21,0.0
2007-09-14,9490.68108354466,-0.1592,0.0141,-0.18,0.0
2007-09-17,9592.155326800954,1.0692,0.8737,0.23,0.0
2007-09-18,9555.333782979691,-0.3839,0.0,-0.4,0.0
2007-09-19,9592.789134034572,0.392,0.8662,-0.46,0.0
2007-09-20,9628.219716903952,0.3693,1.4404,-1.04,0.0
2007-09-21,9651.93123145486,0.2463,-0.1365,0.39,0.0
2007-09-24,9581.088610154406,-0.734,0.0957,-0.85,0.0
2007-09-25,9628.614117416042,0.496,-0.0683,0.58,0.0
2007-09-26,9580.213800345828,-0.5027,-0.4511,-0.07,0.0
2007-09-27,9640.991687303516,0.6344,0.6042,0.05,0.0
2007-09-28,9751.126105942469,1.1424,1.3785,-0.2,0.0
2007-10-01,9829.451520556491,0.8032,0.5924,0.23,0.0
2007-10-02,9585.249658561439,-2.4844,-2.3287,-0.24,0.0
2007-10-03,9519.565417864496,-0.6853,-0.0685,-0.64,0.0
2007-10-04,9602.349905503486,0.8696,1.1655,-0.26,0.0
2007-10-05,9691.523498665656,0.9287,0.4744,0.48,0.0
2007-10-08,9571.350809972146,-1.24,-1.1466,-0.13,0.0
2007-10-09,9582.845035377402,0.1201,0.6277,-0.5,0.0
2007-10-10,9625.371868613021,0.4438,0.4068,0.05,0.0
2007-10-11,9777.392051344908,1.5794,1.4722,0.16,0.0
2007-10-12,9710.654071462804,-0.6826,-0.3461,-0.36,0.0
2007-10-15,9850.556911054884,1.4407,1.1219,0.36,0.0
2007-10-16,9829.581582756839,-0.2129,-0.0132,-0.21,0.0
2007-10-17,9912.83553573567,0.847,0.0661,0.81,0.0
2007-10-18,10017.226282407628,1.0531,0.8713,0.21,0.0
2007-10-19,9990.163673826335,-0.2702,-0.0131,-0.27,0.0
2007-10-22,9935.244084710528,-0.5497,-1.0733,0.51,0.0
2007-10-23,9918.205570075797,-0.1715,0.4234,-0.6,0.0
2007-10-24,9941.358380470458,0.2334,0.3426,-0.1,0.0
2007-10-25,10037.692571680336,0.969,0.7484,0.25,0.0
2007-10-26,10188.378457839262,1.5012,2.1634,-0.6,0.0
2007-10-29,10248.898247145704,0.594,0.6633,-0.05,0.0
2007-10-30,10212.335781250897,-0.3567,-0.6083,0.24,0.0
2007-10-31,10275.021406211696,0.6138,0.9818,-0.35,0.0
2007-11-01,10279.494297880772,0.0435,-0.1641,0.21,0.0
2007-11-02,10453.009060901333,1.688,1.8971,-0.16,0.0
2007-11-05,10499.100763850654,0.4409,0.2979,0.16,0.0
2007-11-06,10648.56901845304,1.4236,1.5716,-0.1,0.0
2007-11-07,10754.19336861951,0.9919,1.2427,-0.22,0.0
2007-11-08,10839.253054448161,0.7909,0.5054,0.31,0.0
2007-11-09,10750.57983045219,-0.8181,-0.3233,-0.52,0.0
2007-11-12,10474.217243780644,-2.5707,-3.2072,0.58,0.0
2007-11-13,10386.393039781435,-0.8385,-1.0673,0.21,0.0
2007-11-14,10561.989369494268,1.6906,1.9819,-0.24,0.0
2007-11-15,10208.30103010904,-3.3487,-3.3333,-0.12,0.0
2007-11-16,10195.927268239559,-0.1212,-0.0255,-0.1,0.0
2007-11-19,10078.836006813226,-1.1484,-1.1328,-0.05,0.0
2007-11-20,10249.03625739067,1.6887,1.7379,0.0,0.0
2007-11-21,10366.323048388336,1.1444,0.9237,0.25,0.0
2007-11-23,10790.908978949567,4.0958,3.3099,0.88,0.0
2007-11-27,10690.119877826115,-0.934,-1.25,0.29,0.0
2007-11-28,10494.596282584667,-1.829,-1.6714,-0.21,0.0
2007-11-29,10418.606554709133,-0.7241,-0.5999,-0.15,0.0
2007-11-30,10222.260489616738,-1.8846,-1.6472,-0.3,0.0
2007-12-03,10309.522821845258,0.8537,0.7798,0.1,0.0
2007-12-04,10438.009572338988,1.2463,1.6491,-0.36,0.0
2007-12-05,10401.726188636978,-0.3476,-0.4742,0.12,0.0
2007-12-06,10447.04760288105,0.4357,0.464,-0.02,0.0
2007-12-07,10352.75465648586,-0.9026,-0.8487,-0.08,0.0
2007-12-10,10516.905078180345,1.5856,1.6742,-0.04,0.0
2007-12-11,10550.402869456695,0.3185,0.4581,-0.13,0.0
2007-12-12,10577.193228191652,0.2539,0.2588,0.0,0.0
2007-12-13,10397.863419943162,-1.6954,-1.7824,0.04,0.0
2007-12-14,10308.228287017148,-0.8621,-0.7134,-0.18,0.0
2007-12-17,10361.138068888036,0.5133,0.1891,0.34,0.0
2007-12-19,10471.022354560864,1.0605,0.7927,0.3,0.0
2007-12-20,10446.642022210272,-0.2328,-0.2372,0.0,0.0
2007-12-21,10537.794954740004,0.8726,1.5515,-0.64,0.0
2007-12-24,10557.374323751626,0.1858,0.1479,0.04,0.0
2007-12-26,10760.603949989425,1.925,1.624,0.35,0.0
2007-12-27,10742.114900202943,-0.1718,0.3148,-0.49,0.0
2007-12-28,10893.695289945052,1.4111,1.3275,0.12,0.0
2007-12-31,10834.393417576945,-0.5444,-0.5598,0.0,0.0
2008-01-02,11149.060395132381,2.9043,2.647,0.33,0.0
2008-01-03,11261.930559588356,1.0124,1.0969,-0.06,0.0
2008-01-04,11148.584435552611,-1.0065,-0.3809,-0.66,0.0
2008-01-07,11137.203182343033,-0.1021,-0.4055,0.3,0.0
2008-01-08,11364.377722685826,2.0398,2.1405,-0.04,0.0
2008-01-09,11388.088028822676,0.2086,0.1708,0.04,0.0
2008-01-10,11542.756385920593,1.3582,1.3872,0.01,0.0
2008-01-11,11563.372173358068,0.1786,0.4934,-0.31,0.0
2008-01-14,11667.86708556903,0.9037,0.6138,0.31,0.0
2008-01-15,11653.060977008654,-0.1269,-0.0665,-0.06,0.0
2008-01-16,11390.06475372365,-2.2569,-2.2642,-0.05,0.0
2008-01-17,11381.867366724973,-0.072,-0.1249,0.05,0.0
2008-01-18,11424.583107977383,0.3753,0.1478,0.24,0.0
2008-01-22,11543.164358340013,1.0379,0.9991,0.07,0.0
2008-01-23,11499.679175319601,-0.3767,-0.7981,0.41,0.0
2008-01-24,11761.291825751978,2.275,2.6062,-0.26,0.0
2008-01-25,11797.062674397655,0.3041,0.5522,-0.24,0.0
2008-01-28,12012.634219003861,1.8273,1.8232,0.05,0.0
2008-01-29,11962.086001823038,-0.4208,-0.2157,-0.22,0.0
2008-01-30,11945.907165353678,-0.1353,-0.4864,0.35,0.0
2008-01-31,11962.683466370616,0.1404,0.2281,-0.08,0.0
2008-02-01,11773.748773573752,-1.5794,-1.5173,-0.1,0.0
2008-02-04,11725.477254606896,-0.41,-0.4182,0.0,0.0
2008-02-05,11536.562461590445,-1.6111,-2.0997,0.46,0.0
2008-02-06,11748.896442655,1.8405,1.6706,0.22,0.0
2008-02-07,11795.104603926178,0.3933,0.5995,-0.19,0.0
2008-02-08,11973.58812515416,1.5132,1.3575,0.19,0.0
2008-02-11,12028.116535521658,0.4554,0.49,-0.02,0.0
2008-02-12,11845.439149445498,-1.5188,-1.6795,0.12,0.0
2008-02-13,11851.182335243677,0.0485,-0.0992,0.15,0.0
2008-02-14,11845.730724854919,-0.046,0.0993,-0.15,0.0
2008-02-15,11789.811979438518,-0.4721,-0.5069,0.02,0.0
2008-02-19,12122.502709862027,2.8218,2.6362,0.25,0.0
2008-02-20,12359.489885338335,1.9549,0.8634,1.13,0.0
2008-02-21,12441.2642923443,0.6616,1.2305,-0.55,0.0
2008-02-22,12441.521547889548,0.0021,-0.148,0.15,0.0
2008-02-25,12331.580412936799,-0.8837,-0.7516,-0.16,0.0
2008-02-26,12410.845798281063,0.6428,0.9066,-0.25,0.0
2008-02-27,12527.227536646873,0.9377,1.2789,-0.31,0.0
2008-02-28,12646.692116617312,0.9536,0.6575,0.32,0.0
2008-02-29,12773.358264280252,1.0016,0.788,0.24,0.0
2008-03-03,13002.526271162138,1.7941,0.967,0.86,0.0
2008-03-04,12760.802073295388,-1.8591,-1.7932,-0.11,0.0
2008-03-05,13037.987390399865,2.1722,2.3135,-0.09,0.0
2008-03-06,12852.574067325277,-1.4221,-1.1357,-0.32,0.0
2008-03-07,12877.476730400393,0.1938,-0.2872,0.49,0.0
2008-03-10,12871.108970069452,-0.0494,-0.2366,0.19,0.0
2008-03-11,12883.305656007156,0.0948,0.4433,-0.34,0.0
2008-03-12,12881.042262635045,-0.0176,0.4722,-0.49,0.0
2008-03-13,13100.824748112509,1.7062,1.3792,0.36,0.0
2008-03-14,13161.21055532752,0.4609,0.5946,-0.12,0.0
2008-03-17,13298.705977069727,1.0447,0.3206,0.75,0.0
2008-03-18,13251.112452497619,-0.3579,0.1797,-0.54,0.0
2008-03-19,12489.510840302735,-5.7475,-5.8313,-0.05,0.0
2008-03-20,12207.627893941788,-2.257,-2.6569,0.35,0.0
2008-03-24,12164.223084396795,-0.3556,-0.1414,-0.22,0.0
2008-03-25,12334.850252332559,1.4027,1.775,-0.33,0.0
2008-03-26,12521.805342488555,1.5157,1.5408,0.01,0.0
2008-03-27,12485.064453466446,-0.2934,-0.0211,-0.28,0.0
2008-03-28,12152.595236811958,-2.6629,-1.9182,-0.83,0.0
2008-03-31,12049.900246276418,-0.845,-1.5474,0.69,0.0
2008-04-02,11789.505312310353,-2.161,-2.2921,0.08,0.0
2008-04-03,11904.80941955693,0.978,1.0947,-0.09,0.0
2008-04-04,11933.014058676607,0.2369,0.442,-0.2,0.0
2008-04-07,12128.514025894021,1.6383,1.5072,0.17,0.0
2008-04-08,12004.054106137855,-1.0262,-0.9429,-0.11,0.0
2008-04-09,12251.436809850506,2.0608,2.1444,-0.03,0.0
2008-04-10,12205.375905114272,-0.376,-0.5677,0.18,0.0
2008-04-11,12110.950677008177,-0.7736,-0.5063,-0.29,0.0
2008-04-14,12161.936146500493,0.421,0.1949,0.24,0.0
2008-04-15,12202.742717975143,0.3355,0.3566,-0.01,0.0
2008-04-16,12402.298960577002,1.6353,1.7659,-0.09,0.0
2008-04-17,12347.424457705372,-0.4425,-0.5608,0.11,0.0
2008-04-18,11929.681120008567,-3.3832,-2.9368,-0.55,0.0
2008-04-21,12009.489804775103,0.669,0.2741,0.41,0.0
2008-04-22,12110.041666556453,0.8373,0.8309,0.03,0.0
2008-04-23,11913.20527904347,-1.6254,-1.7456,0.08,0.0
2008-04-24,11714.48305688317,-1.6681,-2.1408,0.44,0.0
2008-04-25,11728.188876072114,0.117,0.0451,0.07,0.0
2008-04-28,11791.851173298457,0.5428,0.6425,-0.08,0.0
2008-04-29,11626.783103181855,-1.3998,-2.0943,0.67,0.0
2008-04-30,11502.932684809191,-1.0652,-1.3041,0.21,0.0
2008-05-02,11443.185826070583,-0.5194,-0.7765,0.25,0.0
2008-05-05,11663.864486208413,1.9285,1.8923,0.09,0.0
2008-05-06,11755.157231201434,0.7827,0.4242,0.38,0.0
2008-05-07,11851.238361171532,0.8174,-0.7306,1.58,0.0
2008-05-08,12106.073160183922,2.1503,1.2649,0.93,0.0
2008-05-09,12076.460171136781,-0.2446,0.4429,-0.69,0.0
2008-05-12,12184.854226471123,0.8976,-0.0904,1.01,0.0
2008-05-13,12020.358850886707,-1.35,-1.72,0.34,0.0
2008-05-14,12087.314445913471,0.557,-0.3569,0.93,0.0
2008-05-15,12273.6848084543,1.5419,1.5715,0.01,0.0
2008-05-16,12545.256969507034,2.2126,2.2753,-0.01,0.0
2008-05-19,12622.618539472815,0.6167,0.6674,-0.04,0.0
2008-05-20,12896.91499545769,2.1731,1.6022,0.61,0.0
2008-05-21,13016.047714498067,0.9237,0.9244,0.02,0.0
2008-05-22,13012.812525715273,-0.0249,-1.0884,1.07,0.0
2008-05-23,12980.185678350728,-0.2507,0.8389,-1.09,0.0
2008-05-27,12793.624823739123,-1.4373,-1.9339,0.47,0.0
2008-05-28,12683.231926599045,-0.8629,-0.7932,-0.09,0.0
2008-05-29,12335.74728562265,-2.7397,-2.5875,-0.22,0.0
2008-05-30,12432.960666897437,0.7881,1.1514,-0.34,0.0
2008-06-02,12411.643642618263,-0.1715,0.6311,-0.8,0.0
2008-06-03,12273.104853113893,-1.1162,-1.2655,0.12,0.0
2008-06-04,12326.399199727628,0.4342,-0.1928,0.64,0.0
2008-06-05,12294.449576124594,-0.2592,-0.9206,0.66,0.0
2008-06-06,12596.978503268241,2.4607,2.707,-0.18,0.0
2008-06-09,12614.116137964536,0.136,-0.0782,0.22,0.0
2008-06-10,12251.117923972128,-2.8777,-2.9954,0.05,0.0
2008-06-11,12346.573956135066,0.7792,1.3596,-0.55,0.0
2008-06-12,12246.382818430147,-0.8115,-1.1936,0.37,0.0
2008-06-13,12284.445445900768,0.3108,0.1266,0.19,0.0
2008-06-16,12462.762591564417,1.4516,1.5282,-0.04,0.0
2008-06-17,12443.399511575297,-0.1554,0.0792,-0.24,0.0
2008-06-18,12571.267864746997,1.0276,0.7464,0.3,0.0
2008-06-19,12723.506166725037,1.211,1.2123,0.03,0.0
2008-06-20,12702.346613693553,-0.1663,-0.0444,-0.13,0.0
2008-06-23,12502.323173086208,-1.5747,-1.8307,0.22,0.0
2008-06-24,12549.567329445124,0.3779,0.4973,-0.11,0.0
2008-06-25,12377.843096404695,-1.3684,-1.0346,-0.37,0.0
2008-06-26,12821.27270204633,3.5824,3.7614,-0.09,0.0
2008-06-27,13062.245123660226,1.8795,1.7742,0.15,0.0
2008-06-30,13060.468765716261,-0.0136,-0.3336,0.32,0.0
2008-07-02,13396.309153114495,2.5714,2.0082,0.61,0.0
2008-07-03,13242.364700565851,-1.1492,-1.3654,0.19,0.0
2008-07-07,13164.76527684048,-0.586,-0.4936,-0.11,0.0
2008-07-08,13131.641354872814,-0.2516,-0.5823,0.33,0.0
2008-07-09,13141.511116254596,0.0752,0.5857,-0.51,0.0
2008-07-10,13335.595017254358,1.4769,1.4666,0.04,0.0
2008-07-11,13513.080425919523,1.3309,1.9768,-0.6,0.0
2008-07-14,13646.381150098256,0.9865,1.3757,-0.36,0.0
2008-07-15,13851.409097346408,1.5024,0.514,1.02,0.0
2008-07-16,13625.151241522213,-1.6335,-1.6263,-0.04,0.0
2008-07-17,13626.17519672459,0.0075,0.8526,-0.84,0.0
2008-07-18,13447.08180712018,-1.3143,-1.3093,-0.04,0.0
2008-07-21,13507.228492324362,0.4473,0.6059,-0.15,0.0
2008-07-22,13300.158787363913,-1.533,-1.5679,0.0,0.0
2008-07-23,12754.558279738867,-4.1022,-2.7004,-1.54,0.0
2008-07-24,12748.859616675945,-0.0447,-0.0434,0.0,0.0
2008-07-25,12894.979232148124,1.1461,0.4989,0.67,0.0
2008-07-28,12882.924563305893,-0.0935,0.1079,-0.2,0.0
2008-07-29,12826.45598574711,-0.4383,-1.2074,0.77,0.0
2008-07-30,12611.441574638031,-1.6763,-1.4732,-0.25,0.0
2008-07-31,12768.189080587514,1.2429,1.2183,0.05,0.0
2008-08-26,11845.19102540012,-7.2289,-10.0339,2.92,0.0
2008-08-27,11922.446277188481,0.6522,0.7176,-0.05,0.0
2008-08-28,11960.67720144892,0.3207,0.3381,-0.01,0.0
2008-08-29,11931.556566774885,-0.2435,-0.1926,-0.06,0.0
2008-09-02,11754.300955015786,-1.4856,-2.9302,1.45,0.0
2008-09-03,11627.636081187873,-1.0776,-0.2857,-0.82,0.0
2008-09-04,11686.88143562333,0.5095,-0.598,1.13,0.0
2008-09-05,11730.04009085215,0.3693,-0.0376,0.42,0.0
2008-09-08,11626.814973709053,-0.88,-0.0125,-0.89,0.0
2008-09-09,11633.470173492675,0.0572,-1.3041,1.38,0.0
2008-09-10,11279.541133974732,-3.0423,-3.7098,0.61,0.0
2008-09-11,11117.948460292007,-1.4326,-2.1903,0.73,0.0
2008-09-12,11449.241336065114,2.9798,2.5631,0.49,0.0
2008-09-15,11838.725003617727,3.4018,2.9988,0.48,0.0
2008-09-16,11956.175007198395,0.9921,-0.8428,1.88,0.0
2008-09-17,12844.329287431889,7.4284,9.0277,-1.29,0.0
2008-09-18,13654.265040472625,6.3058,5.4453,0.96,0.0
2008-09-19,12946.076312942561,-5.1866,-3.5958,-1.77,0.0
2008-09-22,13448.376303518116,3.8799,5.0314,-1.01,0.0
2008-09-23,13331.043269249563,-0.8725,-2.0356,1.17,0.0
2008-09-24,13417.705533766908,0.6501,0.3953,0.27,0.0
2008-09-25,13328.568475085413,-0.6643,-1.2711,0.6,0.0
2008-09-26,13498.863891583911,1.2777,0.5925,0.71,0.0
2008-09-29,13576.667640184294,0.5764,0.6003,-0.01,0.0
2008-09-30,13397.753079085149,-1.3178,-1.5762,0.23,0.0
2008-10-01,13485.512450696999,0.655,0.7435,-0.07,0.0
2008-10-02,12815.877486635865,-4.9656,-4.7349,-0.36,0.0
2008-10-03,12818.17978448003,0.018,-1.2038,1.24,0.0
2008-10-06,13492.831962926766,5.2632,4.0777,1.26,0.0
2008-10-07,13776.13324914071,2.0996,1.8199,0.32,0.0
2008-10-08,14222.434619369622,3.2397,2.8119,0.49,0.0
2008-10-09,13811.32918904193,-2.8905,-2.2146,-0.75,0.0
2008-10-10,13617.162270919433,-1.4059,-3.1367,1.75,0.0
2008-10-13,13282.87745959701,-2.4549,-1.9289,-0.59,0.0
2008-10-14,13205.534017995891,-0.5823,-0.3099,-0.29,0.0
2008-10-15,13302.516269906133,0.7344,-0.0957,0.85,0.0
2008-10-16,12837.296253527946,-3.4972,-4.0694,0.51,0.0
2008-10-17,12623.673403170887,-1.6641,-2.0462,0.35,0.0
2008-10-20,12630.250101585607,0.0521,0.3184,-0.26,0.0
2008-10-21,12343.657471106388,-2.2691,-2.7298,0.42,0.0
2008-10-22,11901.339377750943,-3.5834,-4.2814,0.64,0.0
2008-10-23,11671.382398015887,-1.9322,-2.7274,0.77,0.0
2008-10-24,11963.115104101182,2.4996,2.2151,0.34,0.0
2008-10-27,12156.326623154666,1.6151,1.7282,-0.07,0.0
2008-10-28,11986.28079494875,-1.3988,-0.3236,-1.11,0.0
2008-10-29,12275.91764201907,2.4164,1.8261,0.64,0.0
2008-10-30,12001.673641327412,-2.234,-2.0723,-0.22,0.0
2008-10-31,11685.236294769411,-2.6366,-2.7672,0.06,0.0
2008-11-03,11581.616595537387,-0.8868,1.1998,-2.08,0.0
2008-11-04,11882.755475246078,2.6001,4.2184,-1.49,0.0
2008-11-05,11556.243571090765,-2.7478,-1.9444,-0.89,0.0
2008-11-06,11460.94749834098,-0.8246,-1.3625,0.52,0.0
2008-11-07,11510.097514511312,0.4288,0.2735,0.17,0.0
2008-11-10,11636.6386126599,1.0994,1.6912,-0.55,0.0
2008-11-11,11570.354768859539,-0.5696,-1.824,1.26,0.0
2008-11-12,11672.303757490701,0.8811,-1.9536,2.92,0.0
2008-11-13,11403.758722732984,-2.3007,-1.7835,-0.59,0.0
2008-11-14,11943.86679741347,4.7362,5.3199,-0.43,0.0
2008-11-17,11936.739939338544,-0.0597,-0.0673,0.01,0.0
2008-11-18,11978.355338169082,0.3486,-1.2535,1.63,0.0
2008-11-19,12047.523052588114,0.5774,0.4505,0.14,0.0
2008-11-20,12430.528107949749,3.1791,1.7258,1.51,0.0
2008-11-21,12911.812969795175,3.8718,5.7574,-1.69,0.0
2008-11-24,13417.881834975951,3.9194,3.4988,0.5,0.0
2008-11-25,13346.35444897712,-0.5331,-0.122,-0.42,0.0
2008-11-26,13112.113647765098,-1.7551,-1.2097,-0.59,0.0
2008-11-28,13386.595957679676,2.0933,0.9524,1.18,0.0
2008-12-01,12798.793821260242,-4.391,-5.0968,0.64,0.0
2008-12-02,12882.53809975521,0.6543,0.865,-0.19,0.0
2008-12-03,12621.166898592479,-2.0289,-1.5999,-0.49,0.0
2008-12-04,12474.240313144663,-1.1641,-0.6504,-0.55,0.0
2008-12-05,12259.114342073728,-1.7246,-1.7413,-0.03,0.0
2008-12-08,12493.379429089757,1.9109,2.2518,-0.29,0.0
2008-12-09,12441.456965818243,-0.4156,0.6516,-1.07,0.0
2008-12-10,13007.928933894837,4.5531,4.4925,0.17,0.0
2008-12-11,13133.575539060706,0.9659,2.2054,-1.19,0.0
2008-12-12,12998.894425724058,-1.0255,-0.7274,-0.32,0.0
2008-12-15,13054.397592373984,0.427,2.0149,-1.55,0.0
2008-12-16,13226.624814932213,1.3193,0.7541,0.59,0.0
2008-12-17,13567.909321693067,2.5803,3.0652,-0.41,0.0
2008-12-18,13191.719423944614,-2.7726,-0.9107,-1.94,0.0
2008-12-19,12948.924668419757,-1.8405,-2.6989,0.84,0.0
2008-12-22,13340.62373972856,3.025,1.1717,1.9,0.0
2008-12-23,13389.535739660816,0.3666,-1.0636,1.45,0.0
2008-12-24,13392.349361712015,0.021,1.1825,-1.15,0.0
2008-12-26,13923.44534209969,3.9657,2.7506,1.27,0.0
2008-12-29,13801.909924295423,-0.8729,0.4825,-1.37,0.0
2008-12-30,13841.107936982202,0.284,-0.606,0.9,0.0
2008-12-31,13954.48634819174,0.8191,1.645,-0.79,0.0
2009-01-02,13931.168348389128,-0.1671,-0.5432,0.37,0.0
2009-01-05,13591.719410102372,-2.4366,-2.4579,-0.03,0.0
2009-01-06,13795.66097337954,1.5005,0.9566,0.57,0.0
2009-01-07,13429.147462804662,-2.6567,-2.808,0.09,0.0
2009-01-08,13577.887091172688,1.1076,1.5218,-0.38,0.0
2009-01-09,13612.395881769718,0.2542,0.0468,0.21,0.0
2009-01-12,13088.910406769159,-3.8457,-3.9799,0.05,0.0
2009-01-13,13185.45820596508,0.7376,-0.0244,0.78,0.0
2009-01-14,12941.32069609125,-1.8516,-1.451,-0.45,0.0
2009-01-15,12923.045032554013,-0.1412,-0.1856,0.04,0.0
2009-01-16,13425.87670599673,3.891,4.0412,-0.06,0.0
2009-01-20,13738.240244659539,2.3266,1.8229,0.55,0.0
2009-01-21,13720.803159720588,-0.1269,-0.5851,0.46,0.0
2009-01-22,13842.307424926812,0.8855,1.0122,-0.11,0.0
2009-01-23,14409.607020135192,4.0983,4.323,-0.13,0.0
2009-01-26,14457.277511554244,0.3308,1.4744,-1.12,0.0
2009-01-27,14405.444122008823,-0.3585,-1.0237,0.66,0.0
2009-01-28,14231.607004412077,-1.2067,-1.2344,0.0,0.0
2009-01-29,14521.856736760832,2.0395,1.9142,0.17,0.0
2009-01-30,14828.947510683985,2.1147,2.4528,-0.29,0.0
2009-02-02,14562.156157818828,-1.7991,-2.2215,0.39,0.0
2009-02-03,14276.726752437302,-1.9601,-1.6213,-0.39,0.0
2009-02-04,14373.522025348595,0.678,1.0762,-0.38,0.0
2009-02-05,14609.00797340275,1.6383,1.331,0.34,0.0
2009-02-06,14430.066492041842,-1.2249,0.0328,-1.28,0.0
2009-02-09,14225.611895311307,-1.4169,-2.3526,0.93,0.0
2009-02-10,14574.441824477248,2.4521,2.3868,0.12,0.0
2009-02-11,15049.539897304181,3.2598,3.2943,0.03,0.0
2009-02-12,15165.37883616951,0.7697,0.498,0.29,0.0
2009-02-13,15059.605324070768,-0.6975,-0.738,0.03,0.0
2009-02-17,15673.880990165882,4.079,2.7084,1.42,0.0
2009-02-18,15983.875627059775,1.9778,1.1065,0.9,0.0
2009-02-19,15865.630009372622,-0.7398,-0.1637,-0.59,0.0
2009-02-20,16104.112912022967,1.5031,2.6329,-1.07,0.0
2009-02-23,16065.353141870903,-0.2407,-0.7187,0.48,0.0
2009-02-24,15808.216277609643,-1.6006,-2.5638,0.96,0.0
2009-02-25,15746.97733257495,-0.3874,-0.3508,-0.04,0.0
2009-02-26,15497.912213072064,-1.5817,-2.4749,0.88,0.0
2009-02-27,15631.707504497883,0.8633,-0.0319,0.91,0.0
2009-03-02,15861.494798602176,1.47,-0.2655,1.77,0.0
2009-03-03,15529.626669378782,-2.0923,-2.7796,0.67,0.0
2009-03-04,15281.398003802766,-1.5984,-0.7558,-0.88,0.0
2009-03-05,15706.437132648953,2.7814,2.3179,0.51,0.0
2009-03-06,15918.320242045693,1.349,1.6289,-0.25,0.0
2009-03-09,15579.6082061248,-2.1278,-2.59,0.43,0.0
2009-03-10,15135.91608153164,-2.8479,-2.4082,-0.51,0.0
2009-03-11,15252.881287836743,0.7728,1.6525,-0.85,0.0
2009-03-12,15631.991420709972,2.4855,1.4609,1.06,0.0
2009-03-13,15691.988070782867,0.3838,0.6604,-0.27,0.0
2009-03-16,15496.985065290759,-1.2427,-0.8819,-0.39,0.0
2009-03-17,15413.005794955801,-0.5419,-0.5642,0.01,0.0
2009-03-18,14937.613522128258,-3.0844,-3.0227,-0.13,0.0
2009-03-19,15801.761794074806,5.785,7.8317,-1.79,0.0
2009-03-20,15845.520915134128,0.2769,-0.2609,0.54,0.0
2009-03-23,15698.407891535355,-0.9284,-0.3871,-0.56,0.0
2009-03-24,15239.746642183363,-2.9217,-3.0249,0.05,0.0
2009-03-25,15456.286087072676,1.4209,1.3105,0.14,0.0
2009-03-26,15508.931792783627,0.3406,0.449,-0.1,0.0
2009-03-27,15412.053079494875,-0.6247,-1.7667,1.15,0.0
2009-03-30,15302.209114875459,-0.7127,-0.8126,0.09,0.0
2009-03-31,15363.680140877383,0.4017,0.7755,-0.36,0.0
2009-04-01,15349.068557475577,-0.0951,0.3794,-0.47,0.0
2009-04-02,14957.09185499317,-2.5537,-2.0192,-0.6,0.0
2009-04-03,14653.32589591725,-2.0309,-1.3004,-0.78,0.0
2009-04-06,14285.019984748069,-2.5135,-2.6909,0.13,0.0
2009-04-07,14438.571489247057,1.0749,1.2278,-0.13,0.0
2009-04-08,14549.081782937474,0.7654,0.2947,0.49,0.0
2009-04-09,14433.46672356257,-0.7947,-0.2938,-0.52,0.0
2009-04-13,14607.836773643481,1.2081,1.4169,-0.18,0.0
2009-04-14,14545.063236201326,-0.4297,-0.4247,-0.01,0.0
2009-04-15,14536.404617985836,-0.0595,0.2133,-0.27,0.0
2009-04-16,14365.803472867321,-1.1736,-1.5121,0.32,0.0
2009-04-17,14141.14263193782,-1.5639,-1.3533,-0.25,0.0
2009-04-20,14573.960244081285,3.0607,2.2596,0.85,0.0
2009-04-21,14555.79692487445,-0.1246,-0.5524,0.43,0.0
2009-04-22,14719.15610866162,1.1223,1.0996,0.05,0.0
2009-04-23,14818.98173348571,0.6782,1.5811,-0.87,0.0
2009-04-24,14871.601989588118,0.3551,0.85,-0.48,0.0
2009-04-27,14911.872070218296,0.2708,-0.6786,0.96,0.0
2009-04-28,14777.232761576894,-0.9029,-1.609,0.7,0.0
2009-04-29,14727.29073443766,-0.338,0.7841,-1.12,0.0
2009-04-30,14385.794832028996,-2.3188,-1.0113,-1.37,0.0
2009-05-01,14337.91187193374,-0.3328,-0.348,0.01,0.0
2009-05-04,14680.495873169037,2.3894,1.5773,0.85,0.0
2009-05-05,14627.118184952427,-0.3636,0.2329,-0.6,0.0
2009-05-06,14734.045293103602,0.731,0.7525,-0.01,0.0
2009-05-07,14770.670099326031,0.2486,0.4942,-0.24,0.0
2009-05-08,14749.422925141827,-0.1438,-0.0656,-0.08,0.0
2009-05-11,14769.27462545978,0.1346,-0.1531,0.29,0.0
2009-05-12,14929.74083330289,1.0865,1.1501,-0.04,0.0
2009-05-13,15038.19308497337,0.7264,0.2166,0.52,0.0
2009-05-14,15144.837716401993,0.7092,0.2701,0.45,0.0
2009-05-15,15088.570688696216,-0.3715,0.3125,-0.69,0.0
2009-05-18,14395.785031215592,-4.5915,-1.0313,-3.69,0.0
2009-05-19,14425.22986278227,0.2045,0.5427,-0.33,0.0
2009-05-20,14527.542431075084,0.7093,1.1551,-0.43,0.0
2009-05-21,14737.999989042384,1.4487,1.4728,0.01,0.0
2009-05-22,14828.42379113813,0.6135,0.8098,-0.18,0.0
2009-05-26,14863.01631457451,0.2333,-0.5634,0.81,0.0
2009-05-27,14859.640652543181,-0.0227,0.0105,-0.03,0.0
2009-05-28,14988.27363902679,0.8657,0.8707,0.01,0.0
2009-05-29,15080.734759478208,0.6169,1.7993,-1.15,0.0
2009-06-01,15056.319517295511,-0.1619,-0.0204,-0.14,0.0
2009-06-02,15135.166310173812,0.5237,0.4701,0.06,0.0
2009-06-03,14840.604234732504,-1.9462,-1.902,-0.09,0.0
2009-06-04,15167.766528960427,2.2045,1.7315,0.51,0.0
2009-06-05,14821.890965169909,-2.2803,-1.9874,-0.35,0.0
2009-06-08,14777.981820540324,-0.2962,-1.0398,0.75,0.0
2009-06-09,14793.34011537494,0.1039,0.2417,-0.14,0.0
2009-06-10,14761.749145815898,-0.2135,0.0,-0.22,0.0
2009-06-11,14938.859142965928,1.1998,0.7652,0.46,0.0
2009-06-12,14599.09430329111,-2.2744,-2.2053,-0.12,0.0
2009-06-15,14548.217796024837,-0.3485,-1.4041,1.06,0.0
2009-06-16,14585.421432079844,0.2557,0.5071,-0.24,0.0
2009-06-17,14733.9136022113,1.0181,0.4079,0.63,0.0
2009-06-18,14701.199919951294,-0.222,-0.1497,-0.08,0.0
2009-06-19,14770.990475160037,0.4747,0.1713,0.31,0.0
2009-06-22,14586.341104506117,-1.2501,-1.6032,0.33,0.0
2009-06-23,14733.793339102416,1.0109,0.3585,0.67,0.0
2009-06-24,14820.76761278454,0.5903,1.104,-0.5,0.0
2009-06-25,14946.801937376942,0.8504,0.5353,0.33,0.0
2009-06-26,14828.096557009845,-0.7942,0.1704,-0.98,0.0
2009-06-29,14821.347160676747,-0.0455,-0.0319,-0.01,0.0
2009-06-30,14548.012190393692,-1.8442,-1.4143,-0.47,0.0
2009-07-01,14777.063070061118,1.5744,1.4993,0.11,0.0
2009-07-02,14620.694765386308,-1.0582,-1.0946,0.01,0.0
2009-07-06,14689.903142298283,0.4734,-0.7199,1.21,0.0
2009-07-07,14666.709942417083,-0.1579,0.5195,-0.68,0.0
2009-07-08,14572.617112764876,-0.6415,-2.1318,1.51,0.0
2009-07-09,14638.553736885322,0.4525,0.7591,-0.29,0.0
2009-07-10,14632.83242115796,-0.0391,-0.404,0.37,0.0
2009-07-13,14924.565179383217,1.9937,1.0963,0.93,0.0
2009-07-14,14758.189918655062,-1.1148,0.0325,-1.17,0.0
2009-07-15,14879.774011511267,0.8238,1.7995,-0.94,0.0
2009-07-16,14872.38945599038,-0.0496,-0.4259,0.38,0.0
2009-07-17,14954.833469209912,0.5543,0.2246,0.34,0.0
2009-07-20,14989.117071799392,0.2292,1.2057,-0.96,0.0
2009-07-21,15015.995082915504,0.1793,-0.2003,0.38,0.0
2009-07-22,15143.372838801897,0.8483,0.6761,0.19,0.0
2009-07-23,15144.641133198842,0.0084,0.1574,-0.15,0.0
2009-07-24,15043.763380383483,-0.6661,-0.1781,-0.5,0.0
2009-07-27,15039.853106909139,-0.026,0.0525,-0.08,0.0
2009-07-28,14831.125582502254,-1.3878,-1.5001,0.09,0.0
2009-07-29,14725.727460302642,-0.7107,-1.2567,0.54,0.0
2009-07-30,14810.360604154868,0.5747,0.8305,-0.24,0.0
2009-07-31,14903.152782641506,0.6265,2.0109,-1.34,0.0
2009-08-03,14944.482298662606,0.2773,0.3041,-0.02,0.0
2009-08-04,15065.935081592192,0.8127,1.1395,-0.31,0.0
2009-08-05,15046.570092252636,-0.1285,-0.3411,0.21,0.0
2009-08-06,15006.630718947137,-0.2654,-0.363,0.09,0.0
2009-08-07,15033.066252677516,0.1762,-0.3539,0.54,0.0
2009-08-10,14794.547459976746,-1.5866,-1.2849,-0.34,0.0
2009-08-11,14869.762888601446,0.5084,0.0847,0.43,0.0
2009-08-12,15059.25548568662,1.2743,0.5181,0.78,0.0
2009-08-13,15049.836900149623,-0.0625,0.4207,-0.48,0.0
2009-08-14,14978.370322631088,-0.4749,-0.8065,0.32,0.0
2009-08-17,14889.960586024159,-0.5902,-1.3411,0.75,0.0
2009-08-18,14978.62945382582,0.5955,0.3639,0.24,0.0
2009-08-19,15060.832401135385,0.5488,0.5972,-0.04,0.0
2009-08-20,14997.26084469049,-0.4221,-0.318,-0.11,0.0
2009-08-21,15142.810266140945,0.9705,1.3719,-0.38,0.0
2009-08-24,14965.809469322456,-1.1689,-1.1435,-0.05,0.0
2009-08-25,15080.217280068924,0.7645,0.2335,0.55,0.0
2009-08-26,15107.750240970498,0.1826,-0.0212,0.21,0.0
2009-08-27,15161.52665850829,0.356,0.1271,0.24,0.0
2009-08-28,15231.212205436274,0.4596,1.2163,-0.74,0.0
2009-08-31,15216.448501002387,-0.0969,-0.5538,0.46,0.0
2009-09-01,15281.271211874859,0.426,0.3152,0.12,0.0
2009-09-02,15651.302694987238,2.4215,2.2939,0.17,0.0
2009-09-03,15934.221546202347,1.8076,1.966,-0.12,0.0
2009-09-04,15915.294157010023,-0.1188,-0.0904,-0.03,0.0
2009-09-08,15844.313966016245,-0.446,0.3015,-0.75,0.0
2009-09-09,15800.612484721936,-0.2758,-0.2606,-0.02,0.0
2009-09-10,15845.05508772588,0.2813,0.0101,0.28,0.0
2009-09-11,15935.26059559501,0.5693,0.9544,-0.37,0.0
2009-09-14,15935.26264701971,0.0,-0.4976,0.5,0.0
2009-09-15,15961.695846044224,0.1659,0.51,-0.34,0.0
2009-09-16,16071.845767246892,0.6901,1.3831,-0.67,0.0
2009-09-17,15928.673903969817,-0.8908,-0.6478,-0.26,0.0
2009-09-18,15886.653710771872,-0.2638,-0.3062,0.04,0.0
2009-09-21,15786.22028726432,-0.6322,-0.545,-0.1,0.0
2009-09-22,15968.768662795881,1.1564,1.0461,0.13,0.0
2009-09-23,15917.00876634467,-0.3241,-0.1183,-0.21,0.0
2009-09-24,15664.261560171624,-1.5879,-1.5301,-0.09,0.0
2009-09-25,15561.371843430517,-0.6568,-0.7318,0.06,0.0
2009-09-28,15535.553360457536,-0.1659,0.2323,-0.4,0.0
2009-09-29,15647.575164996544,0.7211,0.0605,0.67,0.0
2009-09-30,15794.230997886843,0.9372,1.5004,-0.54,0.0
2009-10-01,15640.437559413296,-0.9737,-0.8433,-0.15,0.0
2009-10-02,15661.746597062649,0.1362,0.3702,-0.23,0.0
2009-10-05,15796.556702800272,0.8608,1.3457,-0.46,0.0
2009-10-06,15923.995308737825,0.8067,2.154,-1.3,0.0
2009-10-07,15930.297307231373,0.0396,0.4525,-0.41,0.0
2009-10-08,15982.632742348855,0.3285,1.1598,-0.82,0.0
2009-10-09,15950.552143750687,-0.2007,-0.7201,0.52,0.0
2009-10-12,16042.718234143167,0.5778,0.8494,-0.26,0.0
2009-10-13,16135.635007915138,0.5792,0.7098,-0.12,0.0
2009-10-14,16040.528551235902,-0.5894,-0.0282,-0.57,0.0
2009-10-15,15808.966207849991,-1.4436,-1.3253,-0.15,0.0
2009-10-16,15906.712603327944,0.6183,0.0857,0.54,0.0
2009-10-19,15919.765637406808,0.0821,0.6282,-0.54,0.0
2009-10-20,16031.89964002218,0.7044,0.0473,0.67,0.0
2009-10-21,16168.207551385638,0.8502,0.5578,0.31,0.0
2009-10-22,16131.205962644663,-0.2289,-0.5547,0.32,0.0
2009-10-23,16056.875318971892,-0.4608,-0.208,-0.26,0.0
2009-10-26,15896.236136919062,-1.0004,-1.2789,0.26,0.0
2009-10-27,15914.559783920344,0.1153,-0.7101,0.83,0.0
2009-10-28,15921.593967749335,0.0442,-0.4639,0.51,0.0
2009-10-29,16171.867095584737,1.5719,1.6021,0.0,0.0
2009-10-30,15983.328740361389,-1.1658,-0.6403,-0.55,0.0
2009-11-02,16150.023418231931,1.0429,1.3177,-0.25,0.0
2009-11-03,16771.836708771974,3.8502,2.9334,0.96,0.0
2009-11-04,16651.072029114886,-0.72,0.2213,-0.95,0.0
2009-11-05,16729.468712230166,0.4708,0.184,0.29,0.0
2009-11-06,16756.339221301678,0.1606,0.5879,-0.42,0.0
2009-11-09,16710.33861065676,-0.2745,0.5205,-0.8,0.0
2009-11-10,16709.023487749248,-0.0079,0.0999,-0.11,0.0
2009-11-11,16921.44551381486,1.2713,1.0981,0.19,0.0
2009-11-12,16891.688983952867,-0.1759,-0.7181,0.54,0.0
2009-11-13,16898.952537014033,0.043,0.9132,-0.86,0.0
2009-11-16,17135.473431703675,1.3996,2.0159,-0.58,0.0
2009-11-17,17226.302742785516,0.5301,0.0176,0.52,0.0
2009-11-18,17206.864503497498,-0.1128,0.1668,-0.28,0.0
2009-11-19,17382.37666682383,1.02,0.0614,0.98,0.0
2009-11-20,17453.522332146233,0.4093,0.4381,-0.02,0.0
2009-11-23,17653.979768934118,1.1485,1.5614,-0.39,0.0
2009-11-24,17649.381616472125,-0.026,0.1031,-0.13,0.0
2009-11-25,17857.274303894654,1.1779,1.8361,-0.63,0.0
2009-11-27,17835.514854526682,-0.1219,-1.07,0.96,0.0
2009-11-30,17941.59753147953,0.5948,0.5876,0.02,0.0
2009-12-01,18121.78675707007,1.0043,1.524,-0.5,0.0
2009-12-02,18302.60450582173,0.9978,1.0758,-0.06,0.0
2009-12-03,18304.53361295252,0.0105,0.4455,-0.43,0.0
2009-12-04,17630.11419535564,-3.6844,-3.9921,0.26,0.0
2009-12-07,17680.9605333063,0.2884,-0.462,0.76,0.0
2009-12-08,17428.314405499386,-1.4289,-1.7707,0.32,0.0
2009-12-09,17060.16274669086,-2.1124,-1.9601,-0.19,0.0
2009-12-10,17135.826219122842,0.4435,0.473,-0.02,0.0
2009-12-11,17025.40931288615,-0.6444,-0.5596,-0.1,0.0
2009-12-14,17154.105118710566,0.7559,0.3484,0.42,0.0
2009-12-15,17158.64377391052,0.0265,-0.0801,0.11,0.0
2009-12-16,17307.949401437494,0.8701,1.1671,-0.28,0.0
2009-12-17,16977.7065996603,-1.908,-2.5275,0.6,0.0
2009-12-18,16979.053385423194,0.0079,0.3614,-0.35,0.0
2009-12-21,16788.317781654936,-1.1234,-1.3864,0.25,0.0
2009-12-22,16639.84225716173,-0.8844,-0.8581,-0.04,0.0
2009-12-23,16732.805723701462,0.5587,0.6722,-0.1,0.0
2009-12-24,16859.63655080838,0.758,0.9878,-0.21,0.0
2009-12-28,16834.93612508564,-0.1465,0.2808,-0.43,0.0
2009-12-29,16721.406435449466,-0.6744,-0.9212,0.24,0.0
2009-12-30,16618.01887247416,-0.6183,-0.5014,-0.13,0.0
2009-12-31,16638.1225281777,0.121,0.339,-0.22,0.0
2010-01-04,16933.52784329208,1.7755,2.0544,-0.24,0.0
2010-01-05,16879.08906707085,-0.3215,0.0358,-0.36,0.0
2010-01-06,16996.94745054661,0.6983,1.592,-0.87,0.0
2010-01-07,16944.13052336718,-0.3107,-0.2465,-0.07,0.0
2010-01-08,16956.83513075114,0.075,0.4501,-0.37,0.0
2010-01-11,17080.57143144088,0.7297,1.0982,-0.35,0.0
2010-01-12,16857.03099270886,-1.3087,-1.8945,0.57,0.0
2010-01-13,16919.532570746338,0.3708,0.6644,-0.28,0.0
2010-01-14,17037.756964263706,0.6987,0.5456,0.16,0.0
2010-01-15,16941.8476275039,-0.5629,-1.094,0.53,0.0
2010-01-19,17099.705137491208,0.9318,0.8495,0.1,0.0
2010-01-20,16792.373426077505,-1.7973,-2.4041,0.59,0.0
2010-01-21,16646.485518713263,-0.8688,-0.8631,-0.02,0.0
2010-01-22,16486.631368708073,-0.9603,-1.2243,0.25,0.0
2010-01-25,16524.740746486732,0.2312,0.5509,-0.31,0.0
2010-01-26,16483.554857254792,-0.2492,0.2465,-0.5,0.0
2010-01-27,16448.42097874367,-0.2131,-1.2296,1.03,0.0
2010-01-28,16446.958125449928,-0.0089,-0.0738,0.06,0.0
2010-01-29,16350.969677783041,-0.5836,-0.0554,-0.54,0.0
2010-02-01,16734.111489646835,2.3432,1.9668,0.41,0.0
2010-02-02,16861.52504395684,0.7614,1.1863,-0.41,0.0
2010-02-03,16701.132610949677,-0.9512,-0.537,-0.43,0.0
2010-02-04,16083.9163295184,-3.6957,-4.4089,0.68,0.0
2010-02-05,16071.074187715856,-0.0798,-0.9601,0.89,0.0
2010-02-08,16304.257959252443,1.451,1.283,0.19,0.0
2010-02-09,16358.678308774828,0.3338,1.0322,-0.69,0.0
2010-02-10,16341.10562852635,-0.1074,-0.0836,-0.03,0.0
2010-02-11,16623.204592406524,1.7263,1.7103,0.05,0.0
2010-02-12,16553.091022696826,-0.4218,-0.4295,0.0,0.0
2010-02-16,16846.503040732485,1.7726,2.7352,-0.91,0.0
2010-02-17,16859.536820896636,0.0774,0.0179,0.06,0.0
2010-02-18,16884.795703900512,0.1498,-0.134,0.29,0.0
2010-02-19,16948.17033358832,0.3753,0.2952,0.09,0.0
2010-02-22,16790.381203664823,-0.931,-0.7759,-0.17,0.0
2010-02-23,16703.209624980675,-0.5192,-0.8898,0.36,0.0
2010-02-24,16618.031741029485,-0.5099,-0.5623,0.04,0.0
2010-02-25,16790.472588473265,1.0377,1.0306,0.03,0.0
2010-02-26,16802.957528124294,0.0744,0.9478,-0.86,0.0
2010-03-01,16831.51646795176,0.17,-0.0447,0.22,0.0
2010-03-02,17124.22691496093,1.7391,1.7087,0.06,0.0
2010-03-03,17034.44528881574,-0.5243,0.5102,-1.04,0.0
2010-03-04,16930.23094222749,-0.6118,-0.8839,0.26,0.0
2010-03-05,16882.269868349867,-0.2833,0.1942,-0.48,0.0
2010-03-08,16700.546757142787,-1.0764,-0.987,-0.11,0.0
2010-03-09,16731.301668295186,0.1842,-0.1424,0.33,0.0
2010-03-10,16437.86928600775,-1.7538,-1.2656,-0.53,0.0
2010-03-11,16490.654056725743,0.3211,0.018,0.31,0.0
2010-03-12,16412.671631856236,-0.4729,-0.5866,0.11,0.0
2010-03-15,16486.648834968815,0.4507,0.3268,0.13,0.0
2010-03-16,16676.50267614735,1.1516,1.5474,-0.37,0.0
2010-03-17,16663.01979774935,-0.0808,0.1604,-0.24,0.0
2010-03-18,16752.38845147457,0.5363,0.3025,0.24,0.0
2010-03-19,16410.67921768815,-2.0398,-1.774,-0.31,0.0
2010-03-22,16370.59480834435,-0.2443,-0.7314,0.49,0.0
2010-03-23,16407.158899740345,0.2234,0.3821,-0.15,0.0
2010-03-24,16189.67175805723,-1.3256,-1.3503,0.0,0.0
2010-03-25,16280.431219998824,0.5606,0.3766,0.19,0.0
2010-03-26,16314.422965683427,0.2088,1.0524,-0.83,0.0
2010-03-29,16292.232816373813,-0.136,0.5524,-0.69,0.0
2010-03-30,16258.406122526427,-0.2076,-0.5224,0.31,0.0
2010-03-31,16335.443386795529,0.4738,0.7967,-0.31,0.0
2010-04-01,16433.05807846914,0.5976,1.0599,-0.45,0.0
2010-04-05,16457.488956058034,0.1487,0.6933,-0.54,0.0
2010-04-06,16481.565769345245,0.1463,0.1942,-0.05,0.0
2010-04-07,16748.992533393055,1.6226,1.5153,0.14,0.0
2010-04-08,16725.3367019058,-0.1412,-0.0087,-0.14,0.0
2010-04-09,16770.085258142328,0.2675,0.7724,-0.5,0.0
2010-04-12,16859.33997612055,0.5322,0.0431,0.5,0.0
2010-04-13,16822.10187162887,-0.2209,-0.7576,0.54,0.0
2010-04-14,16773.83379327208,-0.2869,0.5378,-0.83,0.0
2010-04-15,16813.61161899444,0.2371,0.0604,0.18,0.0
2010-04-16,16490.636573237774,-1.9209,-2.0178,0.06,0.0
2010-04-19,16624.601457562734,0.8124,-0.0968,0.93,0.0
2010-04-20,16549.763602589257,-0.4502,0.2995,-0.76,0.0
2010-04-21,16690.46396194812,0.8502,0.8431,0.02,0.0
2010-04-22,16620.932564248873,-0.4166,-0.5138,0.09,0.0
2010-04-23,16719.630901472738,0.5938,0.9455,-0.34,0.0
2010-04-26,16710.492388316427,-0.0547,0.0347,-0.09,0.0
2010-04-27,16901.84986123638,1.1451,0.7109,0.45,0.0
2010-04-28,17057.87360678109,0.9231,0.8264,0.11,0.0
2010-04-29,16997.6005840576,-0.3533,-0.2476,-0.11,0.0
2010-04-30,17088.922121201067,0.5373,1.0014,-0.45,0.0
2010-05-03,17182.94874746834,0.5502,0.2203,0.34,0.0
2010-05-04,17038.028845879882,-0.8434,-1.1922,0.34,0.0
2010-05-05,17237.26015166524,1.1693,0.5134,0.67,0.0
2010-05-06,17793.553463137134,3.2273,1.8985,1.36,0.0
2010-05-07,17968.6800886619,0.9842,1.0945,-0.09,0.0
2010-05-10,17575.71073319064,-2.187,-0.7934,-1.44,0.0
2010-05-11,17945.37886281298,2.1033,1.6245,0.51,0.0
2010-05-12,18259.189079454274,1.7487,1.869,-0.09,0.0
2010-05-13,18054.359640180646,-1.1218,-1.1185,-0.02,0.0
2010-05-14,18156.463454188863,0.5655,-0.1139,0.69,0.0
2010-05-17,18270.557405786298,0.6284,0.0244,0.61,0.0
2010-05-18,18086.908834117294,-1.0052,-1.0915,0.07,0.0
2010-05-19,18042.43324734285,-0.2459,-1.787,1.56,0.0
2010-05-20,18149.36623721109,0.5927,-0.4025,1.01,0.0
2010-05-21,18034.81744754567,-0.6311,-1.0187,0.38,0.0
2010-05-24,18266.396683678497,1.2841,1.5395,-0.23,0.0
2010-05-25,18584.612911746277,1.7421,0.3351,1.43,0.0
2010-05-26,18672.99032213601,0.4755,1.294,-0.8,0.0
2010-05-27,18503.72968315307,-0.9064,-0.1154,-0.81,0.0
2010-05-28,18344.547017031087,-0.8603,0.0247,-0.9,0.0
2010-06-01,18840.441083235713,2.7032,1.0394,1.69,0.0
2010-06-02,18665.803824707185,-0.9269,-0.3429,-0.6,0.0
2010-06-03,18364.189647630592,-1.6159,-1.0077,-0.64,0.0
2010-06-04,18623.060251812047,1.4096,0.6538,0.77,0.0
2010-06-07,18943.191415525922,1.719,1.8994,-0.15,0.0
2010-06-08,19029.892866665177,0.4577,0.3792,0.09,0.0
2010-06-09,18788.622401687273,-1.2678,-1.246,-0.04,0.0
2010-06-10,18649.18973193205,-0.7421,-0.6268,-0.13,0.0
2010-06-11,18770.936113735566,0.6528,0.6635,0.0,0.0
2010-06-14,18549.111557295077,-1.1817,-0.4557,-0.75,0.0
2010-06-15,18696.79766460006,0.7962,0.8093,0.0,0.0
2010-06-16,18642.570797028304,-0.29,-0.3162,0.02,0.0
2010-06-17,18785.78944181632,0.7682,1.4805,-0.69,0.0
2010-06-18,18897.189269133567,0.593,0.7776,-0.17,0.0
2010-06-21,18498.819933880306,-2.1081,-1.392,-0.76,0.0
2010-06-22,18645.26651055873,0.7917,0.0161,0.79,0.0
2010-06-23,18611.031156100806,-0.1836,-0.4678,0.28,0.0
2010-06-24,18824.226504885177,1.1455,0.9238,0.24,0.0
2010-06-25,18933.00727237024,0.5779,0.827,-0.24,0.0
2010-06-28,18651.959059167057,-1.4844,-1.4015,-0.11,0.0
2010-06-29,18832.06867731472,0.9656,0.3069,0.67,0.0
2010-06-30,18880.289003000362,0.2561,0.2818,-0.02,0.0
2010-07-01,18299.384340040993,-3.0768,-3.1473,0.02,0.0
2010-07-02,18374.026008272496,0.4079,0.0912,0.32,0.0
2010-07-06,18200.7765853587,-0.9429,-1.0436,0.09,0.0
2010-07-07,18392.584361315923,1.0538,0.318,0.75,0.0
2010-07-08,18234.982912687672,-0.8569,-0.2336,-0.64,0.0
2010-07-09,18391.40174513117,0.8578,1.154,-0.28,0.0
2010-07-12,18279.33024165236,-0.6094,-0.9177,0.3,0.0
2010-07-13,18403.832392167566,0.6811,1.2349,-0.54,0.0
2010-07-14,18380.563420180973,-0.1264,-0.5357,0.41,0.0
2010-07-15,18341.778188201948,-0.211,0.1077,-0.32,0.0
2010-07-16,18137.09258005436,-1.116,-1.6638,0.54,0.0
2010-07-19,17810.746677970266,-1.7993,-0.5303,-1.31,0.0
2010-07-20,18400.33436751491,3.3103,0.8293,2.52,0.0
2010-07-21,18332.893560911994,-0.3665,0.0084,-0.38,0.0
2010-07-22,18380.383588507062,0.259,0.3273,-0.06,0.0
2010-07-23,18205.139288354912,-0.9534,-0.6525,-0.32,0.0
2010-07-26,18192.47773837186,-0.0695,-0.3957,0.33,0.0
2010-07-27,17667.3003429727,-2.8868,-2.1133,-0.84,0.0
2010-07-28,17718.964279365875,0.2924,0.2073,0.09,0.0
2010-07-29,17752.65454517182,0.1901,0.6894,-0.49,0.0
2010-07-30,17913.326621627963,0.9051,1.1383,-0.22,0.0
2010-08-02,17835.178293725763,-0.4363,0.1439,-0.59,0.0
2010-08-03,17877.089843428206,0.235,0.1521,0.09,0.0
2010-08-04,18003.148964103508,0.7051,0.7172,0.0,0.0
2010-08-05,18005.788015466507,0.0147,0.2932,-0.28,0.0
2010-08-06,18119.149366024798,0.6296,0.5179,0.12,0.0
2010-08-09,18041.337333680054,-0.4294,-0.2244,-0.21,0.0
2010-08-10,18020.996123088727,-0.1127,-0.3748,0.26,0.0
2010-08-11,18129.577585968134,0.6025,0.1087,0.5,0.0
2010-08-12,18496.516295679303,2.024,1.4447,0.6,0.0
2010-08-13,18544.885311333666,0.2615,0.0082,0.26,0.0
2010-08-16,18656.77141867834,0.6033,0.7902,-0.18,0.0
2010-08-17,18709.94261521451,0.285,0.1715,0.12,0.0
2010-08-18,18726.81930514468,0.0902,0.2527,-0.16,0.0
2010-08-19,18760.48980045992,0.1798,0.3334,-0.15,0.0
2010-08-20,18590.71886883834,-0.9049,-0.5349,-0.39,0.0
2010-08-23,18684.862936532416,0.5064,-0.0244,0.54,0.0
2010-08-24,18740.466614773257,0.2976,0.3994,-0.1,0.0
2010-08-25,18973.298219906483,1.2424,0.6251,0.63,0.0
2010-08-26,18917.48893263181,-0.2941,-0.3308,0.03,0.0
2010-08-27,18892.751868611613,-0.1308,0.0486,-0.18,0.0
2010-08-30,18915.265772019295,0.1192,0.089,0.03,0.0
2010-08-31,19111.892410868262,1.0395,0.9053,0.15,0.0
2010-09-01,19143.85954768847,0.1673,-0.1602,0.33,0.0
2010-09-02,19070.388190923033,-0.3838,0.4172,-0.8,0.0
2010-09-03,19015.80877344399,-0.2862,-0.1838,-0.11,0.0
2010-09-07,19101.99906282528,0.4533,0.6484,-0.19,0.0
2010-09-08,19135.91707340026,0.1776,-0.1352,0.32,0.0
2010-09-09,18978.39094618836,-0.8232,-0.5336,-0.3,0.0
2010-09-10,18826.559791354604,-0.8,-0.3523,-0.46,0.0
2010-09-13,18827.485121598682,0.0049,0.0482,-0.04,0.0
2010-09-14,19171.904499960863,1.8293,1.9757,-0.11,0.0
2010-09-15,19090.661814245348,-0.4238,-0.2363,-0.19,0.0
2010-09-16,19192.33754989387,0.5326,0.4105,0.13,0.0
2010-09-17,19206.28287109188,0.0727,0.2909,-0.22,0.0
2010-09-20,19165.38810496341,-0.2129,0.2665,-0.48,0.0
2010-09-21,18962.493852685286,-1.0586,-0.516,-0.56,0.0
2010-09-22,19206.977072303995,1.2893,1.3989,-0.09,0.0
2010-09-23,19257.905022444418,0.2652,0.3178,-0.05,0.0
2010-09-24,19237.80474505105,-0.1044,0.1313,-0.24,0.0
2010-09-27,19160.484500935083,-0.4019,0.054,-0.46,0.0
2010-09-28,19174.25444140333,0.0719,0.7635,-0.69,0.0
2010-09-29,19252.183516869074,0.4064,0.1454,0.27,0.0
2010-09-30,19090.677057610512,-0.8389,-0.0535,-0.8,0.0
2010-10-01,19156.193949413566,0.3432,0.6346,-0.28,0.0
2010-10-04,19082.728283272045,-0.3835,-0.0532,-0.34,0.0
2010-10-05,19434.215476298403,1.8419,1.7865,0.08,0.0
2010-10-06,19519.75441298496,0.4401,0.5602,-0.11,0.0
2010-10-07,19251.25636890527,-1.3755,-0.9284,-0.47,0.0
2010-10-08,19401.914211371728,0.7826,0.7722,0.02,0.0
2010-10-11,19621.73223227033,1.133,0.677,0.47,0.0
2010-10-12,19492.454436103475,-0.6589,-0.5616,-0.11,0.0
2010-10-13,19893.534489687656,2.0576,1.7686,0.32,0.0
2010-10-14,19925.72573666265,0.1618,0.5257,-0.36,0.0
2010-10-15,19725.992191242145,-1.0024,-0.4068,-0.61,0.0
2010-10-18,19767.08529299417,0.2083,0.0073,0.2,0.0
2010-10-19,19259.719477547475,-2.5667,-2.6327,0.03,0.0
2010-10-20,19445.270990147936,0.9634,0.6142,0.36,0.0
2010-10-21,19124.807128606983,-1.648,-1.3847,-0.29,0.0
2010-10-22,19120.544983535165,-0.0223,-0.0226,0.0,0.0
2010-10-25,19459.20215115728,1.7712,1.0495,0.74,0.0
2010-10-26,19335.31756876236,-0.6366,-0.0224,-0.62,0.0
2010-10-27,19174.30027152837,-0.8328,-1.1809,0.34,0.0
2010-10-28,19467.000002594206,1.5265,1.5051,0.05,0.0
2010-10-29,19681.220258364196,1.1004,1.1177,0.0,0.0
2010-11-01,19594.834968149014,-0.4389,-0.5084,0.06,0.0
2010-11-02,19636.33748275588,0.2118,0.4592,-0.24,0.0
2010-11-03,19301.01915894506,-1.7076,-1.4229,-0.32,0.0
2010-11-04,19971.250129199438,3.4725,3.4104,0.11,0.0
2010-11-05,20072.49111236603,0.5069,1.0559,-0.54,0.0
2010-11-08,20099.355147831495,0.1338,0.3936,-0.26,0.0
2010-11-09,20379.457645439856,1.3936,0.499,0.91,0.0
2010-11-10,20177.578407501132,-0.9906,-0.759,-0.25,0.0
2010-11-11,20265.98535996813,0.4381,0.2859,0.16,0.0
2010-11-12,19720.740229188592,-2.6904,-2.6869,-0.05,0.0
2010-11-15,20000.103244384674,1.4166,0.2197,1.22,0.0
2010-11-16,19709.621431501357,-1.4524,-2.1996,0.74,0.0
2010-11-17,19722.249062236555,0.0641,-0.1121,0.18,0.0
2010-11-18,19920.498211890794,1.0052,1.2044,-0.18,0.0
2010-11-19,19928.604452458258,0.0407,-0.0517,0.09,0.0
2010-11-22,20057.767953070237,0.6481,0.4067,0.25,0.0
2010-11-23,20362.291687125533,1.5182,1.4584,0.08,0.0
2010-11-24,20401.232455750614,0.1912,-0.3339,0.53,0.0
2010-11-26,20253.91637444384,-0.7221,-0.7721,0.04,0.0
2010-11-29,20374.865770536966,0.5972,0.2716,0.33,0.0
2010-11-30,20694.167519195224,1.5671,1.3909,0.2,0.0
2010-12-01,20714.65554356225,0.099,0.1661,-0.07,0.0
2010-12-02,20491.24997649626,-1.0785,0.0865,-1.18,0.0
2010-12-03,20691.822336050867,0.9788,1.2171,-0.22,0.0
2010-12-06,20736.725302527793,0.217,0.7044,-0.48,0.0
2010-12-07,20589.011565256027,-0.7123,-0.4946,-0.23,0.0
2010-12-08,20079.526419856287,-2.4745,-1.832,-0.69,0.0
2010-12-09,20440.659058101883,1.7985,0.6944,1.12,0.0
2010-12-10,20350.063865343098,-0.4432,-0.5603,0.11,0.0
2010-12-13,20493.431048235587,0.7045,0.9391,-0.22,0.0
2010-12-14,20566.424900539198,0.3562,0.4509,-0.09,0.0
2010-12-15,20305.081353734942,-1.2707,-1.2895,0.0,0.0
2010-12-16,20236.856336018882,-0.336,-1.0899,0.76,0.0
2010-12-17,20356.15088181834,0.5895,0.5984,0.0,0.0
2010-12-20,20420.00674690292,0.3137,0.5005,-0.18,0.0
2010-12-21,20500.275679583177,0.3931,0.1949,0.2,0.0
2010-12-22,20444.236703031,-0.2734,-0.1008,-0.18,0.0
2010-12-23,20243.415066746973,-0.9823,-0.4903,-0.51,0.0
2010-12-27,20304.765630416,0.3031,0.1739,0.13,0.0
2010-12-28,20675.364718982302,1.8252,1.6493,0.2,0.0
2010-12-29,20721.767640522005,0.2244,0.5622,-0.33,0.0
2010-12-30,20599.821026440717,-0.5885,-0.5307,-0.07,0.0
2010-12-31,20773.416772257042,0.8427,1.1027,-0.24,0.0
2011-01-03,20798.685625277703,0.1216,0.1056,0.02,0.0
2011-01-04,20071.05015235251,-3.4985,-3.1,-0.46,0.0
2011-01-05,20125.956304542426,0.2736,-0.37,0.65,0.0
2011-01-06,20233.767533623402,0.5357,-0.1456,0.69,0.0
2011-01-07,20178.415746662933,-0.2736,-0.2115,-0.07,0.0
2011-01-10,20332.563773493548,0.7639,0.38,0.39,0.0
2011-01-11,20461.410098746048,0.6337,0.7498,-0.11,0.0
2011-01-12,20391.72466311326,-0.3406,0.1228,-0.47,0.0
2011-01-13,20325.29615149787,-0.3258,0.0866,-0.42,0.0
2011-01-14,19964.53416887901,-1.7749,-1.9107,0.11,0.0
2011-01-18,20286.966422372272,1.615,0.566,1.07,0.0
2011-01-19,20264.782538607404,-0.1094,0.1535,-0.26,0.0
2011-01-20,19910.799097433417,-1.7468,-1.7297,-0.04,0.0
2011-01-21,20036.781338532226,0.6327,-0.4085,1.06,0.0
2011-01-24,20006.164155888,-0.1528,0.261,-0.42,0.0
2011-01-25,19768.23934145757,-1.1893,-0.9074,-0.3,0.0
2011-01-26,19847.03837625947,0.3986,0.0525,0.35,0.0
2011-01-27,19565.125183814856,-1.4204,-1.0953,-0.35,0.0
2011-01-28,19993.571141802815,2.1898,1.6914,0.52,0.0
2011-01-31,19956.542931522763,-0.1852,-0.5146,0.33,0.0
2011-02-01,20025.650765927392,0.3463,0.4348,-0.08,0.0
2011-02-02,19739.424758252037,-1.4293,-0.6047,-0.85,0.0
2011-02-03,20060.489414683667,1.6265,1.5622,0.09,0.0
2011-02-04,20049.72336753668,-0.0537,-0.2958,0.24,0.0
2011-02-07,20060.26556160906,0.0526,-0.0519,0.11,0.0
2011-02-08,20161.320101771882,0.5038,1.1725,-0.65,0.0
2011-02-09,20111.50812195073,-0.2471,0.1027,-0.35,0.0
2011-02-10,20156.982021021176,0.2261,-0.2125,0.44,0.0
2011-02-11,20250.243402364238,0.4627,-0.1469,0.62,0.0
2011-02-14,20309.541697430668,0.2928,0.3456,-0.05,0.0
2011-02-15,20327.571429863212,0.0888,0.6595,-0.57,0.0
2011-02-16,20370.128626345035,0.2094,0.0801,0.13,0.0
2011-02-17,20471.606632434825,0.4982,0.7274,-0.22,0.0
2011-02-18,20477.960204332456,0.031,0.2528,-0.22,0.0
2011-02-22,20525.26660158605,0.231,0.886,-0.65,0.0
2011-02-23,20816.987882062214,1.4213,0.9211,0.52,0.0
2011-02-24,20799.064774034687,-0.0861,0.1344,-0.22,0.0
2011-02-25,20861.98817905016,0.3025,-0.4663,0.78,0.0
2011-02-28,20802.781747865243,-0.2838,0.0426,-0.33,0.0
2011-03-01,21045.114091589912,1.1649,1.5185,-0.33,0.0
2011-03-02,21014.60653708646,-0.145,0.4543,-0.6,0.0
2011-03-03,20699.942753895888,-1.4974,-1.4751,-0.04,0.0
2011-03-04,20894.070002024986,0.9378,0.8616,0.09,0.0
2011-03-07,21003.5835287586,0.5241,0.4131,0.12,0.0
2011-03-08,20930.37788021339,-0.3485,-0.5021,0.15,0.0
2011-03-09,20932.91088569505,0.0121,0.1682,-0.16,0.0
2011-03-10,20672.437282199673,-1.2443,-1.1964,-0.07,0.0
2011-03-11,20916.286227471104,1.1796,0.6586,0.53,0.0
2011-03-14,21019.87146700373,0.4952,0.2181,0.28,0.0
2011-03-15,20425.506764530473,-2.8276,-2.2462,-0.64,0.0
2011-03-16,20568.895714947612,0.702,0.2441,0.47,0.0
2011-03-17,20621.854660311605,0.2575,0.5731,-0.31,0.0
2011-03-18,20807.754760592063,0.9015,0.8476,0.07,0.0
2011-03-21,20933.09497956889,0.6024,0.7274,-0.12,0.0
2011-03-22,20911.51471126426,-0.1031,0.0912,-0.2,0.0
2011-03-23,21033.94116447004,0.5854,0.7285,-0.13,0.0
2011-03-24,20943.11160642969,-0.4318,-0.2156,-0.22,0.0
2011-03-25,20749.163835284435,-0.9261,-0.6064,-0.34,0.0
2011-03-28,20701.281112680477,-0.2308,-0.4418,0.21,0.0
2011-03-29,20649.86451052848,-0.2484,-0.2676,0.02,0.0
2011-03-30,20743.6510242929,0.4542,0.5509,-0.09,0.0
2011-03-31,20937.33373007739,0.9337,1.0605,-0.11,0.0
2011-04-01,20708.97166053619,-1.0907,-0.7506,-0.36,0.0
2011-04-04,20766.64397763313,0.2785,0.2871,-0.0,0.0
2011-04-05,20986.056461782693,1.0566,1.3685,-0.29,0.0
2011-04-06,21061.684930884712,0.3604,0.4064,-0.04,0.0
2011-04-07,20955.850269986597,-0.5025,0.0549,-0.56,0.0
2011-04-08,21190.55534857175,1.12,1.0216,0.11,0.0
2011-04-11,21088.02928053865,-0.4838,-0.4072,-0.08,0.0
2011-04-12,20974.6355368116,-0.5377,-0.9881,0.45,0.0
2011-04-13,20969.417229317718,-0.0249,0.1377,-0.16,0.0
2011-04-14,21317.862663781118,1.6617,1.1547,0.53,0.0
2011-04-18,21541.531752263774,1.0492,1.3997,-0.33,0.0
2011-04-19,21614.649770016367,0.3394,0.1474,0.2,0.0
2011-04-20,21692.931644295524,0.3622,0.2543,0.11,0.0
2011-04-21,21690.39893124439,-0.0117,0.327,-0.34,0.0
2011-04-25,21771.12256409021,0.3722,0.3592,0.02,0.0
2011-04-26,21760.03818562554,-0.0509,-0.3712,0.32,0.0
2011-04-27,21955.647949623974,0.8989,0.9115,0.0,0.0
2011-04-28,22117.59897359763,0.7376,0.9297,-0.18,0.0
2011-04-29,22461.74990366557,1.556,1.6462,-0.07,0.0
2011-05-02,22445.694584112647,-0.0715,0.045,-0.12,0.0
2011-05-03,22195.678235701773,-1.1139,-1.0664,-0.06,0.0
2011-05-04,21929.94835085219,-1.1972,-1.6363,0.43,0.0
2011-05-05,21401.640853954195,-2.4091,-2.2444,-0.2,0.0
2011-05-06,21730.591076592053,1.537,0.6955,0.86,0.0
2011-05-09,21909.85006502868,0.8249,0.7846,0.05,0.0
2011-05-10,22051.74042681622,0.6476,0.9116,-0.25,0.0
2011-05-11,21829.43264490729,-1.0081,-1.022,0.0,0.0
2011-05-12,21893.78515931906,0.2948,0.3664,-0.07,0.0
2011-05-13,21767.00973340755,-0.579,-0.8761,0.29,0.0
2011-05-16,21794.805035522168,0.1277,-0.2009,0.33,0.0
2011-05-17,21690.457292753257,-0.4788,-0.7112,0.23,0.0
2011-05-18,21942.886617521548,1.1638,1.0677,0.11,0.0
2011-05-19,21869.69744193986,-0.3335,-0.2273,-0.11,0.0
2011-05-20,22056.291056535516,0.8532,1.1125,-0.24,0.0
2011-05-23,22219.685933469584,0.7408,0.4308,0.32,0.0
2011-05-24,22410.849299798683,0.8603,0.5213,0.35,0.0
2011-05-25,22465.111535525026,0.2421,0.2232,0.02,0.0
2011-05-26,22444.21062305321,-0.093,-0.2489,0.16,0.0
2011-05-27,22620.766825841438,0.7866,0.8865,-0.09,0.0
2011-05-31,22562.118758947025,-0.2593,-0.026,-0.24,0.0
2011-06-01,22595.337722618628,0.1472,0.4232,-0.27,0.0
2011-06-02,22346.49554827877,-1.1013,-0.6743,-0.44,0.0
2011-06-03,22486.08427564774,0.6247,0.6332,0.0,0.0
2011-06-06,22586.486208600803,0.4465,0.3113,0.14,0.0
2011-06-07,22464.454275334145,-0.5403,-0.2069,-0.34,0.0
2011-06-08,22360.102833980225,-0.4645,-0.3369,-0.13,0.0
2011-06-09,22442.262020146347,0.3674,0.2601,0.11,0.0
2011-06-10,22218.934068086986,-0.9951,-0.8754,-0.13,0.0
2011-06-13,22083.83280104238,-0.608,-0.8897,0.28,0.0
2011-06-14,22248.089772833548,0.7438,0.5809,0.17,0.0
2011-06-15,22244.094679615864,-0.018,0.1181,-0.14,0.0
2011-06-16,22283.05778545484,0.1752,0.2425,-0.06,0.0
2011-06-17,22461.260865301774,0.7997,0.6081,0.2,0.0
2011-06-20,22484.694729752457,0.1043,0.1885,-0.08,0.0
2011-06-21,22602.6406509537,0.5246,0.2919,0.24,0.0
2011-06-22,22647.26075402521,0.1974,0.4463,-0.25,0.0
2011-06-23,22170.35989759053,-2.1058,-2.1122,-0.02,0.0
2011-06-24,21936.607684157316,-1.0543,-1.2894,0.22,0.0
2011-06-27,21938.09424912113,0.0068,-0.2999,0.31,0.0
2011-06-28,21973.28884188469,0.1604,0.2473,-0.08,0.0
2011-06-29,22115.842276154075,0.6488,0.6801,-0.02,0.0
2011-06-30,21919.09356309937,-0.8896,-0.5033,-0.4,0.0
2011-07-01,21551.69317305718,-1.6762,-1.3313,-0.37,0.0
2011-07-05,21897.68688406167,1.6054,2.0239,-0.39,0.0
2011-07-06,22092.58156420404,0.89,1.0844,-0.18,0.0
2011-07-07,22109.046132213098,0.0745,0.0981,-0.02,0.0
2011-07-08,22265.822707242147,0.7091,0.7189,0.0,0.0
2011-07-11,22415.47053544828,0.6721,0.4931,0.19,0.0
2011-07-12,22570.89031764701,0.6934,0.8458,-0.14,0.0
2011-07-13,23010.149018972013,1.9461,1.4918,0.47,0.0
2011-07-14,23008.393335898145,-0.0076,0.2397,-0.25,0.0
2011-07-15,22994.270610642245,-0.0614,0.0503,-0.11,0.0
2011-07-18,23225.479378342276,1.0055,0.7737,0.24,0.0
2011-07-19,23204.191195983018,-0.0917,-0.0749,-0.02,0.0
2011-07-20,23077.364324926955,-0.5466,-0.2624,-0.29,0.0
2011-07-21,22936.139492860482,-0.612,-0.62,0.0,0.0
2011-07-22,23106.94807381515,0.7447,0.9138,-0.16,0.0
2011-07-25,23281.630231156476,0.756,0.6682,0.1,0.0
2011-07-26,23330.060005554074,0.208,0.2854,-0.07,0.0
2011-07-27,23172.264783015667,-0.6764,-0.099,-0.59,0.0
2011-07-28,23139.230667117437,-0.1426,-0.0991,-0.05,0.0
2011-07-29,23339.68441361204,0.8663,0.9235,-0.05,0.0
2011-08-01,23308.553882093394,-0.1334,-0.5712,0.44,0.0
2011-08-02,23560.096235084646,1.0792,1.4145,-0.32,0.0
2011-08-03,23971.636983891425,1.7468,1.3095,0.45,0.0
2011-08-04,23895.79725156024,-0.3164,-0.4329,0.11,0.0
2011-08-05,23922.89649816621,0.1134,-0.4468,0.56,0.0
2011-08-08,24896.067110928507,4.0679,3.7239,0.38,0.0
2011-08-09,25475.693131823864,2.3282,1.7425,0.6,0.0
2011-08-10,26187.7954348256,2.7952,2.3736,0.44,0.0
2011-08-11,25740.7724309689,-1.707,-1.8245,0.1,0.0
2011-08-12,25640.837884439767,-0.3882,-0.4918,0.1,0.0
2011-08-15,25920.07948695614,1.0891,0.8792,0.22,0.0
2011-08-16,26220.974601062608,1.1609,1.5323,-0.35,0.0
2011-08-17,26360.465361960647,0.532,0.4937,0.04,0.0
2011-08-18,26792.71958442547,1.6398,1.5465,0.11,0.0
2011-08-19,27471.61040501817,2.5339,1.6493,0.9,0.0
2011-08-22,28027.973530209456,2.0252,2.1526,-0.1,0.0
2011-08-23,27550.00927910593,-1.7053,-1.6096,-0.12,0.0
2011-08-24,25982.54842513225,-5.6895,-5.6073,-0.15,0.0
2011-08-25,26292.319779589587,1.1922,0.325,0.88,0.0
2011-08-26,26839.30807316596,2.0804,1.9491,0.15,0.0
2011-08-29,26837.214817776676,-0.0078,-0.3177,0.31,0.0
2011-08-30,27227.57727391051,1.4546,2.1416,-0.66,0.0
2011-08-31,27307.020910488332,0.2918,0.0985,0.2,0.0
2011-09-01,27152.68315941305,-0.5652,-0.1367,-0.44,0.0
2011-09-02,27830.049415041492,2.4947,2.6123,-0.09,0.0
2011-09-06,27944.954712852064,0.4129,-0.2028,0.62,0.0
2011-09-07,27154.137769994628,-2.8299,-2.9788,0.12,0.0
2011-09-08,27749.18701167951,2.1914,2.2159,0.0,0.0
2011-09-09,27832.507630674958,0.3003,0.1079,0.2,0.0
2011-09-12,27441.373046656212,-1.4053,-2.5048,1.11,0.0
2011-09-13,27998.455165491603,2.0301,0.9338,1.11,0.0
2011-09-14,28124.29897938685,0.4495,-0.1806,0.64,0.0
2011-09-15,27494.83737920108,-2.2381,-2.4678,0.21,0.0
2011-09-16,27973.65371753405,1.7415,1.8892,-0.13,0.0
2011-09-19,27239.986142693182,-2.6227,-1.9701,-0.69,0.0
2011-09-20,28019.185899665605,2.8605,1.7001,1.17,0.0
2011-09-21,28110.858817979508,0.3272,-0.0609,0.39,0.0
2011-09-22,27257.361085958488,-3.0362,-3.6721,0.63,0.0
2011-09-23,26345.95521416706,-3.3437,-5.8475,2.62,0.0
2011-09-26,25563.62792567945,-2.9694,-2.7481,-0.26,0.0
2011-09-27,26515.583877236004,3.7239,3.6484,0.12,0.0
2011-09-28,25664.221905236103,-3.2108,-2.078,-1.19,0.0
2011-09-29,25620.502515794044,-0.1704,-0.0495,-0.12,0.0
2011-09-30,25754.60998983548,0.5234,0.3033,0.23,0.0
2011-10-03,26415.002728494306,2.5642,2.197,0.39,0.0
2011-10-04,25789.66037220971,-2.3674,-2.494,0.1,0.0
2011-10-05,26300.840937528046,1.9821,1.5854,0.41,0.0
2011-10-06,26403.45739886205,0.3902,0.7072,-0.31,0.0
2011-10-07,26070.69509747438,-1.2603,-1.0533,-0.22,0.0
2011-10-10,26545.19883771369,1.8201,2.1474,-0.3,0.0
2011-10-11,26346.88644708876,-0.7471,-0.593,-0.16,0.0
2011-10-12,26915.605979933523,2.1586,1.3014,0.87,0.0
2011-10-13,26518.157163590527,-1.4766,-0.8327,-0.67,0.0
2011-10-14,26902.97512673987,1.4511,0.8697,0.59,0.0
2011-10-17,26637.943995930462,-0.9851,-0.3746,-0.62,0.0
2011-10-18,26267.537458034883,-1.3905,-1.4205,0.01,0.0
2011-10-19,26357.85289847006,0.3438,-0.3451,0.7,0.0
2011-10-20,25698.81926182344,-2.5003,-2.0717,-0.47,0.0
2011-10-21,26511.225675792328,3.1613,1.4393,1.73,0.0
2011-10-24,26754.478619572266,0.9175,1.003,-0.07,0.0
2011-10-25,27375.788092526993,2.3223,2.9125,-0.55,0.0
2011-10-26,27666.246346725995,1.061,1.3591,-0.28,0.0
2011-10-27,28019.424069942223,1.2766,1.3932,-0.1,0.0
2011-10-28,28252.89828075344,0.8333,-0.0286,0.87,0.0
2011-10-31,27256.578000608282,-3.5264,-1.2599,-2.33,0.0
2011-11-01,27074.962166435078,-0.6663,-0.7656,0.09,0.0
2011-11-02,27677.08013325357,2.2239,1.0345,1.2,0.0
2011-11-03,28162.71517341263,1.7546,2.0536,-0.27,0.0
2011-11-04,27979.829403174706,-0.6494,-0.5045,-0.15,0.0
2011-11-07,28500.0965636896,1.8594,1.994,-0.11,0.0
2011-11-08,28579.693577789552,0.2793,0.4524,-0.17,0.0
2011-11-09,28692.072488075082,0.3932,-0.417,0.82,0.0
2011-11-10,28603.227893963576,-0.3096,-1.7868,1.5,0.0
2011-11-11,29011.720019771048,1.4281,1.626,-0.18,0.0
2011-11-14,28897.640627227254,-0.3932,-0.5427,0.15,0.0
2011-11-15,29152.27167199774,0.8811,0.2194,0.67,0.0
2011-11-16,29169.767653344836,0.06,-0.4434,0.51,0.0
2011-11-17,28335.115132924777,-2.8614,-3.0443,0.16,0.0
2011-11-18,28550.845185576636,0.7614,0.2849,0.48,0.0
2011-11-21,27941.891098087963,-2.1329,-2.6903,0.55,0.0
2011-11-22,28789.759278678153,3.0344,1.4241,1.62,0.0
2011-11-23,28912.671704238506,0.4269,-0.3819,0.82,0.0
2011-11-25,28512.96189723459,-1.3825,-0.6015,-0.8,0.0
2011-11-28,29027.206277941154,1.8035,1.501,0.32,0.0
2011-11-29,28913.86622973265,-0.3905,0.152,-0.55,0.0
2011-11-30,29427.4892815684,1.7764,1.8735,-0.08,0.0
2011-12-01,29160.761885807573,-0.9064,-0.5844,-0.33,0.0
2011-12-02,29113.830812334552,-0.1609,0.6742,-0.83,0.0
2011-12-05,28735.372454511074,-1.2999,-0.933,-0.38,0.0
2011-12-06,28743.256407890785,0.0274,-0.1618,0.19,0.0
2011-12-07,28957.251620621897,0.7445,0.7524,0.0,0.0
2011-12-08,28665.19359897871,-1.0086,-1.7864,0.78,0.0
2011-12-09,28770.031935691095,0.3657,0.1755,0.19,0.0
2011-12-12,28052.09321078662,-2.4954,-2.8375,0.32,0.0
2011-12-13,28397.71852627737,1.2321,-0.2584,1.51,0.0
2011-12-14,27347.22303770425,-3.6992,-4.5545,0.85,0.0
2011-12-15,27490.43298893416,0.5237,-0.6123,1.15,0.0
2011-12-16,27596.565737011053,0.3861,1.3337,-0.93,0.0
2011-12-19,27208.495998914786,-1.4062,-0.0752,-1.35,0.0
2011-12-20,27673.806788941394,1.7102,1.3297,0.39,0.0
2011-12-21,27616.298426584366,-0.2078,-0.229,0.02,0.0
2011-12-22,27401.484232710893,-0.7779,-0.1861,-0.6,0.0
2011-12-23,27391.09641763775,-0.0379,-0.2611,0.22,0.0
2011-12-27,27311.216950836995,-0.2916,-0.6543,0.36,0.0
2011-12-28,26856.26019756202,-1.6658,-1.9634,0.28,0.0
2011-12-29,26470.40404790706,-1.4367,-1.4716,0.02,0.0
2011-12-30,26981.04958859634,1.9291,1.6819,0.26,0.0
2012-01-03,27960.20534835584,3.629,2.165,0.56,2.0
2012-01-04,28042.349242590568,0.2938,0.7626,-0.47,0.0
2012-01-05,28066.614559667036,0.0865,0.4653,-0.38,0.0
2012-01-06,27961.721555236807,-0.3737,-0.2038,-0.17,0.0
2012-01-09,27767.063192380156,-0.6962,-0.5321,-0.16,0.0
2012-01-10,28016.273852440358,0.8975,1.4619,-0.56,0.0
2012-01-11,27737.833130944455,-0.9939,0.5028,-1.49,0.0
2012-01-12,27955.93199395328,0.7863,0.4941,0.29,0.0
2012-01-13,27508.72543282911,-1.5997,-1.0259,-0.58,0.0
2012-01-17,27889.16320167773,1.383,1.5211,-0.14,0.0
2012-01-18,27564.341981719088,-1.1647,0.2598,-1.42,0.0
2012-01-19,27317.33897975859,-0.8961,-0.3254,-0.57,0.0
2012-01-20,27444.783705660593,0.4665,0.5804,-0.11,0.0
2012-01-23,27636.657337194425,0.6991,0.8595,-0.16,0.0
2012-01-24,27200.347336071463,-1.5787,-0.8224,-0.76,0.0
2012-01-25,27871.397910278385,2.4671,2.1392,0.32,0.0
2012-01-26,28305.914926048314,1.559,1.559,0.0,0.0
2012-01-27,29811.92715170473,5.3205,0.3186,4.99,0.0
2012-01-30,28035.57201669238,-5.9585,-0.0462,-5.92,0.0
2012-01-31,29915.21365006883,6.7045,0.3928,6.29,0.0
2012-02-01,28360.498904410757,-5.1971,0.5352,-5.7,0.0
2012-02-02,28235.659264463025,-0.4402,0.5552,-0.99,0.0
2012-02-03,27926.195836550498,-1.096,-1.0758,-0.02,0.0
2012-02-06,27487.51052988849,-1.5709,-0.8689,-0.71,0.0
2012-02-07,28093.136176371878,2.2033,1.3699,0.82,0.0
2012-02-08,27812.388396374223,-0.9993,-0.9792,-0.02,0.0
2012-02-09,28028.272486656704,0.7762,0.5609,0.21,0.0
2012-02-10,27967.374877065424,-0.2173,-0.9028,0.69,0.0
2012-02-13,27886.226471716007,-0.2902,-0.0174,-0.27,0.0
2012-02-14,27678.468252185365,-0.745,-0.4121,-0.33,0.0
2012-02-15,27942.467945885182,0.9538,0.6061,0.35,0.0
2012-02-16,27908.089510449772,-0.123,0.029,-0.15,0.0
2012-02-17,27870.916724511248,-0.1332,-0.1332,0.0,0.0
2012-02-21,28319.998218528177,1.6113,1.8904,-0.27,0.0
2012-02-22,28617.88504008746,1.0519,0.7342,0.32,0.0
2012-02-23,28809.037846927735,0.6679,0.8418,-0.17,0.0
2012-02-24,28578.095730694316,-0.8016,-0.5491,-0.25,0.0
2012-02-27,28504.508594410447,-0.2575,-0.0845,-0.17,0.0
2012-02-28,28816.56232638826,1.0948,0.7555,0.34,0.0
2012-02-29,27514.39653729485,-4.5188,-4.3145,-0.21,0.0
2012-03-01,27657.929317504262,0.5217,0.655,-0.13,0.0
2012-03-02,27569.546495721348,-0.3196,-0.7147,0.4,0.0
2012-03-05,27654.681879387874,0.3088,-0.3394,0.65,0.0
2012-03-06,27314.19141804679,-1.2312,-1.8555,0.64,0.0
2012-03-07,27798.472606083757,1.773,0.712,1.05,0.0
2012-03-08,27998.331947377825,0.719,0.8792,-0.16,0.0
2012-03-09,28094.3617630165,0.343,0.7538,-0.41,0.0
2012-03-12,27723.921172172988,-1.3186,-0.6839,-0.64,0.0
2012-03-13,27753.600900224123,0.1071,-0.3237,0.43,0.0
2012-03-14,26840.289217502042,-3.2908,-3.023,-0.28,0.0
2012-03-15,27153.98923405681,1.1688,1.0107,0.16,0.0
2012-03-16,27886.51030356483,2.6977,-0.217,0.94,2.0
2012-03-19,27941.989125250184,0.1989,0.6886,-0.49,0.0
2012-03-20,27655.686353912366,-1.0246,-1.2118,0.19,0.0
2012-03-21,27799.38233249976,0.5196,0.2004,0.32,0.0
2012-03-22,27801.44315985949,0.0074,-0.4667,0.48,0.0
2012-03-23,28413.473657108807,2.2014,1.2178,0.97,0.0
2012-03-26,28837.079195628485,1.4909,1.3957,0.09,0.0
2012-03-27,28743.418882626735,-0.3248,-0.0415,-0.28,0.0
2012-03-28,28093.244218565553,-2.262,-1.5966,-0.68,0.0
2012-03-29,28049.136592538496,-0.157,-0.3438,0.19,0.0
2012-03-30,28654.803837258543,2.1593,1.035,1.11,0.0
2012-04-02,28531.937837619873,-0.4288,0.4912,-0.92,0.0
2012-04-03,28404.37328693007,-0.4471,-0.4471,0.0,0.0
2012-04-04,27089.813220942277,-4.628,-3.4551,-1.21,0.0
2012-04-05,27829.2012199284,2.7294,1.0048,1.71,0.0
2012-04-09,28027.254880008342,0.7117,0.8597,-0.15,0.0
2012-04-10,28326.77116184933,1.0687,1.035,0.03,0.0
2012-04-11,28552.88136153381,0.7982,-0.0301,0.83,0.0
2012-04-12,28897.281579187766,1.2062,1.2357,-0.03,0.0
2012-04-13,28418.689085500242,-1.6562,-1.2146,-0.45,0.0
2012-04-16,28414.19711310186,-0.0158,-0.6268,0.61,0.0
2012-04-17,28510.749524233976,0.3398,0.0971,0.24,0.0
2012-04-18,28202.481650292484,-1.0812,-0.6968,-0.39,0.0
2012-04-19,28408.997098381446,0.7323,0.1098,0.62,0.0
2012-04-20,28627.14540230601,0.7679,0.0914,0.68,0.0
2012-04-23,28411.131427869954,-0.7546,-0.6212,-0.13,0.0
2012-04-24,28840.607789237823,1.5116,0.6802,0.83,0.0
2012-04-25,28908.56739545317,0.2356,-0.0974,0.33,0.0
2012-04-26,29154.192599009482,0.8497,1.1088,-0.26,0.0
2012-04-27,29156.376442763674,0.0075,0.2651,-0.26,0.0
2012-04-30,29220.94805637907,0.2215,-0.0361,0.26,0.0
2012-05-01,29257.758613945523,0.126,-0.1022,0.23,0.0
2012-05-02,29040.85563191491,-0.7414,-0.4995,-0.24,0.0
2012-05-03,28937.489274816904,-0.3559,-1.1612,0.81,0.0
2012-05-04,29370.888166950164,1.4977,0.6425,0.85,0.0
2012-05-07,29294.827748035772,-0.259,-0.3709,0.11,0.0
2012-05-08,28373.227539140997,-3.1459,-2.1116,-1.06,0.0
2012-05-09,28305.59911816447,-0.2384,-0.6421,0.41,0.0
2012-05-10,28703.8099962372,1.4068,0.0878,1.32,0.0
2012-05-11,28197.69632542737,-1.7632,-0.721,-1.05,0.0
2012-05-14,27983.836878708335,-0.7584,-1.4524,0.7,0.0
2012-05-15,28087.47890511217,0.3704,-0.2435,0.62,0.0
2012-05-16,27628.4935830224,-1.6341,-1.3232,-0.32,0.0
2012-05-17,28685.84196021496,3.827,2.4932,1.3,0.0
2012-05-18,28986.7428726046,1.049,1.0861,-0.04,0.0
2012-05-21,28901.909244873714,-0.2927,-0.2011,-0.09,0.0
2012-05-22,29003.251868848976,0.3506,-0.7618,1.12,0.0
2012-05-23,28670.731169099487,-1.1465,-1.789,0.65,0.0
2012-05-24,29156.145690620207,1.6931,0.5943,1.09,0.0
2012-05-25,29144.319508094595,-0.0406,0.7385,-0.77,0.0
2012-05-29,28669.634875599782,-1.6287,-1.2876,-0.35,0.0
2012-05-30,29100.456691553747,1.5027,0.9557,0.54,0.0
2012-05-31,29378.155939304233,0.9543,-0.0512,1.01,0.0
2012-06-01,30385.44648302453,3.4287,3.7054,-0.27,0.0
2012-06-04,29938.718248676858,-1.4702,-0.5122,-0.96,0.0
2012-06-05,30053.836628945897,0.3845,0.1861,0.2,0.0
2012-06-06,30375.86095150818,1.0715,1.0897,-0.02,0.0
2012-06-07,29367.834593007006,-3.3185,-2.8295,-0.5,0.0
2012-06-08,29209.31358300078,-0.5398,0.2206,-0.76,0.0
2012-06-11,29564.581010072096,1.2163,0.3396,0.87,0.0
2012-06-12,30012.71291794533,1.5158,1.078,0.43,0.0
2012-06-13,30188.953879842058,0.5872,0.3348,0.25,0.0
2012-06-14,30129.61563312812,-0.1966,0.0185,-0.22,0.0
2012-06-15,30355.001979847933,0.7481,0.5314,0.22,0.0
2012-06-18,30107.878687890072,-0.8141,-0.0799,-0.73,0.0
2012-06-19,30322.400186227413,0.7125,-0.2153,0.93,0.0
2012-06-20,30208.37834437251,-0.376,-0.4562,0.08,0.0
2012-06-21,29372.02755428582,-2.7686,-3.1149,0.36,0.0
2012-06-22,29478.73238276195,0.3633,0.0959,0.27,0.0
2012-06-25,30318.715916338846,2.8495,1.3729,1.46,0.0
2012-06-26,30002.994753270523,-1.0413,-0.8504,-0.19,0.0
2012-06-27,30069.71043410689,0.2224,0.2224,0.0,0.0
2012-06-28,29457.925138278744,-2.0346,-1.7623,-0.28,0.0
2012-06-29,30452.71988034005,3.377,3.4716,-0.09,0.0
2012-07-02,29641.474981304258,-2.6639,-0.3929,-2.28,0.0
2012-07-03,30048.077623977326,1.3717,1.5089,-0.14,0.0
2012-07-05,29307.197847048923,-2.4656,-0.7648,-1.71,0.0
2012-07-06,28994.391535373456,-1.0673,-1.8957,0.84,0.0
2012-07-09,29428.756385488927,1.4981,0.6462,0.85,0.0
2012-07-10,29488.8241759571,0.2041,-0.5854,0.79,0.0
2012-07-11,29172.621309895785,-1.0723,-0.2596,-0.81,0.0
2012-07-12,29102.214860013508,-0.2413,-0.6539,0.42,0.0
2012-07-13,29763.726235191192,2.2731,1.7062,0.56,0.0
2012-07-16,29335.929085811782,-1.4373,-0.0251,-1.41,0.0
2012-07-17,29249.392199940587,-0.295,-0.132,-0.16,0.0
2012-07-18,28931.450116285145,-1.087,-1.1768,0.09,0.0
2012-07-19,29223.74404688265,1.0103,0.6177,0.39,0.0
2012-07-20,29164.95071301488,-0.2012,0.1519,-0.35,0.0
2012-07-23,29170.896654349806,0.0204,-0.3412,0.36,0.0
2012-07-24,29490.442416705766,1.0954,-0.0697,1.17,0.0
2012-07-25,30167.194501573376,2.2948,2.0305,0.26,0.0
2012-07-26,30325.519118098302,0.5248,0.4353,0.09,0.0
2012-07-27,30033.75154450605,-0.9621,0.1796,-1.14,0.0
2012-07-30,29920.938823306456,-0.3756,0.1113,-0.49,0.0
2012-07-31,29845.223760110446,-0.2531,-0.568,0.32,0.0
2012-08-01,29839.85747362081,-0.018,-0.4222,0.41,0.0
2012-08-02,29441.026980140858,-1.3366,-1.0164,-0.32,0.0
2012-08-03,29984.68442774571,1.8466,1.1717,0.67,0.0
2012-08-06,30064.973532348722,0.2678,0.4296,-0.16,0.0
2012-08-07,29881.530171932794,-0.6102,-0.1984,-0.41,0.0
2012-08-08,29695.551351252405,-0.6224,0.1988,-0.82,0.0
2012-08-09,29964.828097521815,0.9068,0.2604,0.64,0.0
2012-08-10,29931.7705721713,-0.1103,0.1608,-0.27,0.0
2012-08-13,29750.50587365193,-0.6056,-0.6236,0.02,0.0
2012-08-14,29594.066447286295,-0.5258,-0.6337,0.11,0.0
2012-08-15,29839.85747362081,0.8305,0.2688,0.56,0.0
2012-08-16,30070.583277980073,0.7732,0.7732,0.0,0.0
2012-08-17,30058.093530197617,-0.0415,0.0124,-0.05,0.0
2012-08-20,30188.348506384882,0.4333,0.2351,0.2,0.0
2012-08-21,30431.179864273414,0.8044,1.2221,-0.41,0.0
2012-08-22,30310.875267021474,-0.3953,-0.1524,-0.24,0.0
2012-08-23,30979.521904605037,2.206,1.9665,0.23,0.0
2012-08-24,30852.027114355373,-0.4115,0.012,-0.42,0.0
2012-08-27,31034.27354734245,0.5907,0.1557,0.43,0.0
2012-08-28,31030.660087762917,-0.0116,-0.3528,0.34,0.0
2012-08-29,30892.029840552954,-0.4468,-0.402,-0.04,0.0
2012-08-30,30752.66050741972,-0.4511,-0.3796,-0.07,0.0
2012-08-31,31333.889000398573,1.89,1.8809,0.01,0.0
2012-09-04,31431.66731813837,0.3121,0.4927,-0.18,0.0
2012-09-05,31460.518806248365,0.0918,-0.124,0.22,0.0
2012-09-06,31825.249273052068,1.1593,0.6979,0.46,0.0
2012-09-07,32335.270213803327,1.6026,2.0498,-0.44,0.0
2012-09-10,31998.09341242806,-1.0428,-0.5065,-0.54,0.0
2012-09-11,32101.799429817136,0.3241,0.1793,0.14,0.0
2012-09-12,32021.689314357103,-0.2496,-0.0693,-0.18,0.0
2012-09-13,32657.16419281545,1.9845,2.2247,-0.23,0.0
2012-09-14,32794.35720163501,0.4201,0.0396,0.38,0.0
2012-09-17,32093.454255572855,-2.1373,-0.1187,-2.02,0.0
2012-09-18,31934.68818393535,-0.4947,0.0396,-0.53,0.0
2012-09-19,31951.439080295146,0.0525,0.0339,0.02,0.0
2012-09-20,31927.957773945087,-0.0735,-0.0735,0.0,0.0
2012-09-21,32211.3206196489,0.8875,0.4413,0.44,0.0
2012-09-24,31437.94712783591,-2.4009,-0.7547,-1.66,0.0
2012-09-25,31533.149873214512,0.3028,0.0965,0.21,0.0
2012-09-26,31232.77352986801,-0.9526,-0.7484,-0.21,0.0
2012-09-27,31803.639848074028,1.8278,1.5423,0.28,0.0
2012-09-28,31391.247010166713,-1.2967,-0.3657,-0.93,0.0
2012-10-01,31462.59995462243,0.2273,0.5307,-0.3,0.0
2012-10-02,31058.037561344714,-1.2859,-0.4381,-0.85,0.0
2012-10-03,31138.63214008277,0.2595,0.2595,0.0,0.0
2012-10-04,31285.99792307494,0.4733,0.9452,-0.47,0.0
2012-10-05,30768.901197308933,-1.6528,-0.8639,-0.8,0.0
2012-10-08,30781.485448558236,0.0409,-0.2867,0.33,0.0
2012-10-09,31029.571159282215,0.806,-0.592,1.41,0.0
2012-10-10,31080.253760775544,0.1633,0.0113,0.15,0.0
2012-10-11,31371.182690778107,0.9361,0.3176,0.62,0.0
2012-10-12,30959.202797401722,-1.3132,-0.6106,-0.71,0.0
2012-10-15,30650.136111528347,-0.9983,-1.2514,0.26,0.0
2012-10-16,30926.24641532755,0.9008,0.5011,0.4,0.0
2012-10-17,30961.86414248866,0.1152,0.3898,-0.27,0.0
2012-10-18,30816.91080297474,-0.4682,-0.4682,0.0,0.0
2012-10-19,30765.59194404652,-0.1665,-1.1759,1.02,0.0
2012-10-22,31054.69546187393,0.9397,0.1335,0.81,0.0
2012-10-23,30540.922994024793,-1.6544,-0.9739,-0.69,0.0
2012-10-24,30543.622008913335,0.0088,-0.4566,0.47,0.0
2012-10-25,30758.768268141044,0.7044,0.6763,0.03,0.0
2012-10-26,30633.17185684199,-0.4083,-0.0643,-0.34,0.0
2012-10-31,30986.79567478354,1.1544,0.3858,0.77,0.0
2012-11-01,30879.600908664364,-0.3459,-0.198,-0.15,0.0
2012-11-02,30033.052620182483,-2.7414,-2.3336,-0.42,0.0
2012-11-05,30265.547357177344,0.7741,0.4838,0.29,0.0
2012-11-06,31286.531508184817,3.3734,1.8963,1.45,0.0
2012-11-07,31172.720187634644,-0.3638,-0.0525,-0.31,0.0
2012-11-08,31267.787575210572,0.305,0.7121,-0.4,0.0
2012-11-09,31449.15496060095,0.58,0.284,0.3,0.0
2012-11-12,31582.222605055256,0.4231,0.0,0.42,0.0
2012-11-13,31638.068951139532,0.1768,-0.3525,0.53,0.0
2012-11-14,31735.32177274799,0.3074,0.3074,0.0,0.0
2012-11-15,31395.09842310865,-1.0721,-0.9367,-0.14,0.0
2012-11-16,31353.236372941305,-0.1333,0.0584,-0.19,0.0
2012-11-19,31980.23778226231,1.9998,1.1492,0.84,0.0
2012-11-20,31723.432482410062,-0.803,-0.6228,-0.18,0.0
2012-11-21,31833.069654284755,0.3456,0.2728,0.07,0.0
2012-11-23,32328.581784374997,1.5566,1.3542,0.2,0.0
2012-11-26,32432.823021100263,0.3224,-0.1028,0.43,0.0
2012-11-27,32409.92197599783,-0.0706,-0.4173,0.35,0.0
2012-11-28,31823.92817631596,-1.8081,-1.4751,-0.34,0.0
2012-11-29,32169.571284774916,1.0861,0.6234,0.46,0.0
2012-11-30,31371.14189294233,-2.4819,-0.9437,-1.55,0.0
2012-12-03,31197.176091883444,-0.5545,0.5085,-1.06,0.0
2012-12-04,31028.938640744072,-0.5393,-1.4655,0.94,0.0
2012-12-05,30938.55372772652,-0.2913,-0.118,-0.17,0.0
2012-12-06,31006.22098528987,0.2187,0.4668,-0.25,0.0
2012-12-07,30842.939300220685,-0.5266,0.2176,-0.74,0.0
2012-12-10,31123.261365786715,0.9089,0.5282,0.38,0.0
2012-12-11,31121.723617506075,-0.0049,-0.2802,0.28,0.0
2012-12-12,31142.749754593133,0.0676,0.4917,-0.42,0.0
2012-12-13,30795.78338516025,-1.1141,-1.2233,0.11,0.0
2012-12-14,30878.7996670394,0.2696,0.0118,0.26,0.0
2012-12-17,30889.300868153496,0.034,0.0708,-0.04,0.0
2012-12-18,30617.61046126036,-0.8796,-1.6205,0.75,0.0
2012-12-19,30562.592293315596,-0.1797,-0.1797,0.0,0.0
2012-12-20,30001.4620114383,-1.836,-1.2961,-0.55,0.0
2012-12-21,30426.880364646186,1.418,0.8633,0.55,0.0
2012-12-24,30534.172372187702,0.3526,-0.0301,0.38,0.0
2012-12-26,30528.51651051174,-0.0185,0.0724,-0.09,0.0
2012-12-27,30485.50996611944,-0.1409,0.1687,-0.31,0.0
2012-12-28,30401.871216439868,-0.2744,-0.4631,0.19,0.0
2012-12-31,30661.60955713696,0.8543,1.2025,-0.34,0.0
2013-01-02,31452.556753633744,2.5796,0.7822,-0.14,2.0
2013-01-03,30999.719930258572,-1.4397,-0.8413,-0.6,0.0
2013-01-04,30609.816752760133,-1.2578,-1.5295,0.28,0.0
2013-01-07,30775.746865477726,0.5421,-0.1578,0.7,0.0
2013-01-08,31266.380563725816,1.5942,0.9723,0.62,0.0
2013-01-09,31010.59108139629,-0.8181,-0.4032,-0.42,0.0
2013-01-10,31295.048599333775,0.9173,1.3597,-0.44,0.0
2013-01-11,30864.775487406838,-1.3749,-1.0314,-0.35,0.0
2013-01-14,31206.57128165977,1.1074,0.5361,0.57,0.0
2013-01-15,31262.568082908652,0.1794,0.8688,-0.68,0.0
2013-01-16,31318.3815739795,0.1785,-0.0416,0.22,0.0
2013-01-17,31504.90196766488,0.5956,0.4576,0.14,0.0
2013-01-18,31238.64993897933,-0.8451,-0.2248,-0.62,0.0
2013-01-22,31018.883469597375,-0.7035,0.3676,-1.07,0.0
2013-01-23,30922.763228834803,-0.3099,-0.384,0.07,0.0
2013-01-24,30535.03569175655,-1.2539,-0.9963,-0.26,0.0
2013-01-25,30301.0842528695,-0.7662,-0.7847,0.02,0.0
2013-01-28,30292.670117907903,-0.0278,-0.2415,0.21,0.0
2013-01-29,30509.915415050527,0.7172,0.5023,0.21,0.0
2013-01-30,30776.77702210084,0.8747,1.1561,-0.28,0.0
2013-01-31,30165.692156706176,-1.9855,-1.1489,-0.85,0.0
2013-02-01,30274.346206442806,0.3602,0.5299,-0.17,0.0
2013-02-04,30352.793701086466,0.2591,0.3534,-0.09,0.0
2013-02-05,30368.6471323167,0.0522,-0.1731,0.23,0.0
2013-02-06,30379.122724065608,0.0345,0.3169,-0.28,0.0
2013-02-07,30258.32418583146,-0.3976,-0.4351,0.04,0.0
2013-02-08,30215.52450343264,-0.1414,-0.2634,0.12,0.0
2013-02-11,30100.52422023244,-0.3806,-1.0684,0.7,0.0
2013-02-12,30317.547994036395,0.721,0.0303,0.69,0.0
2013-02-13,30173.160886819373,-0.4762,-0.2729,-0.2,0.0
2013-02-14,29982.11142327586,-0.6332,-0.5778,-0.06,0.0
2013-02-15,29561.906745433203,-1.4015,-1.5844,0.19,0.0
2013-02-19,29608.446712475732,0.1574,-0.3232,0.48,0.0
2013-02-20,29120.323216153123,-1.6486,-1.6214,-0.03,0.0
2013-02-21,29080.303883783654,-0.1374,0.038,-0.18,0.0
2013-02-22,29187.779866956356,0.3696,-0.3675,0.74,0.0
2013-02-25,29338.530308744565,0.5165,0.8776,-0.36,0.0
2013-02-26,29649.230501932452,1.059,1.8283,-0.76,0.0
2013-02-27,29404.42315888163,-0.8257,-1.2382,0.42,0.0
2013-02-28,28958.17919734698,-1.5176,-1.097,-0.43,0.0
2013-03-01,29122.250344814962,0.5666,-0.3676,0.94,0.0
2013-03-04,29412.590590751428,0.997,0.0127,0.98,0.0
2013-03-05,29437.900120809467,0.086,0.159,-0.07,0.0
2013-03-06,29470.096009874924,0.1094,0.0,0.11,0.0
2013-03-07,29363.820555395043,-0.3606,0.0127,-0.37,0.0
2013-03-08,29314.09896380185,-0.1693,0.1143,-0.28,0.0
2013-03-11,29220.80435826539,-0.3183,0.0761,-0.39,0.0
2013-03-12,29509.78298775647,0.9889,0.8683,0.12,0.0
2013-03-13,29306.46481618748,-0.689,-0.2011,-0.49,0.0
2013-03-14,29468.700278656117,0.5536,0.1448,0.41,0.0
2013-03-15,29498.475326512824,0.101,0.1195,-0.02,0.0
2013-03-18,29542.148223057164,0.1481,0.7598,-0.61,0.0
2013-03-19,29692.960718962426,0.5105,0.4176,0.09,0.0
2013-03-20,29784.54310672446,0.3084,-0.2358,0.55,0.0
2013-03-21,29891.37299751663,0.3587,0.3919,-0.03,0.0
2013-03-22,29711.190058628763,-0.6028,-0.4709,-0.13,0.0
2013-03-25,29717.138109292668,0.02,-0.0996,0.12,0.0
2013-03-26,29458.991312453712,-0.8687,-0.5484,-0.32,0.0
2013-03-27,29757.717638113198,1.014,0.6517,0.36,0.0
2013-03-28,29560.102555801608,-0.6641,-0.7097,0.05,0.0
2013-04-01,29596.50450687825,0.1231,0.3261,-0.2,0.0
2013-04-02,29120.87838862808,-1.607,-1.5563,-0.05,0.0
2013-04-03,28800.14140960213,-1.1014,-1.4158,0.32,0.0
2013-04-04,28784.23899246396,-0.0552,-0.0644,0.01,0.0
2013-04-05,29466.278503716083,2.3695,1.5208,0.84,0.0
2013-04-08,29359.826803798398,-0.3613,-0.2158,-0.15,0.0
2013-04-09,29492.593597021456,0.4522,0.9033,-0.45,0.0
2013-04-10,28984.46560900879,-1.7229,-1.7589,0.04,0.0
2013-04-11,29061.414530558017,0.2655,0.385,-0.12,0.0
2013-04-12,27775.451770414355,-4.425,-4.0465,-0.39,0.0
2013-04-15,25277.094333910965,-8.9948,-9.3538,0.4,0.0
2013-04-16,25778.01472193172,1.9817,1.9256,0.06,0.0
2013-04-17,25506.442358460976,-1.0535,-0.3317,-0.72,0.0
2013-04-18,25715.751741821914,0.8206,0.709,0.11,0.0
2013-04-19,25688.745784174258,-0.105,0.2371,-0.34,0.0
2013-04-22,26118.32062547112,1.6722,1.8419,-0.17,0.0
2013-04-23,25988.815836169022,-0.4958,-0.8726,0.38,0.0
2013-04-24,26378.299173022573,1.4987,1.0507,0.44,0.0
2013-04-25,27037.61591102277,2.4995,2.6978,-0.19,0.0
2013-04-26,26858.700204420995,-0.6617,-0.561,-0.1,0.0
2013-04-29,27191.20347484226,1.238,0.9494,0.29,0.0
2013-04-30,27207.39707408302,0.0596,0.3271,-0.27,0.0
2013-05-01,26516.801499223857,-2.5383,-1.7593,-0.79,0.0
2013-05-02,26839.126172488624,1.2155,1.4796,-0.26,0.0
2013-05-03,26851.807148644937,0.0472,-0.2316,0.28,0.0
2013-05-06,26907.47979764057,0.2073,0.2595,-0.05,0.0
2013-05-07,26751.48396019897,-0.5797,-1.301,0.73,0.0
2013-05-08,27188.584428802646,1.6339,1.7184,-0.08,0.0
2013-05-09,27109.524940930598,-0.2908,-0.346,0.06,0.0
2013-05-10,26562.972805306297,-2.0161,-2.1786,0.17,0.0
2013-05-13,26791.775795196438,0.8614,-0.1601,1.02,0.0
2013-05-14,26620.88013300654,-0.6379,-0.6832,0.05,0.0
2013-05-15,26079.679752093343,-2.033,-1.9794,-0.05,0.0
2013-05-16,25894.679386860684,-0.7094,-0.6731,-0.04,0.0
2013-05-17,25480.245944341998,-1.6005,-1.6005,0.0,0.0
2013-05-20,25894.30432631898,1.625,1.4214,0.2,0.0
2013-05-21,25876.019062866435,-0.0706,-0.4696,0.4,0.0
2013-05-22,25824.27687737433,-0.2,-0.7403,0.54,0.0
2013-05-23,26401.24564112811,2.2342,1.7841,0.44,0.0
2013-05-24,26328.615370132215,-0.2751,-0.3736,0.1,0.0
2013-05-28,26115.218398089808,-0.8105,-0.5552,-0.26,0.0
2013-05-29,26603.71001604321,1.8705,0.8846,0.98,0.0
2013-05-30,27081.359050351584,1.7954,1.4519,0.34,0.0
2013-05-31,26756.70554000963,-1.1988,-1.339,0.14,0.0
2013-06-03,27217.499703752193,1.7222,1.3715,0.35,0.0
2013-06-04,26981.24391686838,-0.868,-1.0342,0.17,0.0
2013-06-05,26896.739661268588,-0.3132,0.0931,-0.41,0.0
2013-06-06,27883.346743455753,3.6681,1.2371,0.5,2.0
2013-06-07,27294.520613073542,-2.1117,-2.3098,0.2,0.0
2013-06-10,27357.67399935089,0.2314,0.2314,0.0,0.0
2013-06-11,27176.106206943074,-0.6637,-0.6637,0.0,0.0
2013-06-12,27468.19603905714,1.0748,1.0748,0.0,0.0
2013-06-13,27661.503747974893,0.7038,-1.0203,1.74,0.0
2013-06-14,27938.167774222293,1.0002,0.7041,0.29,0.0
2013-06-17,27607.47112860153,-1.1837,-0.3244,-0.86,0.0
2013-06-18,27571.12350631408,-0.1317,-1.1715,1.05,0.0
2013-06-19,28062.908434349287,1.7837,0.5122,1.26,0.0
2013-06-20,26215.36924196859,-6.5836,-6.3847,-0.21,0.0
2013-06-21,26715.022630949825,1.906,0.4433,1.46,0.0
2013-06-24,26275.904082706005,-1.6437,-1.1459,-0.5,0.0
2013-06-25,26473.772654919365,0.753,-0.1566,0.91,0.0
2013-06-26,25471.061014774445,-3.7876,-3.5457,-0.25,0.0
2013-06-27,25537.81718900386,0.2621,-1.4802,1.77,0.0
2013-06-28,25576.132320465447,0.15,1.0236,-0.86,0.0
2013-07-01,25958.301337828627,1.4942,2.623,-1.1,0.0
2013-07-02,25640.161231060287,-1.2256,-0.9794,-0.25,0.0
2013-07-03,25889.32234244831,0.9718,0.6835,0.29,0.0
2013-07-05,25342.858098685578,-2.1108,-3.1307,1.05,0.0
2013-07-08,25823.117762983726,1.895,1.8138,0.08,0.0
2013-07-09,26254.30410294645,1.6698,0.8908,0.77,0.0
2013-07-10,26029.06633306787,-0.8579,0.1204,-0.98,0.0
2013-07-11,26619.39595221586,2.268,2.6214,-0.34,0.0
2013-07-12,26544.50416823655,-0.2813,-0.1797,-0.1,0.0
2013-07-15,26694.554351881212,0.5653,0.4696,0.1,0.0
2013-07-16,26806.044655432772,0.4177,0.5453,-0.13,0.0
2013-07-17,26309.63307298239,-1.8519,-0.9994,-0.86,0.0
2013-07-18,26460.95548169984,0.5752,0.5243,0.05,0.0
2013-07-19,26826.52741105245,1.3816,0.6773,0.7,0.0
2013-07-22,27532.603316257868,2.632,3.3326,-0.68,0.0
2013-07-23,27684.298620165217,0.551,-0.0973,0.65,0.0
2013-07-24,27383.297452143903,-1.0873,-1.1535,0.07,0.0
2013-07-25,27285.084978574872,-0.3587,0.7047,-1.06,0.0
2013-07-26,27057.652302878472,-0.8335,-0.5493,-0.29,0.0
2013-07-29,27241.86404985558,0.6808,0.5069,0.17,0.0
2013-07-30,27313.4551580544,0.2628,-0.3312,0.6,0.0
2013-07-31,27710.31312749356,1.453,-0.8761,2.35,0.0
2013-08-01,28110.831430652175,1.4454,-0.1067,-0.29,2.0
2013-08-02,28010.942569556722,-0.3553,-0.0305,-0.32,0.0
2013-08-05,28146.310874017636,0.4833,-0.6104,1.1,0.0
2013-08-06,27626.825990482466,-1.8457,-1.4893,-0.36,0.0
2013-08-07,27646.508475259452,0.0712,0.226,-0.15,0.0
2013-08-08,28370.00490193998,2.617,1.9128,0.69,0.0
2013-08-09,28195.217187914437,-0.6161,0.1679,-0.78,0.0
2013-08-12,28638.83752008448,1.5734,1.6604,-0.09,0.0
2013-08-13,28675.307779332423,0.1273,-1.0115,1.15,0.0
2013-08-14,28990.863124579988,1.1004,0.9688,0.13,0.0
2013-08-15,29513.627124043447,1.8032,2.069,-0.26,0.0
2013-08-16,29717.996488202254,0.6925,0.7418,-0.05,0.0
2013-08-19,30193.136131315416,1.5988,-0.401,2.01,0.0
2013-08-20,31006.0522065284,2.6924,0.5051,2.18,0.0
2013-08-21,30712.08604132658,-0.9481,-0.1821,-0.77,0.0
2013-08-22,31370.49560591612,2.1438,0.0438,2.1,0.0
2013-08-23,31792.80237362515,1.3462,1.7868,-0.43,0.0
2013-08-26,31563.798457530233,-0.7203,-0.1934,-0.53,0.0
2013-08-27,32301.218997493852,2.3363,1.9813,0.35,0.0
2013-08-28,33553.064752422644,3.8755,-0.1126,3.99,0.0
2013-08-29,33653.671110071235,0.2998,-0.4299,0.73,0.0
2013-08-30,33273.26318674329,-1.1304,-1.189,0.06,0.0
2013-09-03,33212.76876171272,-0.1818,1.1389,-1.31,0.0
2013-09-04,33725.190308394274,1.5428,-1.5652,3.16,0.0
2013-09-05,32181.222000720856,-4.5781,-1.2087,-3.41,0.0
2013-09-06,32371.477277159058,0.5912,0.9905,-0.4,0.0
2013-09-09,31996.163184580393,-1.1594,0.0072,-1.17,0.0
2013-09-10,30904.131437389442,-3.413,-1.6369,-1.81,0.0
2013-09-11,30687.366343357597,-0.7014,-0.0147,-0.69,0.0
2013-09-12,29717.193201050744,-3.1615,-2.4562,-0.72,0.0
2013-09-13,29438.631977517238,-0.9374,-1.6536,0.73,0.0
2013-09-16,29498.571905706267,0.2036,0.7261,-0.52,0.0
2013-09-17,29310.55405943748,-0.6374,-0.6374,0.0,0.0
2013-09-18,29221.627222813135,-0.3034,-0.1298,-0.17,0.0
2013-09-19,30791.744229961798,5.3731,4.7102,0.63,0.0
2013-09-20,29306.988116160144,-4.8219,-2.6946,-2.19,0.0
2013-09-23,29432.53597379752,0.4284,-0.4203,0.85,0.0
2013-09-24,29172.14089789653,-0.8847,-0.8215,-0.06,0.0
2013-09-25,29632.168816430974,1.5769,1.5122,0.06,0.0
2013-09-26,29223.5862741289,-1.3788,-0.9207,-0.46,0.0
2013-09-27,29219.01914056299,-0.0156,1.1182,-1.12,0.0
2013-09-30,29512.79639826752,1.0054,-0.8891,1.91,0.0
2013-10-01,28461.642770173767,-3.5617,-3.0531,-0.52,0.0
2013-10-02,29241.417141226033,2.7397,2.6905,0.05,0.0
2013-10-03,28918.970863303653,-1.1027,-0.2423,-0.86,0.0
2013-10-04,28698.991609657303,-0.7607,-0.5845,-0.18,0.0
2013-10-07,28758.13051692587,0.2061,1.1529,-0.94,0.0
2013-10-09,28669.991354983875,-0.3065,-1.3511,1.06,0.0
2013-10-10,28343.15459634237,-1.14,-0.7881,-0.35,0.0
2013-10-11,27628.28262135077,-2.5222,-2.2058,-0.32,0.0
2013-10-14,27531.43652468359,-0.3505,0.6625,-1.01,0.0
2013-10-15,27633.679648811798,0.3714,-0.2664,0.64,0.0
2013-10-16,28033.072992477802,1.4453,0.707,0.73,0.0
2013-10-17,28745.287285841423,2.5406,3.1747,-0.61,0.0
2013-10-18,28402.213073992432,-1.1935,-0.6275,-0.57,0.0
2013-10-21,28495.447116863616,0.3283,0.0989,0.23,0.0
2013-10-22,28781.514434922385,1.0039,2.0369,-1.01,0.0
2013-10-23,28866.035889295392,0.2937,-0.6406,0.94,0.0
2013-10-24,29376.350499327364,1.7679,1.222,0.54,0.0
2013-10-25,29390.7376292854,0.049,0.1629,-0.11,0.0
2013-10-28,29377.261709338694,-0.0459,-0.0296,-0.02,0.0
2013-10-29,29262.80689072916,-0.3896,-0.503,0.11,0.0
2013-10-30,29316.847342622492,0.1847,0.2825,-0.1,0.0
2013-10-31,28703.993154757165,-2.0905,-1.8829,-0.21,0.0
2013-11-01,28894.2370769362,0.6628,-0.7933,1.47,0.0
2013-11-04,28917.94538648257,0.0821,0.1142,-0.03,0.0
2013-11-05,28670.99308481992,-0.854,-0.5021,-0.35,0.0
2013-11-06,28967.496146786234,1.0342,0.7416,0.29,0.0
2013-11-07,28906.498057950375,-0.2106,-0.7058,0.5,0.0
2013-11-08,28551.09725400981,-1.2295,-1.8267,0.61,0.0
2013-11-11,28695.28966676149,0.505,-0.2725,0.78,0.0
2013-11-12,28536.456815202506,-0.5535,-0.7728,0.22,0.0
2013-11-13,28688.89898502479,0.5342,-0.2203,0.76,0.0
2013-11-14,28825.417874241535,0.4759,1.4113,-0.92,0.0
2013-11-15,28699.836314997265,-0.4357,0.0855,-0.52,0.0
2013-11-18,28214.710097120867,-1.6903,-1.173,-0.52,0.0
2013-11-19,28011.648444416223,-0.7197,0.0943,-0.81,0.0
2013-11-20,27630.648773459754,-1.3601,-1.2172,-0.14,0.0
2013-11-21,27600.194095233397,-0.1102,-1.1448,1.05,0.0
2013-11-22,27712.48197045798,0.4068,0.0402,0.37,0.0
2013-11-25,27318.68472036113,-1.421,-0.2331,-1.19,0.0
2013-11-26,27440.75298542182,0.4468,0.0242,0.42,0.0
2013-11-27,27342.35340338592,-0.3586,-0.29,-0.07,0.0
2013-11-29,27604.3092986136,0.9581,1.0341,-0.08,0.0
2013-12-02,26999.966538759665,-2.1893,-2.2629,0.08,0.0
2013-12-03,26925.358361324244,-0.2763,-0.0491,-0.23,0.0
2013-12-04,27529.262457852827,2.2429,2.1691,0.07,0.0
2013-12-05,26909.280859381663,-2.2521,-1.2017,-1.06,0.0
2013-12-06,26793.790790599414,-0.4292,-0.2352,-0.19,0.0
2013-12-09,26714.82626001381,-0.2947,0.4064,-0.7,0.0
2013-12-10,27175.885977933296,1.7259,2.1938,-0.46,0.0
2013-12-11,27140.88844223154,-0.1288,-0.3089,0.18,0.0
2013-12-12,26704.47834030898,-1.6079,-2.5824,1.0,0.0
2013-12-13,27164.85914894465,1.724,0.7912,0.93,0.0
2013-12-16,27392.6307404969,0.8385,0.7931,0.05,0.0
2013-12-17,26900.472496187147,-1.7967,-1.1481,-0.66,0.0
2013-12-18,26976.932241676135,0.2842,0.398,-0.11,0.0
2013-12-19,26215.1955231359,-2.8237,-3.325,0.52,0.0
2013-12-20,26620.025948518738,1.5443,0.8452,0.69,0.0
2013-12-23,26285.545700329087,-1.2565,-0.556,-0.7,0.0
2013-12-24,26355.786629006332,0.2672,0.5591,-0.29,0.0
2013-12-26,26531.150019546512,0.6654,0.7468,-0.08,0.0
2013-12-27,26617.86275545893,0.3268,0.1647,0.16,0.0
2013-12-30,26239.71277206334,-1.4207,-1.069,-0.36,0.0
2013-12-31,26260.29875906295,0.0785,-0.0997,0.18,0.0
2014-01-02,26791.004293925824,2.0209,1.922,0.1,0.0
2014-01-03,27180.419546804183,1.4535,1.0939,0.36,0.0
2014-01-06,27241.669303824252,0.2253,-0.0484,0.27,0.0
2014-01-07,27091.584204517396,-0.5509,-0.6786,0.13,0.0
2014-01-08,26901.568055789714,-0.7014,-0.3335,-0.37,0.0
2014-01-09,27006.777209055548,0.3911,0.3265,0.06,0.0
2014-01-10,27239.131804363722,0.8604,1.4154,-0.55,0.0
2014-01-13,27180.48623478556,-0.2153,0.3369,-0.55,0.0
2014-01-14,27069.843191412572,-0.4071,-0.4557,0.05,0.0
2014-01-15,26915.494305040305,-0.5702,-0.5702,0.0,0.0
2014-01-16,26987.496985477297,0.2675,0.1535,0.11,0.0
2014-01-17,27189.013963042762,0.7467,0.9435,-0.19,0.0
2014-01-21,27071.824357793736,-0.431,-0.751,0.32,0.0
2014-01-22,27154.15135393004,0.3041,-0.2656,0.57,0.0
2014-01-23,27626.718875685907,1.7403,1.9048,-0.16,0.0
2014-01-24,27784.56604102268,0.5714,0.1505,0.42,0.0
2014-01-27,28032.918635871614,0.8939,-0.0712,0.97,0.0
2014-01-28,28040.96628026858,0.0287,-0.9971,1.04,0.0
2014-01-29,27845.62436140763,-0.6966,0.8953,-1.58,0.0
2014-01-30,27443.059193175563,-1.4457,-1.5845,0.14,0.0
2014-01-31,27327.372900141698,-0.4216,-0.1691,-0.25,0.0
2014-02-03,27859.405429764112,1.9469,1.637,0.3,0.0
2014-02-04,27830.891074167732,-0.1024,-0.6903,0.59,0.0
2014-02-05,27626.363179158623,-0.7349,0.4474,-1.18,0.0
2014-02-06,27677.428744524652,0.1848,0.0239,0.16,0.0
2014-02-07,27802.876720082786,0.4533,0.4533,0.0,0.0
2014-02-10,27992.85249212567,0.6833,0.9103,-0.22,0.0
2014-02-11,28492.157552913806,1.7837,1.2002,0.58,0.0
2014-02-12,28415.518026072616,-0.269,0.4031,-0.67,0.0
2014-02-13,28366.435061321386,-0.1727,0.3937,-0.56,0.0
2014-02-14,28991.411646244862,2.2032,1.4303,0.76,0.0
2014-02-18,28948.038746533384,-0.1496,0.4321,-0.58,0.0
2014-02-19,29054.600157336434,0.3681,-0.3095,0.68,0.0
2014-02-20,29000.8862334461,-0.1849,-0.265,0.08,0.0
2014-02-21,29089.74903918075,0.3064,0.5163,-0.21,0.0
2014-02-24,29349.360091209615,0.8924,1.0877,-0.19,0.0
2014-02-25,29479.980572017324,0.4451,0.3512,0.09,0.0
2014-02-26,29112.831407213373,-1.2454,-1.102,-0.15,0.0
2014-02-27,29268.357119288492,0.5342,0.256,0.28,0.0
2014-02-28,28983.41123376919,-0.9736,-0.766,-0.21,0.0
2014-03-03,29517.417038781914,1.8425,2.1719,-0.32,0.0
2014-03-04,29414.09463393684,-0.35,-0.911,0.57,0.0
2014-03-05,29196.696976843486,-0.7391,0.1794,-0.92,0.0
2014-03-06,29517.979351835373,1.1004,0.8581,0.24,0.0
2014-03-07,28772.364924914982,-2.526,-1.0061,-1.54,0.0
2014-03-10,29047.314665202226,0.9556,0.2466,0.71,0.0
2014-03-11,28957.74865659813,-0.3083,0.3802,-0.69,0.0
2014-03-12,29581.052890677096,2.1525,1.7675,0.38,0.0
2014-03-13,29491.038251947193,-0.3043,0.1386,-0.44,0.0
2014-03-14,29973.691903238087,1.6366,0.4956,1.14,0.0
2014-03-17,29608.046408390168,-1.2199,-0.4423,-0.78,0.0
2014-03-18,29337.11555568403,-0.9151,-1.0125,0.1,0.0
2014-03-19,28989.439285854918,-1.1851,-1.2951,0.11,0.0
2014-03-20,28679.529190155463,-1.069,-0.8126,-0.26,0.0
2014-03-21,28979.04643178157,1.0444,0.4134,0.63,0.0
2014-03-24,28295.967908049024,-2.3571,-1.8563,-0.51,0.0
2014-03-25,28100.85696056296,-0.6895,0.0153,-0.7,0.0
2014-03-26,27758.877993604343,-1.217,-0.61,-0.61,0.0
2014-03-27,27546.116595058087,-0.7665,-0.6675,-0.1,0.0
2014-03-28,27562.659700275268,0.0601,-0.0695,0.13,0.0
2014-03-31,27160.455711558407,-1.4592,-0.8038,-0.66,0.0
2014-04-01,27147.917485647315,-0.0462,-0.2961,0.25,0.0
2014-04-02,27283.32736417152,0.4988,0.8518,-0.35,0.0
2014-04-03,27207.96381341235,-0.2762,-0.4727,0.2,0.0
2014-04-04,27832.96692701637,2.2971,1.4637,0.82,0.0
2014-04-07,27391.394340064664,-1.5865,-0.399,-1.19,0.0
2014-04-08,27825.467755484704,1.5847,0.8243,0.75,0.0
2014-04-09,27743.58021416363,-0.2943,-0.2445,-0.05,0.0
2014-04-10,27993.155966466704,0.8996,1.1183,-0.22,0.0
2014-04-11,28122.03342213366,0.4604,-0.1061,0.57,0.0
2014-04-14,28322.0762235273,0.7113,0.6446,0.07,0.0
2014-04-15,27741.636863440028,-2.0494,-2.0494,0.0,0.0
2014-04-16,27789.354988027142,0.172,0.2385,-0.07,0.0
2014-04-17,27559.627250322956,-0.8267,-0.7444,-0.08,0.0
2014-04-21,27399.013667871863,-0.5828,-0.4175,-0.17,0.0
2014-04-22,27391.05069556413,-0.0291,-0.5745,0.55,0.0
2014-04-23,27594.309925746562,0.7421,0.2811,0.46,0.0
2014-04-24,27844.693721713786,0.9074,0.4906,0.41,0.0
2014-04-25,28115.375307910792,0.9721,0.7904,0.18,0.0
2014-04-28,27855.055008636748,-0.9259,-0.1384,-0.79,0.0
2014-04-29,27795.155856671703,-0.215,-0.2233,0.01,0.0
2014-04-30,27683.480705910253,-0.4018,-0.0309,-0.37,0.0
2014-05-01,27281.163238188867,-1.4533,-0.9648,-0.49,0.0
2014-05-02,27704.98429770405,1.5535,1.5198,0.03,0.0
2014-05-05,27785.554249243305,0.2908,0.4913,-0.2,0.0
2014-05-06,27812.338935148695,0.0964,-0.0535,0.15,0.0
2014-05-07,27333.391797601253,-1.7221,-1.5058,-0.22,0.0
2014-05-08,27267.871893526695,-0.2397,-0.0931,-0.15,0.0
2014-05-09,27283.96532577831,0.059,-0.0078,0.07,0.0
2014-05-12,27423.22318005326,0.5104,0.6448,-0.13,0.0
2014-05-13,27205.183016932617,-0.7951,-0.0772,-0.72,0.0
2014-05-14,27387.64849191278,0.6707,0.8574,-0.19,0.0
2014-05-15,27172.92014438787,-0.784,-0.9344,0.15,0.0
2014-05-16,27136.702844240473,-0.1333,-0.0155,-0.12,0.0
2014-05-19,26792.797598012017,-1.2673,0.0309,-1.3,0.0
2014-05-20,26721.466601332813,-0.2662,0.0618,-0.33,0.0
2014-05-21,26685.226633473354,-0.1356,-0.5021,0.37,0.0
2014-05-22,26876.2684279497,0.7159,0.5357,0.18,0.0
2014-05-23,26620.492723161184,-0.9517,-0.2548,-0.7,0.0
2014-05-27,26246.9769315367,-1.4031,-2.0285,0.64,0.0
2014-05-28,26293.249768298814,0.1763,-0.4821,0.66,0.0
2014-05-29,26138.199106275486,-0.5897,-0.2382,-0.35,0.0
2014-05-30,25946.41262523867,-0.7337,-0.8517,0.12,0.0
2014-06-02,26033.50864218027,0.3357,-0.1525,0.49,0.0
2014-06-03,26033.748539131426,0.0009,0.0483,-0.05,0.0
2014-06-04,26089.063596056283,0.2125,-0.0241,0.24,0.0
2014-06-05,26260.0850986446,0.6555,0.7235,-0.07,0.0
2014-06-06,26198.26947489903,-0.2354,-0.0718,-0.16,0.0
2014-06-09,26229.779860819555,0.1203,0.1118,0.01,0.0
2014-06-10,26374.977156689696,0.5536,0.5026,0.05,0.0
2014-06-11,26361.13212147923,-0.0525,0.0794,-0.13,0.0
2014-06-12,26724.6960448528,1.3792,1.0152,0.36,0.0
2014-06-13,26706.522562704362,-0.068,0.0078,-0.08,0.0
2014-06-16,26918.800306146637,0.7949,0.0942,0.7,0.0
2014-06-17,27025.285027717262,0.3956,-0.251,0.65,0.0
2014-06-18,27145.011958632793,0.443,0.0551,0.39,0.0
2014-06-19,27787.752333997913,2.3678,3.2458,-0.85,0.0
2014-06-20,28003.551930757058,0.7766,0.1903,0.59,0.0
2014-06-23,28045.578580588928,0.1501,0.1368,0.01,0.0
2014-06-24,28100.280967759278,0.195,0.22,-0.02,0.0
2014-06-25,28145.235928367172,0.16,0.0984,0.06,0.0
2014-06-26,27903.680934470303,-0.8582,-0.4614,-0.4,0.0
2014-06-27,28025.808882176363,0.4377,0.2203,0.22,0.0
2014-06-30,28065.668444629137,0.1422,0.2123,-0.07,0.0
2014-07-01,28131.44250376234,0.2344,0.348,-0.11,0.0
2014-07-02,28249.93398079219,0.4212,0.3242,0.1,0.0
2014-07-03,27756.694006033482,-1.746,-0.774,-0.98,0.0
2014-07-07,27804.144078477504,0.171,-0.2954,0.47,0.0
2014-07-08,27900.63095626281,0.347,-0.038,0.39,0.0
2014-07-09,27972.365633748064,0.2571,0.5927,-0.33,0.0
2014-07-10,28291.939491213434,1.1425,1.1255,0.02,0.0
2014-07-11,28459.334543077206,0.5917,-0.127,0.72,0.0
2014-07-14,27759.658837526145,-2.4585,-2.2962,-0.17,0.0
2014-07-15,27547.060289698176,-0.7659,-0.7196,-0.05,0.0
2014-07-16,27654.965186073583,0.3917,0.2082,0.18,0.0
2014-07-17,27976.937973247856,1.1642,1.3158,-0.15,0.0
2014-07-18,28058.34280633001,0.291,-0.5696,0.87,0.0
2014-07-21,28005.184640317642,-0.1895,0.3437,-0.53,0.0
2014-07-22,27830.23643061328,-0.6247,-0.5785,-0.05,0.0
2014-07-23,27726.019414832164,-0.3745,-0.1225,-0.25,0.0
2014-07-24,27321.956326112282,-1.4573,-1.0655,-0.4,0.0
2014-07-25,27678.751573150803,1.3059,0.9685,0.33,0.0
2014-07-28,27679.77482535571,0.0037,0.0154,-0.01,0.0
2014-07-29,27572.20526171172,-0.3886,-0.3836,-0.0,0.0
2014-07-30,27495.419652601915,-0.2785,-0.2619,-0.02,0.0
2014-07-31,27301.80228465735,-0.7042,-1.0503,0.35,0.0
2014-08-01,27801.783792619015,1.8313,0.96,0.86,0.0
2014-08-04,27874.449091524857,0.2614,-0.4561,0.72,0.0
2014-08-05,27654.496167682537,-0.7891,-0.2873,-0.5,0.0
2014-08-06,28117.059974818912,1.6727,1.7679,-0.09,0.0
2014-08-07,28366.14480892869,0.8859,0.3138,0.57,0.0
2014-08-08,28347.247149244442,-0.0666,-0.145,0.08,0.0
2014-08-11,28292.30826203084,-0.1938,-0.0306,-0.16,0.0
2014-08-12,28290.463563608053,-0.0065,0.0229,-0.03,0.0
2014-08-13,28423.355137195696,0.4697,0.3056,0.16,0.0
2014-08-14,28354.236050708758,-0.2432,0.0838,-0.33,0.0
2014-08-15,27976.069292579945,-1.3337,-0.7154,-0.62,0.0
2014-08-18,27891.275691440227,-0.3031,-0.5213,0.22,0.0
2014-08-19,27856.92225373155,-0.1232,-0.2004,0.08,0.0
2014-08-20,27783.764405685237,-0.2626,-0.1313,-0.13,0.0
2014-08-21,27301.12357101103,-1.7371,-1.5231,-0.22,0.0
2014-08-22,27330.184334681508,0.1064,0.3847,-0.28,0.0
2014-08-25,27312.78920234929,-0.0636,-0.1017,0.04,0.0
2014-08-26,27473.11803486794,0.587,0.5089,0.08,0.0
2014-08-27,27395.284171337236,-0.2833,-0.148,-0.14,0.0
2014-08-28,27549.719726779993,0.5637,0.5305,0.03,0.0
2014-08-29,27561.392100145964,0.0424,-0.225,0.27,0.0
2014-09-02,27048.78926963582,-1.8599,-1.7188,-0.14,0.0
2014-09-03,27229.652357116778,0.6687,0.4115,0.26,0.0
2014-09-04,27019.250383020215,-0.7727,-0.2995,-0.47,0.0
2014-09-05,27025.24871969616,0.0222,0.0553,-0.03,0.0
2014-09-08,26753.53249291585,-1.0054,-1.0349,0.03,0.0
2014-09-09,26624.00279967372,-0.4842,-0.471,-0.01,0.0
2014-09-10,26733.841127945114,0.4126,-0.2647,0.68,0.0
2014-09-11,26607.07399306994,-0.4742,-0.4905,0.02,0.0
2014-09-12,26450.15653897239,-0.5898,-0.6061,0.02,0.0
2014-09-15,26459.05021500326,0.0336,0.3008,-0.27,0.0
2014-09-16,26634.030505839484,0.6613,0.1297,0.53,0.0
2014-09-17,26653.01624118007,0.0713,-0.0648,0.14,0.0
2014-09-18,26402.310725191106,-0.9406,-0.7048,-0.24,0.0
2014-09-19,26084.593092050767,-1.2034,-0.8485,-0.36,0.0
2014-09-22,26186.93316387617,0.3923,0.1234,0.27,0.0
2014-09-23,26340.797659427397,0.5876,0.3452,0.24,0.0
2014-09-24,26280.402060456105,-0.2293,-0.1966,-0.03,0.0
2014-09-25,26263.05328294472,-0.066,0.2134,-0.28,0.0
2014-09-26,26402.337515156294,0.5303,-0.5814,1.12,0.0
2014-09-29,26324.71173788502,-0.294,0.28,-0.57,0.0
2014-09-30,26351.021273889222,0.0999,-0.5749,0.68,0.0
2014-10-01,26554.962345736585,0.7739,0.3387,0.43,0.0
2014-10-02,26500.270199975002,-0.206,-0.0329,-0.17,0.0
2014-10-03,25905.007378281793,-2.2463,-1.8119,-0.44,0.0
2014-10-06,26261.896366890378,1.3777,1.2162,0.16,0.0
2014-10-07,26230.156796526,-0.1209,0.4144,-0.53,0.0
2014-10-08,26117.191955177386,-0.4307,-0.5282,0.1,0.0
2014-10-09,26366.490139005047,0.9545,1.6013,-0.64,0.0
2014-10-10,26349.43418419869,-0.0647,-0.294,0.23,0.0
2014-10-13,26640.71666090044,1.1055,0.6798,0.42,0.0
2014-10-14,26613.926730282674,-0.1006,0.3498,-0.45,0.0
2014-10-15,27012.051669814115,1.4959,0.8512,0.64,0.0
2014-10-16,26925.114102637777,-0.3218,-0.2894,-0.03,0.0
2014-10-17,27030.640514165756,0.3919,-0.1773,0.57,0.0
2014-10-20,26994.482787652265,-0.1338,0.4603,-0.59,0.0
2014-10-21,27088.865137974837,0.3496,0.5627,-0.21,0.0
2014-10-22,26917.193388265154,-0.6337,-0.4956,-0.14,0.0
2014-10-23,26546.042386870784,-1.3789,-1.3095,-0.07,0.0
2014-10-24,26617.448121021804,0.269,0.2198,0.05,0.0
2014-10-27,26586.391741474385,-0.1167,-0.1706,0.05,0.0
2014-10-28,26647.241925032442,0.2289,0.0081,0.22,0.0
2014-10-29,26490.3599554061,-0.5887,-0.3986,-0.19,0.0
2014-10-30,25966.68482036374,-1.9769,-2.14,0.17,0.0
2014-10-31,25443.632244092743,-2.0143,-2.2536,0.24,0.0
2014-11-03,25392.223845512166,-0.202,-0.1452,-0.06,0.0
2014-11-04,25354.98871738973,-0.1466,-0.171,0.02,0.0
2014-11-05,24826.53145059212,-2.0842,-1.8845,-0.2,0.0
2014-11-06,24792.466460083702,-0.1372,-0.2706,0.13,0.0
2014-11-07,25435.861709402274,2.5951,2.3899,0.2,0.0
2014-11-10,25226.589049744107,-0.8227,-0.855,0.03,0.0
2014-11-11,25303.195506440425,0.3037,0.276,0.03,0.0
2014-11-12,25201.935759974123,-0.4002,-0.3354,-0.07,0.0
2014-11-13,25199.679029984072,-0.009,0.1898,-0.2,0.0
2014-11-14,25812.681386595243,2.4326,2.0584,0.37,0.0
2014-11-17,25817.22977744471,0.0176,-0.1688,0.19,0.0
2014-11-18,26164.882292972332,1.3466,1.1581,0.19,0.0
2014-11-19,26052.779159639467,-0.4284,-0.259,-0.17,0.0
2014-11-20,26082.12277509377,0.1126,-0.243,0.36,0.0
2014-11-21,26224.724610475376,0.5467,0.5711,-0.02,0.0
2014-11-24,26112.00854975557,-0.4298,-0.167,-0.26,0.0
2014-11-25,26186.328906011084,0.2846,0.1338,0.15,0.0
2014-11-26,26169.88986451787,-0.0628,-0.0418,-0.02,0.0
2014-11-28,25707.27013560587,-1.7678,-1.7884,0.02,0.0
2014-12-01,26794.276597252374,4.2284,3.6419,0.57,0.0
2014-12-02,26272.556107303666,-1.9471,-1.5435,-0.41,0.0
2014-12-03,26407.920461187972,0.5152,0.7755,-0.26,0.0
2014-12-04,26415.107837492855,0.0272,-0.0827,0.11,0.0
2014-12-05,26003.743215157596,-1.5573,-1.441,-0.12,0.0
2014-12-08,26158.33414962323,0.5945,0.3865,0.21,0.0
2014-12-09,26923.579267560428,2.9254,3.0803,-0.15,0.0
2014-12-10,26890.641187245583,-0.1223,-0.2111,0.09,0.0
2014-12-11,26863.812414708176,-0.0998,-0.3092,0.21,0.0
2014-12-12,26998.95703882065,0.5031,-0.253,0.76,0.0
2014-12-15,26691.17664213659,-1.14,-1.2111,0.07,0.0
2014-12-16,26671.565404061897,-0.0735,-1.1017,1.04,0.0
2014-12-17,26885.353400258773,0.8016,0.0335,0.77,0.0
2014-12-18,26837.31692374111,-0.1787,0.0335,-0.21,0.0
2014-12-19,26638.002350085968,-0.7427,0.1004,-0.84,0.0
2014-12-22,26384.377829317033,-0.9521,-1.3546,0.41,0.0
2014-12-23,26337.039244556017,-0.1794,-0.1526,-0.03,0.0
2014-12-24,26325.811023415667,-0.0426,-0.3735,0.33,0.0
2014-12-26,26848.683216792208,1.9862,1.8577,0.13,0.0
2014-12-29,26575.379003284488,-1.0179,-1.1378,0.12,0.0
2014-12-30,27022.412289130032,1.6821,1.5655,0.11,0.0
2014-12-31,26536.092457742077,-1.7997,-1.3581,-0.45,0.0
2015-01-02,26436.358815164556,-0.3758,0.1774,-0.55,0.0
2015-01-05,26941.7988836317,1.9119,1.5093,0.4,0.0
2015-01-06,27312.305952744282,1.3752,1.2792,0.09,0.0
2015-01-07,27215.896034036858,-0.353,-0.7135,0.36,0.0
2015-01-08,27040.366080082244,-0.645,-0.1817,-0.46,0.0
2015-01-09,26950.251843140646,-0.3333,0.6289,-0.96,0.0
2015-01-12,27180.86827266951,0.8557,1.3734,-0.51,0.0
2015-01-13,27093.925137373906,-0.3199,0.1298,-0.45,0.0
2015-01-14,27054.646391622206,-0.145,0.0081,-0.15,0.0
2015-01-15,27770.17421378815,2.6448,2.4546,0.19,0.0
2015-01-16,28024.51364012105,0.9159,0.9647,-0.05,0.0
2015-01-20,28211.965516579217,0.6689,1.3548,-0.68,0.0
2015-01-21,28205.640636941454,-0.0224,-0.0386,0.02,0.0
2015-01-22,28314.557690439284,0.3862,0.5411,-0.15,0.0
2015-01-23,28158.8020699512,-0.5501,-0.6227,0.07,0.0
2015-01-26,27796.58815891241,-1.2863,-1.0212,-0.27,0.0
2015-01-27,28082.092883812566,1.0271,0.9614,0.07,0.0
2015-01-28,27924.16639488775,-0.5624,-0.449,-0.11,0.0
2015-01-29,27221.393673704617,-2.5167,-2.4341,-0.08,0.0
2015-01-30,27941.166305131133,2.6441,1.905,0.73,0.0
2015-02-02,27988.839524388764,0.1706,-0.1799,0.35,0.0
2015-02-03,27500.003321994103,-1.7465,-1.2929,-0.46,0.0
2015-02-04,27538.557275949468,0.1402,0.3255,-0.18,0.0
2015-02-05,27609.12850556691,0.2563,-0.1424,0.4,0.0
2015-02-06,26938.95784958481,-2.4274,-2.2266,-0.21,0.0
2015-02-09,27190.529836146095,0.9339,0.5592,0.37,0.0
2015-02-10,27061.66141383108,-0.4739,-0.7415,0.27,0.0
2015-02-11,26876.1993124402,-0.6853,-1.0231,0.34,0.0
2015-02-12,26917.71160922218,0.1545,0.0902,0.06,0.0
2015-02-13,26966.950031228826,0.1829,0.5245,-0.34,0.0
2015-02-17,26569.22747760024,-1.4749,-1.5002,0.03,0.0
2015-02-18,26353.09179337893,-0.8135,-0.6953,-0.12,0.0
2015-02-19,26499.422256466332,0.5553,0.6168,-0.06,0.0
2015-02-20,26478.91121012024,-0.0774,-0.2237,0.15,0.0
2015-02-23,26361.605273432135,-0.443,-0.3404,-0.1,0.0
2015-02-24,26316.562588792545,-0.1709,-0.2833,0.11,0.0
2015-02-25,26433.044048978176,0.4426,0.3425,0.1,0.0
2015-02-26,26470.03005978984,0.1399,0.7161,-0.57,0.0
2015-02-27,26482.933090808016,0.0487,0.248,-0.2,0.0
2015-03-02,26331.92468886168,-0.5702,-0.4041,-0.17,0.0
2015-03-03,26357.704339820077,0.0979,-0.3064,0.41,0.0
2015-03-04,26245.906266900132,-0.4242,-0.2824,-0.14,0.0
2015-03-05,26351.248742001924,0.4014,-0.3915,0.8,0.0
2015-03-06,25707.359386915818,-2.4435,-2.6591,0.22,0.0
2015-03-09,25762.27680540828,0.2136,0.1976,0.02,0.0
2015-03-10,25713.3894176761,-0.1898,-0.5401,0.35,0.0
2015-03-11,25521.318252088528,-0.747,-0.8103,0.06,0.0
2015-03-12,25569.48212204998,0.1887,0.1217,0.07,0.0
2015-03-13,25490.90077551825,-0.3073,0.0434,-0.35,0.0
2015-03-16,25727.043432050967,0.9264,0.0607,0.87,0.0
2015-03-17,25498.955034881677,-0.8866,-0.4335,-0.46,0.0
2015-03-18,25497.34652103339,-0.0063,0.27,-0.28,0.0
2015-03-19,25921.142079426354,1.6621,1.5373,0.12,0.0
2015-03-20,26181.2496417785,1.0035,1.3429,-0.33,0.0
2015-03-23,26218.348494696264,0.1417,0.2701,-0.13,0.0
2015-03-24,26224.142012275235,0.0221,0.3114,-0.29,0.0
2015-03-25,26370.664884736285,0.5587,0.4699,0.09,0.0
2015-03-26,26620.879492457014,0.9488,0.6515,0.3,0.0
2015-03-27,26659.526774031678,0.1452,-0.4398,0.59,0.0
2015-03-30,26194.657116491795,-1.7437,-1.2502,-0.5,0.0
2015-03-31,26154.559628917625,-0.1531,-0.1435,-0.01,0.0
2015-04-01,26620.497520311947,1.7815,2.1131,-0.32,0.0
2015-04-02,26403.66109486526,-0.8145,-0.596,-0.22,0.0
2015-04-06,26745.847822332293,1.296,1.4739,-0.18,0.0
2015-04-07,26570.263720194285,-0.6565,-0.6565,0.0,0.0
2015-04-08,26511.598216487546,-0.2208,-0.6195,0.4,0.0
2015-04-09,26248.64597498543,-0.9918,-0.7896,-0.2,0.0
2015-04-10,26546.782861964908,1.1358,0.9216,0.21,0.0
2015-04-13,26410.89830504499,-0.5119,-0.44,-0.07,0.0
2015-04-14,26319.219737168452,-0.3471,-0.542,0.2,0.0
2015-04-15,26478.46609255999,0.6051,0.7294,-0.12,0.0
2015-04-16,26433.5335880781,-0.1697,-0.2913,0.12,0.0
2015-04-17,26514.42503141378,0.306,0.409,-0.1,0.0
2015-04-20,26398.822186712092,-0.436,-0.7814,0.35,0.0
2015-04-21,26862.840147088562,1.7577,0.7876,0.96,0.0
2015-04-22,26393.456542534477,-1.7473,-1.3301,-0.42,0.0
2015-04-23,26584.314914538118,0.7231,0.6319,0.09,0.0
2015-04-24,26303.266713816112,-1.0572,-1.6075,0.56,0.0
2015-04-27,27088.806550134355,2.9865,2.3911,0.58,0.0
2015-04-28,27108.574657172518,0.073,0.8892,-0.81,0.0
2015-04-29,26969.010042130063,-0.5148,-0.346,-0.17,0.0
2015-04-30,26529.235079727212,-1.6307,-2.2648,0.65,0.0
2015-05-01,26385.62808440844,-0.5413,-0.6681,0.13,0.0
2015-05-04,26661.953766655326,1.0473,1.0473,0.0,0.0
2015-05-05,26835.269015277634,0.65,0.5393,0.11,0.0
2015-05-06,26665.23228569306,-0.6336,-0.243,-0.39,0.0
2015-05-07,26620.39446080256,-0.1682,-0.6637,0.5,0.0
2015-05-08,26948.702254428914,1.2333,0.5666,0.66,0.0
2015-05-11,26656.815082416553,-1.0831,-0.4962,-0.59,0.0
2015-05-12,27001.87151828125,1.2944,0.7945,0.5,0.0
2015-05-13,27668.31719940659,2.4681,2.1633,0.3,0.0
2015-05-14,27754.90518823454,0.3129,0.5745,-0.26,0.0
2015-05-15,27481.5231968479,-0.985,0.0082,-0.99,0.0
2015-05-18,27543.955739232846,0.2272,0.1877,0.04,0.0
2015-05-19,27201.435511442978,-1.2435,-1.7022,0.47,0.0
2015-05-20,27270.454019665383,0.2537,0.1657,0.09,0.0
2015-05-21,27100.791457128365,-0.6221,-0.3722,-0.25,0.0
2015-05-22,27098.967534109077,-0.0067,-0.0083,0.0,0.0
2015-05-26,26691.091288647134,-1.5051,-1.4199,-0.09,0.0
2015-05-27,26831.725120088875,0.5269,-0.1095,0.64,0.0
2015-05-28,26838.641420592823,0.0258,0.1855,-0.16,0.0
2015-05-29,26847.39762799509,0.0326,0.1094,-0.08,0.0
2015-06-01,26785.16603697372,-0.2318,-0.0925,-0.14,0.0
2015-06-02,26862.690756161366,0.2894,0.4881,-0.2,0.0
2015-06-03,26673.01219801665,-0.7061,-0.7872,0.08,0.0
2015-06-04,26617.3293311095,-0.2088,-0.8272,0.62,0.0
2015-06-05,26432.52602180231,-0.6943,-0.6043,-0.09,0.0
2015-06-08,26455.586719926596,0.0872,0.4624,-0.37,0.0
2015-06-09,26637.14532734845,0.6863,0.3495,0.34,0.0
2015-06-10,26862.256623249585,0.8451,0.7475,0.1,0.0
2015-06-11,26622.111835032338,-0.894,-0.5227,-0.37,0.0
2015-06-12,26680.671779617704,0.22,-0.0932,0.31,0.0
2015-06-15,26866.776903781425,0.6975,0.5514,0.15,0.0
2015-06-16,26741.275784471356,-0.4671,-0.405,-0.06,0.0
2015-06-17,26702.485564927596,-0.1451,-0.3473,0.2,0.0
2015-06-18,27196.155664792685,1.8488,2.1336,-0.28,0.0
2015-06-19,27044.03519057449,-0.5593,0.0,-0.56,0.0
2015-06-22,26579.33216029372,-1.7183,-1.4815,-0.24,0.0
2015-06-23,26417.163113313694,-0.6101,-0.6336,0.02,0.0
2015-06-24,26374.874957423464,-0.1601,-0.3061,0.15,0.0
2015-06-25,26334.390552168825,-0.1535,-0.0938,-0.06,0.0
2015-06-26,26344.707458336965,0.0392,0.1195,-0.08,0.0
2015-06-29,26442.564250483614,0.3714,0.4774,-0.11,0.0
2015-06-30,26401.508300208254,-0.1553,-0.594,0.44,0.0
2015-07-01,26289.768417127583,-0.4232,-0.2134,-0.21,0.0
2015-07-02,26148.253373018768,-0.5383,-0.5133,-0.03,0.0
2015-07-06,26300.322342028296,0.5816,0.8512,-0.27,0.0
2015-07-07,25824.7504073138,-1.8082,-1.7478,-0.06,0.0
2015-07-08,26131.960629261357,1.1896,0.9459,0.24,0.0
2015-07-09,26053.400469452554,-0.3006,-0.3696,0.07,0.0
2015-07-10,25943.108542695452,-0.4233,-0.1122,-0.31,0.0
2015-07-13,25882.18417531699,-0.2348,-0.2159,-0.02,0.0
2015-07-14,25905.6920134279,0.0908,-0.1645,0.26,0.0
2015-07-15,25691.584655993844,-0.8265,-0.5289,-0.3,0.0
2015-07-16,25696.34528053979,0.0185,-0.2964,0.32,0.0
2015-07-17,25409.94480749599,-1.1146,-1.0491,-0.07,0.0
2015-07-20,24847.208539862004,-2.2146,-2.2177,0.0,0.0
2015-07-21,24828.141273065477,-0.0767,-0.2982,0.22,0.0
2015-07-22,24541.912243759296,-1.1528,-1.0875,-0.07,0.0
2015-07-23,24631.716482965898,0.3659,0.2382,0.13,0.0
2015-07-24,24513.230168672933,-0.481,-0.7678,0.29,0.0
2015-07-27,24857.078193631318,1.4027,1.0041,0.39,0.0
2015-07-28,24897.909791036174,0.1643,-0.0182,0.18,0.0
2015-07-29,24670.072578589337,-0.9151,-0.3284,-0.59,0.0
2015-07-30,24589.92844580432,-0.3249,-0.3935,0.07,0.0
2015-07-31,24827.776676030247,0.9673,0.5972,0.37,0.0
2015-08-03,24649.892896187364,-0.7165,-0.5023,-0.22,0.0
2015-08-04,24734.85257121969,0.3447,0.1193,0.23,0.0
2015-08-05,24504.352884335043,-0.9319,-0.4584,-0.48,0.0
2015-08-06,24558.494276883328,0.2209,0.4145,-0.19,0.0
2015-08-07,24660.666219300132,0.416,0.3577,0.06,0.0
2015-08-10,24888.316463615778,0.9231,0.9231,0.0,0.0
2015-08-11,25006.081466728123,0.4732,0.3079,0.16,0.0
2015-08-12,25552.12487848352,2.1836,1.4084,0.76,0.0
2015-08-13,25568.141742593318,0.0627,-0.6677,0.74,0.0
2015-08-14,25688.959578752438,0.4725,-0.251,0.73,0.0
2015-08-17,25762.37928170583,0.2858,0.5122,-0.23,0.0
2015-08-18,25854.650456542022,0.3582,-0.1341,0.49,0.0
2015-08-19,26110.43549506297,0.9893,0.9847,0.0,0.0
2015-08-20,26526.914747135354,1.5951,2.2073,-0.6,0.0
2015-08-21,26845.669951458232,1.2016,0.5724,0.63,0.0
2015-08-24,26932.60573638437,0.3238,-0.5347,0.86,0.0
2015-08-25,26892.05252087687,-0.1506,-1.3178,1.18,0.0
2015-08-26,26362.32020552156,-1.9698,-1.1949,-0.78,0.0
2015-08-27,26220.644400964222,-0.5374,-0.1956,-0.34,0.0
2015-08-28,26470.207904716885,0.9518,0.9533,0.0,0.0
2015-08-31,26470.383105649304,0.0007,-0.1324,0.13,0.0
2015-09-01,26719.82703715313,0.9424,0.6274,0.31,0.0
2015-09-02,26603.580920485118,-0.4351,-0.5445,0.11,0.0
2015-09-03,26318.570481731284,-1.0713,-0.777,-0.3,0.0
2015-09-04,26219.810740713372,-0.3752,-0.2759,-0.1,0.0
2015-09-08,26469.912660676706,0.9539,-0.0178,0.97,0.0
2015-09-09,25885.175882863507,-2.2091,-1.6244,-0.59,0.0
2015-09-10,26131.56358576389,0.9518,0.6623,0.29,0.0
2015-09-11,25881.755572958064,-0.956,-0.5408,-0.42,0.0
2015-09-14,25946.964115141494,0.2519,0.3806,-0.13,0.0
2015-09-15,25863.779550038438,-0.3206,-0.4423,0.12,0.0
2015-09-16,26293.9213939558,1.6631,1.4871,0.17,0.0
2015-09-17,26156.822346440964,-0.5214,-0.1698,-0.35,0.0
2015-09-18,26613.980197516925,1.7478,1.8616,-0.11,0.0
2015-09-21,26392.466223205363,-0.8323,-0.4393,-0.39,0.0
2015-09-22,26155.25922683745,-0.8988,-0.7149,-0.19,0.0
2015-09-23,26363.13059009308,0.7948,0.5867,0.21,0.0
2015-09-24,26997.442077945045,2.4061,1.9618,0.44,0.0
2015-09-25,26838.84239598441,-0.5875,-0.676,0.09,0.0
2015-09-28,26487.74900189118,-1.3082,-1.2216,-0.09,0.0
2015-09-29,26411.75799156895,-0.2869,-0.4329,0.15,0.0
2015-09-30,26005.797981964846,-1.537,-1.0292,-0.51,0.0
2015-10-01,25820.63071491142,-0.712,-0.1165,-0.6,0.0
2015-10-02,26387.91264150599,2.197,2.0553,0.14,0.0
2015-10-05,26306.069394761493,-0.3102,0.0879,-0.4,0.0
2015-10-06,26412.25808147661,0.4037,0.7644,-0.36,0.0
2015-10-07,26487.7120608895,0.2857,0.1918,0.09,0.0
2015-10-08,26289.40180619336,-0.7487,-0.3742,-0.38,0.0
2015-10-09,26578.712149566007,1.1005,1.0134,0.09,0.0
2015-10-12,26684.520676577922,0.3981,0.7437,-0.34,0.0
2015-10-13,26709.25833595313,0.0927,0.0773,0.02,0.0
2015-10-14,27163.33737799818,1.7001,1.2266,0.47,0.0
2015-10-15,27243.731501434188,0.296,0.661,-0.36,0.0
2015-10-16,27117.903274595083,-0.4619,-0.362,-0.1,0.0
2015-10-19,26844.988805427067,-1.0064,-0.8702,-0.14,0.0
2015-10-20,27059.17376942403,0.7979,0.4006,0.4,0.0
2015-10-21,26838.03955428672,-0.8172,-0.8829,0.07,0.0
2015-10-22,26883.126401846104,0.168,-0.0856,0.25,0.0
2015-10-23,26762.241837419424,-0.4497,-0.2829,-0.17,0.0
2015-10-26,26779.261897303862,0.0636,0.3181,-0.25,0.0
2015-10-27,26781.275489669028,0.0075,-0.0171,0.02,0.0
2015-10-28,27086.791602627247,1.1408,0.8827,0.26,0.0
2015-10-29,26349.655747227393,-2.7214,-2.5401,-0.19,0.0
2015-10-30,26419.778772985417,0.2661,-0.4969,0.77,0.0
2015-11-02,26276.20600811567,-0.5434,-0.4993,-0.04,0.0
2015-11-03,25826.1473302255,-1.7128,-1.9018,0.19,0.0
2015-11-04,25643.755363743865,-0.7062,-0.6911,-0.02,0.0
2015-11-05,25616.17890240541,-0.1075,-0.1898,0.08,0.0
2015-11-06,25332.283685597766,-1.1083,-1.5212,0.42,0.0
2015-11-09,25444.30865245434,0.4422,0.0276,0.41,0.0
2015-11-10,25580.248064119085,0.5343,0.0276,0.51,0.0
2015-11-11,25392.479689244297,-0.734,-0.3216,-0.41,0.0
2015-11-12,25251.494911179612,-0.5552,-0.3595,-0.2,0.0
2015-11-13,25245.758725346554,-0.0227,0.0,-0.02,0.0
2015-11-16,25314.647870954737,0.2729,0.2683,0.0,0.0
2015-11-17,24906.051242357713,-1.6141,-1.3841,-0.23,0.0
2015-11-18,24961.302335987093,0.2218,0.0094,0.21,0.0
2015-11-19,25190.64779887331,0.9188,0.8608,0.06,0.0
2015-11-20,25157.067240253553,-0.1333,-0.1484,0.02,0.0
2015-11-23,24919.49816862551,-0.9443,-0.8919,-0.05,0.0
2015-11-24,25216.65021345619,1.1924,0.703,0.49,0.0
2015-11-25,25100.573438229592,-0.4603,-0.3537,-0.11,0.0
2015-11-27,24861.642717072507,-0.9519,-1.3358,0.39,0.0
2015-11-30,25216.52784483152,1.4274,0.9089,0.51,0.0
2015-12-01,25021.730286810012,-0.7725,-0.1877,-0.59,0.0
2015-12-02,24778.401000419683,-0.9725,-0.9024,-0.07,0.0
2015-12-03,24990.730653626288,0.8569,0.7114,0.14,0.0
2015-12-04,25621.759777733525,2.5251,2.1475,0.37,0.0
2015-12-07,25366.82145369839,-0.995,-0.7469,-0.25,0.0
2015-12-08,25414.708683106954,0.1888,-0.0093,0.2,0.0
2015-12-09,25470.176443877495,0.2183,0.1208,0.1,0.0
2015-12-10,25385.446134091868,-0.3327,-0.4176,0.09,0.0
2015-12-11,25435.733348643353,0.1981,0.3541,-0.16,0.0
2015-12-14,25281.244877787285,-0.6074,-1.1329,0.53,0.0
2015-12-15,25212.192612458213,-0.2731,-0.1691,-0.1,0.0
2015-12-16,25506.3183420673,1.1666,1.4206,-0.25,0.0
2015-12-17,24686.225611440677,-3.2153,-2.5232,-0.71,0.0
2015-12-18,25059.700799242954,1.5129,1.4655,0.05,0.0
2015-12-21,25347.978654039915,1.1504,1.4725,-0.32,0.0
2015-12-22,25189.61324609138,-0.6248,-0.6563,0.03,0.0
2015-12-23,25053.22164627929,-0.5415,-0.5024,-0.04,0.0
2015-12-24,25202.049072055277,0.594,0.7294,-0.13,0.0
2015-12-28,24964.28050697765,-0.9434,-0.622,-0.32,0.0
2015-12-29,25201.448931163515,0.95,0.6539,0.29,0.0
2015-12-30,24841.721771387885,-1.4274,-1.6149,0.19,0.0
2015-12-31,24919.53183885237,0.3132,0.0189,0.29,0.0
2016-01-04,25167.74732448315,0.9961,1.3958,-0.39,0.0
2016-01-05,25400.604294346726,0.9252,0.307,0.62,0.0
2016-01-06,25688.850270557847,1.1348,1.2519,-0.12,0.0
2016-01-07,26138.919255479082,1.752,1.447,0.3,0.0
2016-01-08,25981.790441558347,-0.6011,-0.8937,0.3,0.0
2016-01-11,25919.61084217107,-0.2393,-0.1184,-0.12,0.0
2016-01-12,25643.907023844196,-1.0637,-0.9941,-0.07,0.0
2016-01-13,25737.63332409563,0.3655,0.175,0.19,0.0
2016-01-14,25421.841819951715,-1.227,-1.2506,0.02,0.0
2016-01-15,25980.532295705,2.1977,1.6389,0.55,0.0
2016-01-19,26099.326716357995,0.4572,-0.1466,0.6,0.0
2016-01-20,26533.13175972712,1.6621,1.5781,0.08,0.0
2016-01-21,26412.145141132394,-0.456,-0.7226,0.27,0.0
2016-01-22,26311.773947417078,-0.38,-0.1729,-0.21,0.0
2016-01-25,26423.14737502929,0.4233,0.8203,-0.39,0.0
2016-01-26,26872.7251653196,1.7015,1.4012,0.3,0.0
2016-01-27,26750.012300436938,-0.4566,-0.4992,0.04,0.0
2016-01-28,26906.10396899572,0.5835,-0.0448,0.63,0.0
2016-01-29,26884.73400000219,-0.0794,0.0717,-0.15,0.0
2016-02-01,27072.720282391885,0.6992,1.0301,-0.33,0.0
2016-02-02,27063.103765975666,-0.0355,-0.0532,0.02,0.0
2016-02-03,27441.177908665322,1.397,1.2419,0.15,0.0
2016-02-04,27808.936416422515,1.3402,1.4282,-0.09,0.0
2016-02-05,27665.107321635995,-0.5172,0.0173,-0.53,0.0
2016-02-08,28724.105574764202,3.8279,3.4635,0.35,0.0
2016-02-09,28859.441193211693,0.4712,0.0668,0.4,0.0
2016-02-10,28700.6085991501,-0.5504,-0.3337,-0.22,0.0
2016-02-11,29963.200570145284,4.3992,4.453,-0.05,0.0
2016-02-12,30006.508454043505,0.1445,-0.7052,0.86,0.0
2016-02-16,29106.998806724885,-2.9977,-2.518,-0.49,0.0
2016-02-17,29342.155072390724,0.8079,0.2649,0.54,0.0
2016-02-18,29640.530072477017,1.0169,1.2385,-0.22,0.0
2016-02-19,29835.861379652517,0.659,0.3507,0.31,0.0
2016-02-22,29317.081608095355,-1.7388,-1.6986,-0.04,0.0
2016-02-23,29642.90209737366,1.1114,1.0583,0.05,0.0
2016-02-24,30053.332165417312,1.3846,1.3417,0.04,0.0
2016-02-25,29941.799186355573,-0.3711,-0.0404,-0.33,0.0
2016-02-26,29678.472977046033,-0.8795,-1.486,0.62,0.0
2016-02-29,29992.29929175458,1.0574,1.1559,-0.1,0.0
2016-03-01,29682.020590248612,-1.0345,-0.2918,-0.74,0.0
2016-03-02,29735.405288915514,0.1799,0.8778,-0.69,0.0
2016-03-03,29966.737121255705,0.778,1.3134,-0.53,0.0
2016-03-04,30154.607654623727,0.6269,0.9941,-0.36,0.0
2016-03-07,29900.35540346739,-0.8432,-0.5276,-0.32,0.0
2016-03-08,29926.094219221413,0.0861,-0.0871,0.17,0.0
2016-03-09,29933.894298922944,0.0261,-0.4358,0.46,0.0
2016-03-10,30205.372161646927,0.9069,1.2255,-0.31,0.0
2016-03-11,29962.54951855572,-0.8039,-1.0456,0.24,0.0
2016-03-14,29447.87418587716,-1.7177,-1.1361,-0.59,0.0
2016-03-15,29230.146201497344,-0.7394,-1.125,0.39,0.0
2016-03-16,29284.442508416392,0.1858,-0.0894,0.28,0.0
2016-03-17,29886.40861861383,2.0556,2.8634,-0.79,0.0
2016-03-18,29536.84989289476,-1.1696,-0.8462,-0.33,0.0
2016-03-21,29197.459608582136,-1.149,-0.7976,-0.35,0.0
2016-03-22,29364.310195962404,0.5715,0.3537,0.22,0.0
2016-03-23,28893.53732277248,-1.6032,-1.9628,0.37,0.0
2016-03-24,28898.842718892345,0.0184,-0.1879,0.21,0.0
2016-03-28,28865.50803431289,-0.1153,-0.1228,0.01,0.0
2016-03-29,29237.003286071533,1.287,1.287,0.0,0.0
2016-03-30,28797.269051795647,-1.504,-0.7041,-0.81,0.0
2016-03-31,28968.60978919886,0.595,0.595,0.0,0.0
2016-04-01,28635.084179845253,-1.1513,-0.9723,-0.18,0.0
2016-04-04,28584.066323628296,-0.1782,-0.3436,0.17,0.0
2016-04-05,28730.38759853697,0.5119,0.8539,-0.34,0.0
2016-04-06,28737.23089649943,0.0238,-0.4803,0.51,0.0
2016-04-07,29087.689998102956,1.2195,1.1207,0.1,0.0
2016-04-08,29344.027949389045,0.8813,0.5096,0.37,0.0
2016-04-11,29574.942991632102,0.7869,1.1429,-0.35,0.0
2016-04-12,29525.356197394412,-0.1677,0.2149,-0.38,0.0
2016-04-13,29240.986741100132,-0.9631,-1.0005,0.04,0.0
2016-04-14,28820.69206234727,-1.4373,-1.7485,0.32,0.0
2016-04-15,29060.103457115743,0.8307,0.6612,0.17,0.0
2016-04-18,29078.866662709315,0.0646,0.0405,0.02,0.0
2016-04-19,29428.045071780885,1.2008,1.5726,-0.37,0.0
2016-04-20,29349.863536717945,-0.2657,0.016,-0.28,0.0
2016-04-21,29243.551005639834,-0.3622,-0.3351,-0.03,0.0
2016-04-22,28902.09194140979,-1.1676,-1.6253,0.47,0.0
2016-04-25,29203.801338640784,1.0439,0.8302,0.21,0.0
2016-04-26,29304.43359081826,0.3446,0.2664,0.08,0.0
2016-04-27,29360.00459014829,0.1896,0.5635,-0.37,0.0
2016-04-28,29697.45604932545,1.1494,1.3048,-0.15,0.0
2016-04-29,30291.46495145329,2.0002,1.8728,0.13,0.0
2016-05-02,30411.535180778286,0.3964,0.4266,-0.03,0.0
2016-05-03,30296.12558868393,-0.3795,-0.309,-0.07,0.0
2016-05-04,29987.22348116432,-1.0196,-1.3481,0.33,0.0
2016-05-05,29955.06628846151,-0.1072,-0.1492,0.04,0.0
2016-05-06,30453.38834410068,1.6636,1.691,-0.03,0.0
2016-05-09,29806.775351885564,-2.1233,-2.1115,-0.01,0.0
2016-05-10,29823.505976898417,0.0561,-0.1343,0.19,0.0
2016-05-11,30051.193815198618,0.7635,0.8466,-0.08,0.0
2016-05-12,29916.122102880865,-0.4495,-0.3374,-0.11,0.0
2016-05-13,30025.771252137634,0.3665,0.126,0.24,0.0
2016-05-16,30128.284576973823,0.3414,0.1179,0.22,0.0
2016-05-17,30183.24590739983,0.1824,0.2199,-0.04,0.0
2016-05-18,30120.96383576016,-0.2063,-0.1959,-0.01,0.0
2016-05-19,29789.34224286417,-1.101,-1.531,0.44,0.0
2016-05-20,29886.994221387973,0.3278,-0.1435,0.47,0.0
2016-05-23,29832.076850349273,-0.1838,-0.1038,-0.08,0.0
2016-05-24,29313.592068780934,-1.738,-1.7744,0.04,0.0
2016-05-25,29272.621944252784,-0.1398,-0.4394,0.3,0.0
2016-05-26,29041.54541429165,-0.7894,-0.2779,-0.51,0.0
2016-05-27,28741.3469527179,-1.0337,-0.5163,-0.52,0.0
2016-05-31,28841.92877600902,0.35,0.0824,0.27,0.0
2016-06-01,28815.07847616072,-0.0931,-0.2387,0.15,0.0
2016-06-02,28848.57949481981,0.1163,-0.1733,0.29,0.0
2016-06-03,29512.33400198235,2.3008,2.5045,-0.2,0.0
2016-06-06,29487.37643422014,-0.0846,0.3629,-0.45,0.0
2016-06-07,29398.58410127932,-0.3011,-0.0161,-0.29,0.0
2016-06-08,29745.47378994446,1.18,1.2375,-0.06,0.0
2016-06-09,29877.37766247187,0.4434,0.8255,-0.38,0.0
2016-06-10,30056.677341973682,0.6001,0.2519,0.35,0.0
2016-06-13,30408.981357941968,1.1721,0.8638,0.31,0.0
2016-06-14,30532.4152867361,0.4059,0.0934,0.31,0.0
2016-06-15,30602.647269279965,0.23,0.0156,0.21,0.0
2016-06-16,30744.656467642988,0.464,0.8011,-0.33,0.0
2016-06-17,30766.224419085465,0.0702,-0.2778,0.35,0.0
2016-06-20,30596.767786543474,-0.5508,-0.1934,-0.36,0.0
2016-06-21,30163.0130568953,-1.4176,-1.5116,0.1,0.0
2016-06-22,30317.11952547606,0.5109,-0.1968,0.71,0.0
2016-06-23,30072.46173398083,-0.807,-0.5363,-0.27,0.0
2016-06-24,31390.4799469444,4.3828,4.6622,-0.27,0.0
2016-06-27,31746.930137046933,1.1355,0.1894,0.94,0.0
2016-06-28,31594.56030160855,-0.48,-0.5444,0.06,0.0
2016-06-29,31700.007695209926,0.3338,0.6538,-0.32,0.0
2016-06-30,31433.562840703475,-0.8405,-0.4154,-0.43,0.0
2016-07-01,31910.055439664244,1.5159,1.388,0.13,0.0
2016-07-05,32253.69960202099,1.0769,1.4738,-0.39,0.0
2016-07-06,32547.05345311538,0.9095,0.6267,0.28,0.0
2016-07-07,32420.566740385955,-0.3886,-0.3517,-0.04,0.0
2016-07-08,32383.196060412847,-0.1153,-0.2573,0.14,0.0
2016-07-11,32170.0939252238,-0.6581,-0.1179,-0.54,0.0
2016-07-12,31680.020647340665,-1.5234,-1.5424,0.02,0.0
2016-07-13,31746.563136476016,0.21,0.6221,-0.41,0.0
2016-07-14,31548.087949054727,-0.6252,-0.8269,0.2,0.0
2016-07-15,31355.52717845361,-0.6104,-0.3606,-0.25,0.0
2016-07-18,31539.033050878486,0.5852,0.1432,0.44,0.0
2016-07-19,31615.45686517751,0.2423,0.2334,0.01,0.0
2016-07-20,31345.15586641035,-0.855,-0.9538,0.1,0.0
2016-07-21,31603.47688969797,0.8241,0.8872,-0.06,0.0
2016-07-22,31423.023247996185,-0.571,-0.5562,-0.01,0.0
2016-07-25,31329.04611687233,-0.2991,-0.2872,-0.01,0.0
2016-07-26,31483.259586931843,0.4922,0.1061,0.39,0.0
2016-07-27,31567.136510473636,0.2664,0.4467,-0.18,0.0
2016-07-28,31598.645547944845,0.0998,0.4297,-0.33,0.0
2016-07-29,31968.007753257432,1.1689,1.2535,-0.08,0.0
2016-08-01,31853.303844038455,-0.3588,0.1779,-0.54,0.0
2016-08-02,32209.420743065366,1.118,0.962,0.15,0.0
2016-08-03,31977.51311019711,-0.72,-0.6083,-0.11,0.0
2016-08-04,32081.548243356297,0.3253,0.1991,0.13,0.0
2016-08-05,31590.9625796445,-1.5292,-1.6485,0.12,0.0
2016-08-08,31517.214574579924,-0.2334,-0.2245,-0.01,0.0
2016-08-09,31630.164036885784,0.3584,0.42,-0.06,0.0
2016-08-10,31750.13260083756,0.3793,0.3958,-0.02,0.0
2016-08-11,31695.751692601913,-0.1713,-0.1339,-0.04,0.0
2016-08-12,31529.063174798186,-0.5259,-0.4991,-0.03,0.0
2016-08-15,31710.928572633773,0.5768,0.3369,0.24,0.0
2016-08-16,31935.682555503798,0.7088,0.761,-0.05,0.0
2016-08-17,31747.812451221074,-0.5883,-0.5776,-0.01,0.0
2016-08-18,31971.637472862585,0.705,0.6331,0.07,0.0
2016-08-19,31675.561317703487,-0.9261,-0.7993,-0.13,0.0
2016-08-22,31757.230669209246,0.2578,-0.2014,0.46,0.0
2016-08-23,31854.47640482025,0.3062,0.2168,0.09,0.0
2016-08-24,31442.656614682266,-1.2928,-1.2084,-0.09,0.0
2016-08-25,31354.577817342833,-0.2801,-0.3247,0.04,0.0
2016-08-26,31315.668784706068,-0.1241,0.1061,-0.23,0.0
2016-08-29,31406.577431910155,0.2903,0.1059,0.18,0.0
2016-08-30,31122.587301295884,-0.9042,-0.8466,-0.06,0.0
2016-08-31,31025.618924039434,-0.3116,-0.3659,0.05,0.0
2016-09-01,31080.945622144252,0.1783,0.4055,-0.23,0.0
2016-09-02,31230.480483249234,0.4811,0.7545,-0.27,0.0
2016-09-06,31716.442466558612,1.5561,2.0649,-0.5,0.0
2016-09-07,31499.20756704852,-0.6849,-0.3779,-0.31,0.0
2016-09-08,31425.777461831127,-0.2331,-0.5579,0.33,0.0
2016-09-09,31258.107045958437,-0.5335,-0.5012,-0.03,0.0
2016-09-12,31197.48955024986,-0.1939,-0.6842,0.49,0.0
2016-09-13,31124.600151143328,-0.2336,-0.1514,-0.08,0.0
2016-09-14,31310.7160745797,0.598,0.1895,0.41,0.0
2016-09-15,31011.12231009088,-0.9568,-0.6054,-0.35,0.0
2016-09-16,30871.909189396443,-0.4489,-0.5862,0.14,0.0
2016-09-19,31153.824710197463,0.9132,0.5897,0.32,0.0
2016-09-20,31107.414776476497,-0.149,0.0152,-0.16,0.0
2016-09-21,31429.27317552282,1.0347,1.0048,0.03,0.0
2016-09-22,31647.687703605443,0.6949,1.0174,-0.32,0.0
2016-09-23,31506.584924365958,-0.4459,-0.2387,-0.21,0.0
2016-09-26,31600.505258340116,0.2981,0.187,0.11,0.0
2016-09-27,31232.791841543967,-1.1636,-1.0301,-0.13,0.0
2016-09-28,31002.593698892673,-0.737,-0.4902,-0.25,0.0
2016-09-29,31005.921204228165,0.0107,0.1743,-0.16,0.0
2016-09-30,31033.431686650212,0.0887,-0.6355,0.73,0.0
2016-10-03,30806.921092419154,-0.7299,-0.3274,-0.4,0.0
2016-10-04,29727.560637244285,-3.5036,-3.262,-0.25,0.0
2016-10-05,29790.19552826458,0.2107,-0.0869,0.3,0.0
2016-10-06,29421.049814059912,-1.2392,-1.2172,-0.02,0.0
2016-10-07,29454.587874112545,0.114,-0.072,0.19,0.0
2016-10-11,29461.768946895314,0.0244,0.3283,-0.3,0.0
2016-10-12,29555.761240726017,0.319,-0.1516,0.47,0.0
2016-10-13,29656.59395768849,0.3412,0.3117,0.03,0.0
2016-10-14,29596.581392808584,-0.2024,-0.1514,-0.05,0.0
2016-10-17,29592.374518742534,-0.0142,0.1037,-0.12,0.0
2016-10-18,29778.27014704246,0.6282,0.5102,0.12,0.0
2016-10-19,29925.51370911736,0.4945,0.5631,-0.07,0.0
2016-10-20,29825.7516000633,-0.3334,-0.1814,-0.15,0.0
2016-10-21,29924.556713845654,0.3313,0.0237,0.31,0.0
2016-10-24,29863.56194333175,-0.2038,-0.3081,0.1,0.0
2016-10-25,30063.106191424224,0.6682,0.7845,-0.12,0.0
2016-10-26,29871.717134487946,-0.6366,-0.5582,-0.08,0.0
2016-10-27,29982.012230909982,0.3692,0.2451,0.12,0.0
2016-10-28,30179.321934421932,0.6581,0.5994,0.06,0.0
2016-10-31,30029.99943078857,-0.4948,-0.3136,-0.18,0.0
2016-11-01,30329.17402197162,0.9963,1.1718,-0.17,0.0
2016-11-02,30816.1492761087,1.6056,1.5858,0.02,0.0
2016-11-03,30750.903913187634,-0.2117,-0.3597,0.15,0.0
2016-11-04,30736.381976059463,-0.0472,0.0922,-0.14,0.0
2016-11-07,30192.36393827182,-1.7699,-1.9182,0.15,0.0
2016-11-08,30053.976738033845,-0.4584,-0.3833,-0.08,0.0
2016-11-09,29807.586231470326,-0.8198,-0.0628,-0.76,0.0
2016-11-10,29765.70641573458,-0.1405,-0.5579,0.42,0.0
2016-11-14,29172.588940092115,-1.9926,-3.5006,1.56,0.0
2016-11-15,29338.47629640882,0.5686,0.2293,0.34,0.0
2016-11-16,29312.19856861075,-0.0896,-0.049,-0.04,0.0
2016-11-17,29247.33310072562,-0.2213,-0.564,0.34,0.0
2016-11-18,29052.132565803448,-0.6674,-0.6576,-0.01,0.0
2016-11-21,29162.07852265328,0.3784,0.091,0.29,0.0
2016-11-22,29215.318979339994,0.1826,0.1157,0.07,0.0
2016-11-23,28758.4720252603,-1.5637,-1.8084,0.25,0.0
2016-11-25,28644.859092177277,-0.3951,-0.9167,0.53,0.0
2016-11-28,28846.541113083065,0.7041,1.0525,-0.34,0.0
2016-11-29,28800.86909554881,-0.1583,-0.2268,0.07,0.0
2016-11-30,28408.017401889465,-1.364,-1.4395,0.08,0.0
2016-12-01,28305.13269294772,-0.3622,-0.3331,-0.03,0.0
2016-12-02,28349.647906239734,0.1573,0.7027,-0.54,0.0
2016-12-05,28237.99503861211,-0.3938,-0.0936,-0.3,0.0
2016-12-06,28084.469192835808,-0.5437,-0.5451,0.0,0.0
2016-12-07,28141.747764005944,0.204,0.6338,-0.43,0.0
2016-12-08,27897.02555432844,-0.8696,-0.4425,-0.43,0.0
2016-12-09,27638.551157536283,-0.9265,-0.889,-0.04,0.0
2016-12-12,27758.71663445636,0.4348,0.3536,0.08,0.0
2016-12-13,27579.094348547413,-0.6471,-0.5844,-0.06,0.0
2016-12-14,27675.836197758526,0.3508,0.3977,-0.05,0.0
2016-12-15,27050.37660201611,-2.2599,-2.8847,0.64,0.0
2016-12-16,27240.303026498405,0.7021,0.665,0.04,0.0
2016-12-19,27361.0359288907,0.4432,0.458,-0.01,0.0
2016-12-20,27147.204601396938,-0.7815,-0.7891,0.01,0.0
2016-12-21,27160.32873969259,0.0483,-0.0354,0.08,0.0
2016-12-22,27076.557650830382,-0.3084,-0.2033,-0.11,0.0
2016-12-23,27155.919446384552,0.2931,0.2746,0.02,0.0
2016-12-27,27258.92995021526,0.3793,0.4771,-0.1,0.0
2016-12-28,27388.241790225882,0.4744,0.1846,0.29,0.0
2016-12-29,27893.80370725227,1.8459,1.492,0.35,0.0
2016-12-30,27628.801678715132,-0.95,-0.5534,-0.4,0.0
2017-01-03,27961.111006051007,1.2028,0.9043,0.3,0.0
2017-01-04,28098.97086417929,0.493,0.293,0.2,0.0
2017-01-05,28322.526598065986,0.7956,1.3662,-0.56,0.0
2017-01-06,28072.0616625255,-0.8843,-0.6612,-0.22,0.0
2017-01-09,28521.37062678254,1.6006,0.9898,0.6,0.0
2017-01-10,28519.14113892569,-0.0078,0.0591,-0.07,0.0
2017-01-11,28887.13491691,1.2903,0.9627,0.32,0.0
2017-01-12,28891.39538155066,0.0147,0.276,-0.26,0.0
2017-01-13,28800.20444960155,-0.3156,-0.3003,-0.02,0.0
2017-01-17,29187.6208585772,1.3452,1.3971,-0.05,0.0
2017-01-18,29087.186891577567,-0.3441,-0.0578,-0.29,0.0
2017-01-19,28964.224370707678,-0.4227,-0.8586,0.44,0.0
2017-01-20,29000.359696304426,0.1248,0.2831,-0.16,0.0
2017-01-23,29252.392902251933,0.8691,0.8885,-0.02,0.0
2017-01-24,29128.192323453786,-0.4246,-0.3868,-0.04,0.0
2017-01-25,28863.212062828425,-0.9097,-1.0741,0.17,0.0
2017-01-26,28594.618384094993,-0.9306,-0.6515,-0.28,0.0
2017-01-27,28634.915836455744,0.1409,-0.1177,0.26,0.0
2017-01-30,28741.374553618294,0.3718,0.4293,-0.06,0.0
2017-01-31,28988.79666359802,0.8609,1.2906,-0.42,0.0
2017-02-01,28780.65906562338,-0.718,-0.2482,-0.47,0.0
2017-02-02,28999.945092290847,0.7619,0.9207,-0.16,0.0
2017-02-03,28986.91458857464,-0.0449,0.1479,-0.19,0.0
2017-02-06,29213.378161547902,0.7813,0.9438,-0.16,0.0
2017-02-07,29329.713965145525,0.3982,0.3415,0.06,0.0
2017-02-08,29474.06597500528,0.4922,0.2755,0.22,0.0
2017-02-09,29250.202912032022,-0.7595,-0.202,-0.56,0.0
2017-02-10,29138.01994704166,-0.3835,-0.0567,-0.33,0.0
2017-02-13,28944.57733570264,-0.6639,-0.8101,0.15,0.0
2017-02-14,28963.79265717459,0.0664,-0.0408,0.11,0.0
2017-02-15,29087.61473069846,0.4275,0.6373,-0.21,0.0
2017-02-16,29322.91990123135,0.809,0.6739,0.13,0.0
2017-02-17,29397.165527176698,0.2532,-0.1936,0.45,0.0
2017-02-21,29307.345239266844,-0.3055,-0.0081,-0.3,0.0
2017-02-22,29177.136910021683,-0.4443,-0.4444,0.0,0.0
2017-02-23,29585.698938124213,1.4003,1.4773,-0.08,0.0
2017-02-24,29641.350538638268,0.1881,0.5359,-0.35,0.0
2017-02-27,29631.88665076922,-0.0319,0.0398,-0.07,0.0
2017-02-28,29544.54952027002,-0.2947,-0.3817,0.09,0.0
2017-03-01,29462.537178226972,-0.2776,-0.2954,0.02,0.0
2017-03-02,29128.10819725453,-1.1351,-1.3612,0.23,0.0
2017-03-03,28971.188965241123,-0.5387,-0.5195,-0.02,0.0
2017-03-06,28916.326421491496,-0.1894,-0.0816,-0.11,0.0
2017-03-07,28647.807282111404,-0.9286,-0.7677,-0.16,0.0
2017-03-08,28471.47422882634,-0.6155,-0.5432,-0.07,0.0
2017-03-09,28391.036566859028,-0.2825,-0.5048,0.22,0.0
2017-03-10,28315.011302746327,-0.2678,-0.1414,-0.13,0.0
2017-03-13,28271.970354706467,-0.152,0.1416,-0.29,0.0
2017-03-14,28126.36062948244,-0.515,-0.0416,-0.47,0.0
2017-03-15,27916.590232361967,-0.7458,-0.1498,-0.6,0.0
2017-03-16,28463.64420833579,1.9596,2.1998,-0.24,0.0
2017-03-17,28446.286399791887,-0.061,0.2691,-0.33,0.0
2017-03-20,28561.928160898675,0.4065,0.309,0.1,0.0
2017-03-21,28792.818393516885,0.8084,1.0133,-0.2,0.0
2017-03-22,28937.32253355199,0.5019,0.2568,0.24,0.0
2017-03-23,28824.40213332111,-0.3902,-0.1921,-0.2,0.0
2017-03-24,28889.501958402292,0.2258,0.1043,0.12,0.0
2017-03-27,29033.370849632192,0.498,0.5768,-0.08,0.0
2017-03-28,28876.52139317202,-0.5402,-0.008,-0.53,0.0
2017-03-29,28861.62778789387,-0.0516,-0.1514,0.1,0.0
2017-03-30,28522.902029754554,-1.1736,-0.6702,-0.51,0.0
2017-03-31,28580.00817787795,0.2002,0.1847,0.02,0.0
2017-04-03,28663.168589152505,0.291,0.2806,0.01,0.0
2017-04-04,28795.27774056339,0.4609,0.3358,0.12,0.0
2017-04-05,28650.98877221966,-0.5011,-0.7649,0.27,0.0
2017-04-06,28759.293311849684,0.378,0.3934,-0.02,0.0
2017-04-07,28647.248507407054,-0.3896,0.3199,-0.71,0.0
2017-04-10,28432.57376635082,-0.7494,-0.2551,-0.5,0.0
2017-04-11,29030.979235225106,2.1046,1.6066,0.49,0.0
2017-04-12,29149.42129289311,0.408,0.3225,0.09,0.0
2017-04-13,29332.585314250082,0.6284,0.8312,-0.2,0.0
2017-04-17,29391.309217320308,0.2002,0.2722,-0.07,0.0
2017-04-18,29422.997746137884,0.1078,0.1784,-0.07,0.0
2017-04-19,29261.65836767571,-0.5483,-0.7974,0.25,0.0
2017-04-20,29307.847707230154,0.1578,0.039,0.12,0.0
2017-04-21,29439.651268357033,0.4497,0.4291,0.02,0.0
2017-04-24,29165.362681151575,-0.9317,-0.901,-0.03,0.0
2017-04-25,28820.287048425216,-1.1832,-0.7995,-0.39,0.0
2017-04-26,28722.730449453502,-0.3385,-0.2765,-0.06,0.0
2017-04-27,28611.658911393668,-0.3867,0.1268,-0.51,0.0
2017-04-28,28683.90936051179,0.2525,0.1899,0.06,0.0
2017-05-01,28481.81865623749,-0.7045,-1.011,0.31,0.0
2017-05-02,28487.967109085712,0.0216,0.1436,-0.12,0.0
2017-05-03,28242.00945302673,-0.8634,-0.6932,-0.17,0.0
2017-05-04,27851.823834879127,-1.3816,-1.5966,0.22,0.0
2017-05-05,27795.893896084817,-0.2008,-0.1386,-0.06,0.0
2017-05-08,27867.041742637513,0.256,0.0408,0.22,0.0
2017-05-09,27661.444047078076,-0.7378,-0.8977,0.16,0.0
2017-05-10,27828.026381145508,0.6022,0.2471,0.35,0.0
2017-05-11,27912.554579864496,0.3038,0.4436,-0.14,0.0
2017-05-12,27910.05917868357,-0.0089,0.2863,-0.29,0.0
2017-05-15,27880.17445544834,-0.1071,0.1957,-0.3,0.0
2017-05-16,27969.852252319815,0.3217,0.5209,-0.2,0.0
2017-05-17,28417.91988383044,1.602,1.8219,-0.22,0.0
2017-05-18,28432.929179098,0.0528,-0.4612,0.52,0.0
2017-05-19,28739.66855288846,1.0788,0.0799,1.0,0.0
2017-05-22,28734.78710887694,-0.017,0.6386,-0.65,0.0
2017-05-23,28623.253737548475,-0.3881,-0.468,0.08,0.0
2017-05-24,28739.032378997592,0.4045,-0.1913,0.6,0.0
2017-05-25,28761.493798923282,0.0782,0.2715,-0.19,0.0
2017-05-26,28935.497848778807,0.605,0.9396,-0.33,0.0
2017-05-30,28793.52176180581,-0.4907,-0.4339,-0.06,0.0
2017-05-31,29068.86480107808,0.9563,0.7844,0.17,0.0
2017-06-01,28901.502477255955,-0.5757,-0.3931,-0.18,0.0
2017-06-02,29067.34297746475,0.5738,0.7735,-0.2,0.0
2017-06-05,29139.051840288972,0.2467,0.1958,0.05,0.0
2017-06-06,29455.066217053693,1.0845,1.1803,-0.09,0.0
2017-06-07,29392.118716605546,-0.2137,-0.3322,0.12,0.0
2017-06-08,29076.722203609494,-1.0731,-1.0697,0.0,0.0
2017-06-09,28820.78253555795,-0.8802,-0.6111,-0.27,0.0
2017-06-12,28825.85188517325,0.0176,-0.1892,0.21,0.0
2017-06-13,28860.253748436124,0.1193,-0.0237,0.14,0.0
2017-06-14,28969.617404175904,0.3789,0.553,-0.17,0.0
2017-06-15,28415.85530474863,-1.9115,-1.6185,-0.3,0.0
2017-06-16,28631.52398679384,0.759,0.1438,0.61,0.0
2017-06-19,28335.163839091394,-1.0351,-0.7815,-0.26,0.0
2017-06-20,28302.932406153253,-0.1138,-0.2572,0.14,0.0
2017-06-21,28376.533501131846,0.26,0.1934,0.07,0.0
2017-06-22,28477.28155386779,0.355,0.3378,0.02,0.0
2017-06-23,28695.528436920038,0.7664,0.6893,0.08,0.0
2017-06-26,28428.39169559593,-0.9309,-0.7881,-0.14,0.0
2017-06-27,28396.863605280254,-0.1109,0.008,-0.12,0.0
2017-06-28,28478.99746982605,0.2892,0.1284,0.16,0.0
2017-06-29,28386.604611197105,-0.3244,-0.3045,-0.02,0.0
2017-06-30,28426.627655750148,0.141,-0.2813,0.42,0.0
2017-07-03,27827.44084197363,-2.1078,-1.8377,-0.28,0.0
2017-07-05,27954.52639872824,0.4567,0.2053,0.25,0.0
2017-07-06,28005.480605747136,0.1823,0.1475,0.03,0.0
2017-07-07,27660.470864387775,-1.2319,-1.1127,-0.12,0.0
2017-07-10,27697.0201463563,0.1321,0.2896,-0.16,0.0
2017-07-12,27797.029412263357,0.3611,0.495,-0.13,0.0
2017-07-13,27686.872875714165,-0.3963,-0.1478,-0.25,0.0
2017-07-14,27947.706356925675,0.9421,0.8468,0.09,0.0
2017-07-17,28019.871827000512,0.2582,0.5055,-0.25,0.0
2017-07-18,28236.037768148864,0.7715,0.6733,0.1,0.0
2017-07-19,28227.90694897717,-0.0288,0.0081,-0.04,0.0
2017-07-20,28290.85221423703,0.223,0.29,-0.07,0.0
2017-07-21,28534.130080008388,0.8599,0.7632,0.1,0.0
2017-07-24,28585.384024822688,0.1796,-0.0319,0.21,0.0
2017-07-25,28492.73159370376,-0.3241,-0.1755,-0.15,0.0
2017-07-26,28467.449441801527,-0.0887,-0.2157,0.13,0.0
2017-07-27,28663.477066882722,0.6886,0.8487,-0.16,0.0
2017-07-28,28792.090188361613,0.4487,0.6986,-0.25,0.0
2017-07-31,28723.68116806121,-0.2376,-0.1419,-0.1,0.0
2017-08-01,28889.45302240224,0.5771,0.4737,0.1,0.0
2017-08-02,28811.159024328423,-0.271,-0.0629,-0.21,0.0
2017-08-03,28534.380050924374,-0.9607,-0.3145,-0.65,0.0
2017-08-04,28345.662092102797,-0.6614,-0.7493,0.09,0.0
2017-08-07,28329.213245340878,-0.058,-0.008,-0.05,0.0
2017-08-08,28362.00251368738,0.1157,-0.1431,0.26,0.0
2017-08-09,28679.46397543226,1.1193,1.3212,-0.2,0.0
2017-08-10,29004.42068419092,1.1331,0.8405,0.29,0.0
2017-08-11,29209.061309679135,0.7055,0.3116,0.39,0.0
2017-08-14,29103.50944066053,-0.3614,-0.2718,-0.09,0.0
2017-08-15,28907.577816583736,-0.6732,-0.8176,0.15,0.0
2017-08-16,29020.261250871434,0.3898,0.2512,0.14,0.0
2017-08-17,29189.53655970871,0.5833,0.744,-0.16,0.0
2017-08-18,29186.566637752563,-0.0102,-0.0544,0.04,0.0
2017-08-21,29250.75582547368,0.2199,0.3967,-0.18,0.0
2017-08-22,29158.6746114162,-0.3148,-0.4416,0.13,0.0
2017-08-23,29199.31472000605,0.1394,0.2957,-0.16,0.0
2017-08-24,29121.054499710466,-0.268,-0.1862,-0.08,0.0
2017-08-25,29270.58577221342,0.5135,0.4664,0.05,0.0
2017-08-28,29641.80610325152,1.2682,1.3308,-0.06,0.0
2017-08-29,29623.00052139466,-0.0634,0.2596,-0.32,0.0
2017-08-30,29601.570987412182,-0.0723,-0.3808,0.31,0.0
2017-08-31,29779.934283281233,0.6025,0.6192,-0.02,0.0
2017-09-01,29937.60897443416,0.5295,0.6306,-0.1,0.0
2017-09-05,30324.052740435785,1.2908,1.1098,0.18,0.0
2017-09-06,30238.811864429616,-0.2811,-0.3958,0.12,0.0
2017-09-07,30452.466706242547,0.7066,0.8396,-0.13,0.0
2017-09-08,30441.75670862386,-0.0352,0.0669,-0.1,0.0
2017-09-11,30093.518974569975,-1.1439,-1.1144,-0.03,0.0
2017-09-12,30048.702985612177,-0.1489,-0.2254,0.08,0.0
2017-09-13,29948.175684783968,-0.3345,-0.3464,0.01,0.0
2017-09-14,30037.324583628808,0.2977,0.0982,0.2,0.0
2017-09-15,29958.457456528857,-0.2626,-0.3246,0.06,0.0
2017-09-18,29622.46821938213,-1.1215,-1.0679,-0.05,0.0
2017-09-19,29663.85135710675,0.1397,-0.0077,0.15,0.0
2017-09-20,29834.54645534516,0.5754,0.444,0.13,0.0
2017-09-21,29341.069155102883,-1.654,-1.6311,-0.02,0.0
2017-09-22,29639.65432108368,1.0176,0.2092,0.81,0.0
2017-09-25,29990.03858033883,1.1821,1.0438,0.14,0.0
2017-09-26,29936.73256461644,-0.1777,-0.7499,0.58,0.0
2017-09-27,29661.359204224784,-0.9199,-1.0486,0.13,0.0
2017-09-28,29789.454051045406,0.4319,0.1636,0.27,0.0
2017-09-29,29621.979796608768,-0.5622,-0.3112,-0.25,0.0
2017-10-02,29388.54252212201,-0.7881,-0.6867,-0.1,0.0
2017-10-03,29486.025583393937,0.3317,-0.0943,0.43,0.0
2017-10-04,29479.11346561768,-0.0234,0.173,-0.2,0.0
2017-10-05,29200.923408697407,-0.9437,-0.2983,-0.65,0.0
2017-10-06,29325.68250137505,0.4272,0.1339,0.29,0.0
2017-10-09,29653.48497387581,1.1178,0.8021,0.31,0.0
2017-10-10,29857.24577370623,0.6871,0.6865,0.0,0.0
2017-10-11,29666.30694240952,-0.6395,-0.3719,-0.27,0.0
2017-10-12,29824.02612408398,0.5316,0.5833,-0.05,0.0
2017-10-13,29939.75034711262,0.388,0.634,-0.24,0.0
2017-10-16,29731.468398164434,-0.6957,-0.1229,-0.57,0.0
2017-10-17,29354.732800601643,-1.2671,-1.3001,0.03,0.0
2017-10-18,29389.77087599125,0.1194,-0.2416,0.36,0.0
2017-10-19,29601.207916769366,0.7194,0.5469,0.17,0.0
2017-10-20,29321.47644756323,-0.945,-0.7382,-0.21,0.0
2017-10-23,29418.50925806469,0.3309,0.0235,0.31,0.0
2017-10-24,29325.13795326789,-0.3174,-0.2113,-0.11,0.0
2017-10-25,29354.456276669152,0.1,0.0314,0.07,0.0
2017-10-26,29037.754459001393,-1.0789,-0.7135,-0.37,0.0
2017-10-27,28980.535268013205,-0.1971,0.1737,-0.37,0.0
2017-10-30,29231.66654766226,0.8666,0.4415,0.42,0.0
2017-10-31,29054.882028894823,-0.6048,-0.5573,-0.05,0.0
2017-11-01,29140.060251019422,0.2932,0.5604,-0.27,0.0
2017-11-02,29106.50817549751,-0.1151,0.0628,-0.18,0.0
2017-11-03,28890.278105938378,-0.7429,-0.6589,-0.08,0.0
2017-11-06,29271.820793783503,1.3207,1.0186,0.3,0.0
2017-11-07,29095.23495399384,-0.6033,-0.4455,-0.16,0.0
2017-11-08,29535.67928691152,1.5138,0.6202,0.89,0.0
2017-11-09,29512.37974266683,-0.0789,0.3121,-0.39,0.0
2017-11-10,29235.236070211235,-0.9391,-1.0268,0.09,0.0
2017-11-13,29434.687899044846,0.6822,0.3851,0.3,0.0
2017-11-14,29657.511514320937,0.757,0.3288,0.43,0.0
2017-11-15,29530.510664242996,-0.4282,-0.3902,-0.04,0.0
2017-11-17,29883.785425278773,1.1963,1.512,-0.31,0.0
2017-11-20,29257.382881491412,-2.0961,-1.6361,-0.47,0.0
2017-11-21,29460.954765221573,0.6958,0.51,0.18,0.0
2017-11-22,29581.96396464494,0.4107,0.8196,-0.41,0.0
2017-11-24,29386.963090367622,-0.6592,-0.3794,-0.28,0.0
2017-11-27,29533.38176116899,0.4982,0.5518,-0.05,0.0
2017-11-28,29503.053473829237,-0.1027,0.0696,-0.17,0.0
2017-11-29,29232.30044535108,-0.9177,-0.9732,0.06,0.0
2017-11-30,29004.522259335634,-0.7792,-0.6942,-0.09,0.0
2017-12-01,29170.35562785663,0.5718,0.4398,0.13,0.0
2017-12-04,29072.03620147271,-0.3371,-0.3519,0.01,0.0
2017-12-05,28711.977849333125,-1.2385,-0.9966,-0.24,0.0
2017-12-06,28741.74622846896,0.1037,0.0951,0.01,0.0
2017-12-07,28515.828454446284,-0.786,-1.0295,0.25,0.0
2017-12-08,28422.848852877196,-0.3261,-0.3681,0.04,0.0
2017-12-11,28358.08608760821,-0.2279,-0.1205,-0.11,0.0
2017-12-12,28185.6448377896,-0.6081,-0.4181,-0.19,0.0
2017-12-13,28430.76596339502,0.8697,0.5571,0.31,0.0
2017-12-14,28520.53969289474,0.3158,0.6745,-0.36,0.0
2017-12-15,28511.952451515583,-0.0301,0.0399,-0.07,0.0
2017-12-18,28601.046365103215,0.3125,0.6298,-0.32,0.0
2017-12-19,28624.037308560906,0.0804,-0.1188,0.2,0.0
2017-12-20,28678.358058404094,0.1898,0.4283,-0.24,0.0
2017-12-21,28668.520455361046,-0.0343,0.0948,-0.13,0.0
2017-12-22,28871.91665655089,0.7095,0.6392,0.07,0.0
2017-12-26,29069.225931859593,0.6834,0.6821,0.0,0.0
2017-12-27,29142.932548254972,0.2536,0.2258,0.03,0.0
2017-12-28,29343.430445839298,0.688,0.5517,0.14,0.0
2017-12-29,29595.578637144234,0.8593,0.9427,-0.08,0.0
2018-01-02,29672.914161020704,0.2613,0.5665,-0.3,0.0
2018-01-03,29539.65067146307,-0.4491,0.1903,-0.64,0.0
2018-01-04,29592.386961700573,0.1785,0.2431,-0.06,0.0
2018-01-05,29589.458495494197,-0.0099,0.0682,-0.08,0.0
2018-01-08,29502.579875479692,-0.2936,-0.1288,-0.17,0.0
2018-01-09,29434.945696648847,-0.2292,-0.5233,0.3,0.0
2018-01-10,29648.631432934635,0.726,0.4346,0.29,0.0
2018-01-11,29778.512852075743,0.4381,0.2429,0.19,0.0
2018-01-12,30025.694138093488,0.8301,0.9693,-0.14,0.0
2018-01-16,29999.463306894388,-0.0874,0.15,-0.24,0.0
2018-01-17,30281.740633586352,0.9409,0.1947,0.74,0.0
2018-01-18,29930.762169152502,-1.159,-0.8969,-0.26,0.0
2018-01-19,30084.004387946552,0.512,0.4449,0.07,0.0
2018-01-22,30044.708045121664,-0.1306,-0.0751,-0.06,0.0
2018-01-23,30175.739535298646,0.4361,0.3607,0.08,0.0
2018-01-24,30569.946966547046,1.3064,1.5123,-0.2,0.0
2018-01-25,30633.332474736802,0.2073,0.4794,-0.27,0.0
2018-01-26,30388.201327968793,-0.8002,-0.7927,-0.01,0.0
2018-01-30,30069.45490411757,-1.0489,-1.1986,0.15,0.0
2018-01-31,30198.108762320142,0.4279,0.2696,0.16,0.0
2018-02-01,30267.7673648704,0.2307,0.3958,-0.16,0.0
2018-02-02,30175.31711070191,-0.3054,-0.7885,0.49,0.0
2018-02-05,30233.730706358052,0.1936,-0.0525,0.25,0.0
2018-02-06,30162.679544468792,-0.235,-0.5176,0.28,0.0
2018-02-07,29677.619052950315,-1.6081,-1.0934,-0.52,0.0
2018-02-08,29900.003312609566,0.7493,0.4041,0.34,0.0
2018-02-09,29925.40983944118,0.085,-0.2886,0.37,0.0
2018-02-12,30071.04208933929,0.4867,0.8453,-0.36,0.0
2018-02-13,30193.517526796673,0.4073,0.2945,0.11,0.0
2018-02-14,30800.42772855573,2.0101,2.0631,-0.05,0.0
2018-02-15,30615.62792906666,-0.6,-0.2508,-0.35,0.0
2018-02-16,30576.262648122687,-0.1286,0.0814,-0.21,0.0
2018-02-20,30313.523510215848,-0.8593,-1.8031,0.96,0.0
2018-02-21,30510.229355119143,0.6489,0.0903,0.56,0.0
2018-02-22,30538.10955159549,0.0914,0.0451,0.05,0.0
2018-02-23,30509.52209402537,-0.0936,-0.1804,0.09,0.0
2018-02-26,30450.04939094627,-0.1949,0.1882,-0.38,0.0
2018-02-27,30138.242435640826,-1.024,-1.1423,0.12,0.0
2018-02-28,30198.53739908865,0.2001,0.0,0.2,0.0
2018-03-01,30061.34817317234,-0.4543,-0.9578,0.51,0.0
2018-03-02,30439.22129914275,1.257,1.3969,-0.14,0.0
2018-03-05,30387.20557852365,-0.1709,-0.2271,0.06,0.0
2018-03-06,30658.23022564886,0.8919,1.1759,-0.28,0.0
2018-03-07,30430.193743386186,-0.7438,-0.5699,-0.17,0.0
2018-03-08,30290.765364687406,-0.4582,-0.46,0.0,0.0
2018-03-09,30441.301530751483,0.497,0.1894,0.31,0.0
2018-03-12,30313.68031980516,-0.4192,-0.2269,-0.19,0.0
2018-03-13,30453.926007413214,0.4626,0.4926,-0.03,0.0
2018-03-14,30364.48438972067,-0.2937,-0.1131,-0.18,0.0
2018-03-15,30194.29035263377,-0.5605,-0.5738,0.01,0.0
2018-03-16,30150.53600947098,-0.1449,-0.4177,0.27,0.0
2018-03-19,30300.563676444905,0.4976,0.4194,0.08,0.0
2018-03-20,30236.67885280682,-0.2108,-0.4329,0.22,0.0
2018-03-21,30468.490289640707,0.7667,0.7322,0.03,0.0
2018-03-22,30526.34658812029,0.1899,0.4467,-0.26,0.0
2018-03-23,31093.746920834466,1.8587,1.7111,0.15,0.0
2018-03-26,31141.816334715422,0.1546,0.378,-0.22,0.0
2018-03-27,30688.81215122529,-1.4546,-0.9672,-0.49,0.0
2018-03-28,30391.460765224798,-0.9689,-1.2749,0.31,0.0
2018-03-29,30478.0176104503,0.2848,-0.1057,0.39,0.0
2018-04-02,30901.95568835648,1.391,1.459,-0.07,0.0
2018-04-03,30704.085972288078,-0.6403,-0.6929,0.05,0.0
2018-04-04,30662.179687955242,-0.1365,0.2251,-0.36,0.0
2018-04-05,30440.36003728551,-0.7234,-0.8609,0.14,0.0
2018-04-06,30552.170029991456,0.3673,0.5739,-0.21,0.0
2018-04-09,30673.42240834628,0.3969,0.3304,0.07,0.0
2018-04-10,30787.88498223814,0.3732,0.4265,-0.05,0.0
2018-04-11,31147.069393322738,1.1666,1.0805,0.09,0.0
2018-04-12,30856.762404566696,-0.9321,-1.3343,0.41,0.0
2018-04-13,31045.074051540716,0.6103,0.4782,0.13,0.0
2018-04-16,31069.23069191142,0.0778,0.2008,-0.12,0.0
2018-04-17,31173.656460514576,0.3361,-0.0223,0.36,0.0
2018-04-18,31383.627890244727,0.6736,0.2969,0.38,0.0
2018-04-19,31440.99587192497,0.1828,-0.3256,0.51,0.0
2018-04-20,31254.75081229096,-0.5924,-0.7499,0.16,0.0
2018-04-23,30961.126375683583,-0.9395,-1.0623,0.12,0.0
2018-04-24,31333.39122781819,1.2024,0.673,0.53,0.0
2018-04-25,31032.178753225427,-0.9613,-0.7661,-0.2,0.0
2018-04-26,31146.870626690816,0.3696,-0.3709,0.74,0.0
2018-04-27,31237.925895587803,0.2923,0.3039,-0.01,0.0
2018-04-30,31005.92779140406,-0.7427,-0.3105,-0.43,0.0
2018-05-01,30640.043786815513,-1.18,-0.9421,-0.24,0.0
2018-05-02,30767.871645025272,0.4172,-0.092,0.51,0.0
2018-05-03,31094.227542569148,1.0607,0.6218,0.44,0.0
2018-05-04,30946.691500186407,-0.4745,0.1526,-0.63,0.0
2018-05-07,31004.745416861104,0.1876,-0.0381,0.23,0.0
2018-05-08,31143.070158214214,0.4461,-0.0152,0.46,0.0
2018-05-09,31146.721842039402,0.0117,-0.0533,0.07,0.0
2018-05-10,31586.076558068336,1.4106,0.7245,0.68,0.0
2018-05-11,31435.73878002184,-0.476,-0.1363,-0.34,0.0
2018-05-14,31372.525934785404,-0.2011,-0.1895,-0.01,0.0
2018-05-15,30849.645675833992,-1.6667,-2.0965,0.44,0.0
2018-05-16,31237.576550425052,1.2575,0.1009,1.16,0.0
2018-05-17,31006.92014882963,-0.7384,-0.155,-0.58,0.0
2018-05-18,31091.564059965473,0.273,0.1553,0.12,0.0
2018-05-21,31016.27588002677,-0.2421,0.0,-0.24,0.0
2018-05-22,31246.485602664445,0.7422,0.1163,0.63,0.0
2018-05-23,31202.110054575507,-0.142,-0.1858,0.04,0.0
2018-05-24,31652.03401577354,1.442,1.1169,0.32,0.0
2018-05-25,31462.611191458705,-0.5985,-0.0307,-0.57,0.0
2018-05-29,30957.807493728542,-1.6045,-0.353,-1.26,0.0
2018-05-30,31359.271647195925,1.2968,0.2156,1.08,0.0
2018-05-31,31003.686377922317,-1.1339,-0.1076,-1.03,0.0
2018-06-01,30879.586523944527,-0.4003,-0.4077,0.01,0.0
2018-06-04,30605.813427282625,-0.8866,-0.1313,-0.76,0.0
2018-06-05,30771.90075570368,0.5427,0.3403,0.2,0.0
2018-06-06,30776.174987744926,0.0139,-0.0308,0.04,0.0
2018-06-07,30694.768696415616,-0.2645,0.1234,-0.39,0.0
2018-06-08,30946.81194040393,0.8211,-0.0462,0.87,0.0
2018-06-11,31011.821102203125,0.2101,0.0616,0.15,0.0
2018-06-12,30911.930825864994,-0.3221,-0.2926,-0.03,0.0
2018-06-13,31147.534505146883,0.7622,0.139,0.62,0.0
2018-06-14,31258.09965085069,0.355,0.5475,-0.19,0.0
2018-06-15,30711.123223902196,-1.7499,-2.2546,0.52,0.0
2018-06-18,30713.569736232,0.008,0.1255,-0.12,0.0
2018-06-19,30681.085013272674,-0.1058,-0.047,-0.06,0.0
2018-06-20,30593.23761387128,-0.2863,-0.3449,0.06,0.0
2018-06-21,30631.416464997314,0.1248,-0.3147,0.44,0.0
2018-06-22,30403.17667605031,-0.7451,0.0158,-0.76,0.0
2018-06-25,30371.13860253128,-0.1054,-0.142,0.04,0.0
2018-06-26,30370.74332557753,-0.0013,-0.7111,0.71,0.0
2018-06-27,30289.980204173695,-0.2659,-0.3024,0.04,0.0
2018-06-28,30555.22368440786,0.8757,-0.3991,1.28,0.0
2018-06-29,30444.755355780668,-0.3615,0.2805,-0.64,0.0
2018-07-02,30006.360906704027,-1.44,-0.919,-0.53,0.0
2018-07-03,30406.94868263685,1.335,0.9518,0.38,0.0
2018-07-05,30672.245164602224,0.8725,0.4554,0.42,0.0
2018-07-06,30638.98094708128,-0.1085,-0.2386,0.13,0.0
2018-07-09,30591.64608565917,-0.1545,0.303,-0.46,0.0
2018-07-10,30444.877083339394,-0.4798,-0.3418,-0.14,0.0
2018-07-11,30283.350036710406,-0.5306,-0.8773,0.35,0.0
2018-07-12,30257.701439308417,-0.0847,0.177,-0.26,0.0
2018-07-13,30047.55149989635,-0.6945,-0.4337,-0.26,0.0
2018-07-16,29987.8542396717,-0.1987,-0.121,-0.08,0.0
2018-07-17,29788.645121874295,-0.6643,-1.0015,0.34,0.0
2018-07-18,29645.36677182441,-0.481,0.049,-0.53,0.0
2018-07-19,29663.26929455484,0.0604,-0.318,0.38,0.0
2018-07-20,29974.527492722802,1.0493,0.5808,0.47,0.0
2018-07-23,29753.086989384363,-0.7388,-0.4473,-0.29,0.0
2018-07-24,29952.663124679646,0.6708,-0.0082,0.68,0.0
2018-07-25,29966.36903915711,0.0458,0.6128,-0.56,0.0
2018-07-26,29830.924481669226,-0.452,-0.4954,0.04,0.0
2018-07-27,29721.95144630805,-0.3653,-0.2204,-0.15,0.0
2018-07-30,29636.35933753429,-0.288,-0.1063,-0.18,0.0
2018-07-31,29724.88979521941,0.2987,0.1965,0.1,0.0
2018-08-01,29502.944758834958,-0.7467,-0.474,-0.27,0.0
2018-08-02,29244.885239873216,-0.8747,-0.5994,-0.28,0.0
2018-08-03,29464.28289406399,0.7502,0.2974,0.45,0.0
2018-08-06,29281.158650568344,-0.6215,-0.4612,-0.16,0.0
2018-08-07,29435.86043488282,0.5283,0.0827,0.45,0.0
2018-08-08,29417.094414891617,-0.0638,0.248,-0.31,0.0
2018-08-09,29339.68210309189,-0.2632,-0.0577,-0.21,0.0
2018-08-10,29596.575019369535,0.8756,-0.066,0.94,0.0
2018-08-13,29106.389654182192,-1.6562,-1.6349,-0.02,0.0
2018-08-14,29512.49845604318,1.3953,0.1427,1.25,0.0
2018-08-15,29129.43351944659,-1.298,-1.2992,0.0,0.0
2018-08-16,29392.61566797798,0.9035,-0.1104,1.02,0.0
2018-08-17,29127.57959570816,-0.9017,0.0255,-0.93,0.0
2018-08-20,29290.25039916039,0.5585,0.8755,-0.31,0.0
2018-08-21,29414.41050835577,0.4239,0.4887,-0.06,0.0
2018-08-22,29535.285044075652,0.4109,0.3103,0.1,0.0
2018-08-23,29297.28300525795,-0.8058,-0.7774,-0.03,0.0
2018-08-24,29980.55252600856,2.3322,1.626,0.69,0.0
2018-08-27,29829.5923893753,-0.5035,0.2238,-0.73,0.0
2018-08-28,29866.97759836983,0.1253,-0.1323,0.26,0.0
2018-08-29,30048.700054022203,0.6084,-0.2402,0.85,0.0
2018-08-30,30035.783341449183,-0.043,-0.5646,0.52,0.0
2018-08-31,30311.11157056231,0.9167,0.2171,0.7,0.0
2018-09-04,29977.8814867723,-1.0994,-0.6332,-0.47,0.0
2018-09-05,30320.537697326636,1.143,0.1845,0.96,0.0
2018-09-06,30455.972873273262,0.4467,0.2511,0.2,0.0
2018-09-07,30367.290244692165,-0.2912,-0.359,0.07,0.0
2018-09-10,30417.88547974624,0.1666,-0.0503,0.22,0.0
2018-09-11,30627.045137767967,0.6876,0.2012,0.49,0.0
2018-09-12,31097.513639548688,1.5361,0.778,0.75,0.0
2018-09-13,30575.176848989944,-1.6797,-0.2241,-1.46,0.0
2018-09-14,30440.350422350293,-0.441,-0.5824,0.14,0.0
2018-09-17,30588.713935291915,0.4874,0.3933,0.09,0.0
2018-09-18,30700.922510483484,0.3668,-0.2417,0.61,0.0
2018-09-19,31088.253767193764,1.2616,0.4512,0.81,0.0
2018-09-20,30861.08979180333,-0.7307,0.3327,-1.06,0.0
2018-09-21,30340.832431744686,-1.6858,-0.829,-0.86,0.0
2018-09-24,30635.77771251104,0.9721,0.2592,0.71,0.0
2018-09-25,31107.754441886063,1.5406,0.0584,1.48,0.0
2018-09-26,30863.536640630653,-0.7851,-0.5,-0.29,0.0
2018-09-27,30427.30485082126,-1.4134,-0.9799,-0.44,0.0
2018-09-28,30739.921070044733,1.0274,0.7781,0.25,0.0
2018-10-01,30439.58027756685,-0.977,-0.3693,-0.61,0.0
2018-10-02,31363.451556251155,3.0351,1.2889,1.72,0.0
2018-10-03,31055.20881151383,-0.9828,-0.341,-0.64,0.0
2018-10-04,31268.03608082271,0.6853,-0.0918,0.78,0.0
2018-10-05,31529.688950283286,0.8368,0.3341,0.5,0.0
2018-10-08,30897.291152793838,-2.0057,-1.3986,-0.62,0.0
2018-10-09,31023.654583641248,0.409,0.2364,0.17,0.0
2018-10-10,31356.134999775488,1.0717,0.1769,0.89,0.0
2018-10-11,32279.45663555416,2.9446,2.8756,0.07,0.0
2018-10-12,31947.442736442947,-1.0286,-0.4414,-0.59,0.0
2018-10-15,31955.20645409589,0.0243,0.6814,-0.65,0.0
2018-10-16,32154.011236962117,0.6221,0.0734,0.55,0.0
2018-10-17,31789.424952113244,-1.1339,-0.2933,-0.84,0.0
2018-10-18,32063.647348251026,0.8626,0.2288,0.63,0.0
2018-10-19,32136.281035608277,0.2265,-0.0978,0.32,0.0
2018-10-22,31728.581971399173,-1.2687,-0.3346,-0.94,0.0
2018-10-23,32217.6398278995,1.5414,0.999,0.54,0.0
2018-10-24,31794.24337445787,-1.3142,-0.454,-0.86,0.0
2018-10-25,31827.557143145492,0.1048,0.1059,0.0,0.0
2018-10-26,31915.47111653377,0.2762,0.2766,0.0,0.0
2018-10-29,31667.08529586703,-0.7783,-0.6491,-0.13,0.0
2018-10-30,31819.265058787718,0.4806,-0.1552,0.64,0.0
2018-10-31,31576.668378354825,-0.7624,-0.8425,0.08,0.0
2018-11-01,32377.568950466353,2.5364,1.955,0.57,0.0
2018-11-02,31913.130536156612,-1.4344,-0.4126,-1.03,0.0
2018-11-05,31708.466302651814,-0.6413,-0.0894,-0.55,0.0
2018-11-06,31534.290203681907,-0.5493,-0.4879,-0.06,0.0
2018-11-07,31756.583405291058,0.7049,0.1961,0.51,0.0
2018-11-08,31303.50296562254,-1.4267,-0.2691,-1.16,0.0
2018-11-09,31103.001264380557,-0.6405,-1.3493,0.72,0.0
2018-11-12,30788.830069125805,-1.0101,-0.4227,-0.59,0.0
2018-11-13,31036.12071696017,0.8032,-0.1748,0.98,0.0
2018-11-14,30992.160208080903,-0.1416,0.7255,-0.86,0.0
2018-11-15,31053.546361122222,0.1981,0.4057,-0.21,0.0
2018-11-16,31038.928402693564,-0.0471,0.6596,-0.7,0.0
2018-11-19,31046.92490407235,0.0258,0.1884,-0.16,0.0
2018-11-20,30906.208071015048,-0.4532,-0.3352,-0.12,0.0
2018-11-21,30959.39774309818,0.1721,0.5578,-0.38,0.0
2018-11-23,30587.711116226546,-1.2006,-0.3916,-0.81,0.0
2018-11-26,30496.465396682022,-0.2983,-0.0655,-0.23,0.0
2018-11-27,30331.49714469249,-0.5409,-0.7376,0.2,0.0
2018-11-28,30617.16958328572,0.9418,0.8421,0.1,0.0
2018-11-29,30563.634976575864,-0.1749,0.2211,-0.4,0.0
2018-11-30,30172.815338098004,-1.2787,-0.3186,-0.96,0.0
2018-12-03,30441.768666845153,0.8914,1.1228,-0.23,0.0
2018-12-04,30937.619814602964,1.6289,0.5835,1.04,0.0
2018-12-06,31031.41560832395,0.3032,-0.2417,0.55,0.0
2018-12-07,31196.55787935404,0.5322,0.7027,-0.17,0.0
2018-12-10,31389.492756251308,0.6184,-0.2486,0.87,0.0
2018-12-11,31943.58584695348,1.7652,-0.1447,1.91,0.0
2018-12-12,31959.479322222764,0.0498,0.2013,-0.15,0.0
2018-12-13,31709.25577847717,-0.7829,-0.1366,-0.65,0.0
2018-12-14,31300.014118531428,-1.2906,-0.4587,-0.84,0.0
2018-12-17,31723.309066858594,1.3524,0.8407,0.51,0.0
2018-12-18,31627.708110873846,-0.3014,0.1443,-0.45,0.0
2018-12-19,31249.462081273145,-1.1959,0.2322,-1.42,0.0
2018-12-20,31588.09047495086,1.0836,0.9185,0.16,0.0
2018-12-21,31172.170972656586,-1.3167,-0.7756,-0.55,0.0
2018-12-24,31441.057806683282,0.8626,1.0927,-0.23,0.0
2018-12-26,31528.111641747644,0.2769,0.1341,0.14,0.0
2018-12-27,31688.671825269823,0.5093,0.6382,-0.13,0.0
2018-12-28,31680.749745860336,-0.025,0.2036,-0.23,0.0
2018-12-31,31610.632095692352,-0.2213,-0.125,-0.1,0.0
2019-01-02,32298.880328776715,2.1773,0.2112,-0.3,2.5
2019-01-03,32688.000229075355,1.2047,0.8431,0.36,0.0
2019-01-04,32615.473111420408,-0.2219,-0.7045,0.49,0.0
2019-01-07,32359.0182063308,-0.7863,0.3196,-1.1,0.0
2019-01-08,32400.761535135352,0.129,-0.2798,0.41,0.0
2019-01-09,32797.284596337566,1.2238,0.4754,0.74,0.0
2019-01-10,32782.72554332099,-0.0444,-0.3568,0.31,0.0
2019-01-11,32922.8787194946,0.4275,0.1868,0.24,0.0
2019-01-14,32810.84602228894,-0.3403,0.1554,-0.49,0.0
2019-01-15,33069.658606085875,0.7888,-0.225,1.02,0.0
2019-01-16,33212.00295743036,0.4304,0.4198,0.01,0.0
2019-01-17,33323.818468144185,0.3367,-0.0465,0.38,0.0
2019-01-18,32918.27911709179,-1.217,-0.7514,-0.47,0.0
2019-01-22,33167.037069783146,0.7557,0.0937,0.66,0.0
2019-01-23,33057.3420517377,-0.3307,0.0468,-0.38,0.0
2019-01-24,32920.56115541512,-0.4138,-0.3117,-0.1,0.0
2019-01-25,33313.04453897791,1.1922,1.4307,-0.24,0.0
2019-01-28,33434.362600243956,0.3642,0.3854,-0.02,0.0
2019-01-29,33637.718633747136,0.6082,0.4453,0.16,0.0
2019-01-30,33932.49112304673,0.8763,0.13,0.75,0.0
2019-01-31,33947.68986480908,0.0448,0.7481,-0.7,0.0
2019-02-01,33913.76772207275,-0.0999,-0.2122,0.11,0.0
2019-02-04,33966.46418887754,0.1554,-0.1974,0.35,0.0
2019-02-05,34074.77384463722,0.3189,-0.0076,0.33,0.0
2019-02-06,33993.171806905135,-0.2395,-0.3576,0.12,0.0
2019-02-07,33881.88445902601,-0.3274,-0.0076,-0.32,0.0
2019-02-08,34011.92004891144,0.3838,0.3284,0.06,0.0
2019-02-11,33635.18044387744,-1.1077,-0.51,-0.6,0.0
2019-02-12,33729.678824401984,0.281,0.1683,0.11,0.0
2019-02-13,33571.773848438155,-0.4681,0.1222,-0.59,0.0
2019-02-14,33572.26550622712,0.0015,-0.0763,0.08,0.0
2019-02-15,33854.089521239766,0.8395,0.6337,0.2,0.0
2019-02-19,34753.583898864286,2.657,1.6691,0.97,0.0
2019-02-20,34787.987405654705,0.099,0.2388,-0.14,0.0
2019-02-21,34131.608434380905,-1.8868,-1.474,-0.42,0.0
2019-02-22,34223.31319270643,0.2687,0.4307,-0.16,0.0
2019-02-25,34064.49517681198,-0.4641,-0.2483,-0.22,0.0
2019-02-26,34072.217423508984,0.0227,-0.0603,0.08,0.0
2019-02-27,33810.45299478207,-0.7683,-0.5585,-0.21,0.0
2019-02-28,33803.436435223215,-0.0208,-0.3719,0.35,0.0
2019-03-01,33205.78066922951,-1.768,-1.2492,-0.53,0.0
2019-03-04,32989.517839435925,-0.6513,-0.8948,0.25,0.0
2019-03-05,32875.890880672225,-0.3444,-0.2179,-0.13,0.0
2019-03-06,32877.06220051963,0.0036,0.2262,-0.22,0.0
2019-03-07,32673.625526053504,-0.6188,-0.0856,-0.53,0.0
2019-03-08,33067.0432235588,1.2041,1.0282,0.17,0.0
2019-03-11,32624.62765681276,-1.3379,-0.6322,-0.71,0.0
2019-03-12,32722.20937671017,0.2991,0.5819,-0.28,0.0
2019-03-13,33030.89089108235,0.9433,0.864,0.08,0.0
2019-03-14,32619.159386942047,-1.2465,-1.0784,-0.17,0.0
2019-03-15,32647.842757755545,0.0879,0.6495,-0.56,0.0
2019-03-18,32429.482923419655,-0.6688,-0.1152,-0.55,0.0
2019-03-19,32388.572248895205,-0.1262,0.3615,-0.49,0.0
2019-03-20,32605.922428449798,0.6711,-0.3448,1.02,0.0
2019-03-21,32513.661706247374,-0.283,0.4306,-0.71,0.0
2019-03-22,32700.390649632074,0.5743,0.4211,0.15,0.0
2019-03-25,33067.39573775497,1.1223,0.7853,0.33,0.0
2019-03-26,32764.57079850026,-0.9158,-0.5749,-0.34,0.0
2019-03-27,32893.71494851186,0.3942,-0.3348,0.73,0.0
2019-03-28,32362.149612091005,-1.616,-1.5345,-0.08,0.0
2019-03-29,32503.235166460367,0.436,0.2481,0.19,0.0
2019-04-01,32354.9812237494,-0.4561,-0.3558,-0.1,0.0
2019-04-02,32285.651171510402,-0.2143,0.1242,-0.34,0.0
2019-04-03,32150.137504047016,-0.4197,-0.0078,-0.41,0.0
2019-04-04,32099.636387314888,-0.1571,-0.0698,-0.09,0.0
2019-04-05,32190.695129875872,0.2837,0.1086,0.17,0.0
2019-04-08,32446.78860718282,0.7956,0.5192,0.27,0.0
2019-04-09,32791.93373289229,1.0637,0.4934,0.57,0.0
2019-04-10,32795.16845766413,0.0099,0.4296,-0.42,0.0
2019-04-11,32224.931046313694,-1.7388,-1.566,-0.18,0.0
2019-04-12,32410.227558358525,0.575,0.1552,0.42,0.0
2019-04-15,32189.6024419638,-0.6807,-0.2944,-0.39,0.0
2019-04-16,32133.112459147964,-0.1755,-1.1035,0.94,0.0
2019-04-17,32157.52514782215,0.076,-0.0314,0.11,0.0
2019-04-18,31927.283646858552,-0.716,-0.0236,-0.69,0.0
2019-04-22,31948.560732535905,0.0666,0.1258,-0.06,0.0
2019-04-23,32165.713345732176,0.6797,-0.3298,1.01,0.0
2019-04-24,32182.350785868675,0.0517,0.4885,-0.43,0.0
2019-04-25,32345.799188786426,0.5079,0.0235,0.48,0.0
2019-04-26,32606.351124673085,0.8055,0.7133,0.09,0.0
2019-04-29,32299.413589491003,-0.9413,-0.4903,-0.45,0.0
2019-04-30,32391.49943147574,0.2851,0.3285,-0.04,0.0
2019-05-01,32237.591350962295,-0.4751,-0.1091,-0.37,0.0
2019-05-02,31978.554129681448,-0.8035,-0.9131,0.11,0.0
2019-05-03,32121.35312769191,0.4465,0.7482,-0.3,0.0
2019-05-06,32065.2656274696,-0.1746,0.1954,-0.37,0.0
2019-05-07,32218.140833558777,0.4768,0.1404,0.34,0.0
2019-05-08,32351.091658849058,0.4127,-0.3194,0.73,0.0
2019-05-09,32501.187152437276,0.464,0.3205,0.14,0.0
2019-05-10,32742.90853253935,0.7437,0.1714,0.57,0.0
2019-05-13,32880.39015013712,0.4199,1.12,-0.69,0.0
2019-05-14,33069.04369176872,0.5738,-0.4154,0.99,0.0
2019-05-15,32964.565826177335,-0.3159,0.1236,-0.44,0.0
2019-05-16,32631.75265032119,-1.0096,-0.8717,-0.14,0.0
2019-05-17,32377.006385978977,-0.7807,-0.8171,0.04,0.0
2019-05-20,32439.114739329358,0.1918,0.1255,0.07,0.0
2019-05-21,32264.0397362523,-0.5397,-0.3213,-0.22,0.0
2019-05-23,32516.68160718804,0.783,1.0063,-0.22,0.0
2019-05-24,32458.36125661643,-0.1794,-0.1401,-0.04,0.0
2019-05-28,32190.036250906163,-0.8267,-0.5066,-0.32,0.0
2019-05-29,32365.220539754628,0.5442,0.3212,0.22,0.0
2019-05-30,32501.567003745375,0.4213,0.5076,-0.09,0.0
2019-05-31,33051.70745270975,1.6927,1.4529,0.24,0.0
2019-06-03,33283.12706042921,0.7002,1.2942,-0.59,0.0
2019-06-04,33105.590271616806,-0.5334,0.0529,-0.59,0.0
2019-06-05,33419.42761192788,0.948,0.3703,0.58,0.0
2019-06-06,33684.85800237666,0.7942,0.7001,0.09,0.0
2019-06-07,33646.96356065084,-0.1125,0.2691,-0.38,0.0
2019-06-10,33225.837830939905,-1.2516,-1.2302,-0.02,0.0
2019-06-11,33354.113338910436,0.3861,0.1283,0.26,0.0
2019-06-12,33426.41902836663,0.2168,0.4147,-0.2,0.0
2019-06-13,33761.47751008294,1.0024,0.5481,0.45,0.0
2019-06-14,33832.64108018515,0.2108,0.0672,0.14,0.0
2019-06-17,33783.01021971986,-0.1467,-0.1045,-0.04,0.0
2019-06-18,34148.9484334518,1.0832,0.5901,0.49,0.0
2019-06-19,33929.226143547676,-0.6434,-0.1485,-0.5,0.0
2019-06-20,35200.91616633669,3.7481,3.5922,0.15,0.0
2019-06-21,35238.858890311785,0.1078,0.2369,-0.13,0.0
2019-06-24,35588.21447862198,0.9914,1.2964,-0.3,0.0
2019-06-25,35619.99542663748,0.0893,0.0424,0.05,0.0
2019-06-26,35554.78486858554,-0.1831,-0.2332,0.05,0.0
2019-06-27,35456.35844432205,-0.2768,-0.2267,-0.05,0.0
2019-06-28,35347.58963285267,-0.3068,0.0923,-0.4,0.0
2019-07-01,34550.59621511065,-2.2547,-1.7096,-0.55,0.0
2019-07-02,35139.69737081046,1.705,1.3712,0.33,0.0
2019-07-03,35423.83771357557,0.8086,0.9326,-0.12,0.0
2019-07-05,34726.090509867674,-1.9697,-1.4813,-0.5,0.0
2019-07-08,34581.96628577977,-0.415,0.0215,-0.44,0.0
2019-07-09,34801.58405839608,0.6351,0.0358,0.6,0.0
2019-07-10,35072.0061908062,0.777,0.9016,-0.12,0.0
2019-07-11,34725.89940378707,-0.9868,-0.4113,-0.58,0.0
2019-07-12,35018.58668856345,0.8429,0.3988,0.44,0.0
2019-07-15,34994.73786874116,-0.0681,0.1064,-0.17,0.0
2019-07-16,35040.70007494455,0.1313,-0.1559,0.29,0.0
2019-07-17,35417.403139326525,1.075,0.8587,0.21,0.0
2019-07-18,35480.79220338043,0.179,0.3377,-0.16,0.0
2019-07-19,35488.899171357574,0.0228,-0.0701,0.09,0.0
2019-07-22,35483.572778617345,-0.015,0.014,-0.03,0.0
2019-07-23,35523.61774433601,0.1129,-0.3648,0.48,0.0
2019-07-24,35519.10923790117,-0.0127,0.1901,-0.2,0.0
2019-07-25,35381.30868047981,-0.388,-0.6255,0.24,0.0
2019-07-26,35478.71724739083,0.2753,0.3253,-0.05,0.0
2019-07-29,35362.20553791622,-0.3284,0.0775,-0.41,0.0
2019-07-30,35655.1620168078,0.8284,0.7115,0.12,0.0
2019-07-31,35631.1501011959,-0.0673,-0.2518,0.18,0.0
2019-08-01,35669.54201856898,0.1077,-0.3646,0.47,0.0
2019-08-02,36233.23402177295,1.5803,1.7383,-0.16,0.0
2019-08-05,36900.00428260166,1.8402,1.3143,0.52,0.0
2019-08-06,38088.73612415411,3.2215,0.5326,2.67,0.0
2019-08-07,38833.44671184118,1.9552,2.3703,-0.41,0.0
2019-08-08,38550.95497583119,-0.7274,-0.6369,-0.09,0.0
2019-08-09,38146.862291827296,-1.0482,-0.0734,-0.98,0.0
2019-08-12,38675.74992885501,1.3865,0.5813,0.8,0.0
2019-08-13,38892.21780906641,0.5597,-0.2059,0.77,0.0
2019-08-14,38972.76787979756,0.2071,0.912,-0.7,0.0
2019-08-15,39373.04645718012,1.0271,0.2441,0.78,0.0
2019-08-16,39235.476578874615,-0.3494,-0.4672,0.12,0.0
2019-08-19,38602.49416985386,-1.6133,-0.8,-0.82,0.0
2019-08-20,39180.201358904604,1.4966,0.2799,1.21,0.0
2019-08-21,39079.52019713929,-0.257,0.0,-0.26,0.0
2019-08-22,38688.345354598634,-1.001,-0.4852,-0.52,0.0
2019-08-23,39711.89587484749,2.6456,1.9569,0.68,0.0
2019-08-26,39473.38951841687,-0.6006,-0.0196,-0.58,0.0
2019-08-27,40220.03515640502,1.8915,0.9631,0.92,0.0
2019-08-28,39788.881842903815,-1.072,-0.2077,-0.87,0.0
2019-08-29,39800.17361076839,0.0284,-0.7348,0.77,0.0
2019-08-30,39384.81571360882,-1.0436,-0.4848,-0.56,0.0
2019-09-03,40237.26710497413,2.1644,1.7642,0.39,0.0
2019-09-04,40630.984498074766,0.9785,0.2846,0.69,0.0
2019-09-05,39439.89730960926,-2.9315,-2.2512,-0.7,0.0
2019-09-06,39344.44117262938,-0.242,-0.6071,0.37,0.0
2019-09-09,38941.116343373826,-1.0251,-0.2656,-0.76,0.0
2019-09-10,38860.38106878442,-0.2073,-0.7922,0.59,0.0
2019-09-11,38841.080496825176,-0.0497,0.2751,-0.32,0.0
2019-09-12,38790.81218434346,-0.1294,0.2877,-0.42,0.0
2019-09-13,38440.582382278466,-0.9029,-0.5204,-0.38,0.0
2019-09-16,38611.44615050322,0.4445,0.8183,-0.37,0.0
2019-09-17,39059.35482690863,1.16,0.1331,1.03,0.0
2019-09-18,39100.318797666776,0.1049,0.1595,-0.05,0.0
2019-09-19,38773.51419414423,-0.8358,-0.6036,-0.23,0.0
2019-09-20,39099.22133790356,0.84,0.594,0.24,0.0
2019-09-23,39234.80057096291,0.3468,1.088,-0.73,0.0
2019-09-24,39228.328500770534,-0.0165,0.5513,-0.56,0.0
2019-09-25,38793.8147204848,-1.1077,-1.7949,0.7,0.0
2019-09-26,38882.21550131901,0.2279,0.1927,0.04,0.0
2019-09-27,38614.046387197595,-0.6897,-0.5572,-0.13,0.0
2019-09-30,37373.989661198546,-3.2114,-2.228,-1.01,0.0
2019-10-01,38016.79526182219,1.7199,1.1121,0.6,0.0
2019-10-02,38600.5545753252,1.5355,1.2821,0.25,0.0
2019-10-03,38780.10327623476,0.4651,0.4064,0.06,0.0
2019-10-04,38690.69555211311,-0.2306,-0.0597,-0.17,0.0
2019-10-07,38361.30304019536,-0.8513,-0.5643,-0.29,0.0
2019-10-08,38643.62952983547,0.736,-0.0334,0.77,0.0
2019-10-09,38791.631204823825,0.383,0.5944,-0.21,0.0
2019-10-10,38608.72139182242,-0.4715,-0.7503,0.28,0.0
2019-10-11,38065.58858342087,-1.4068,-0.8095,-0.6,0.0
2019-10-14,38261.03624602486,0.5134,0.607,-0.09,0.0
2019-10-15,38187.177575806934,-0.193,-0.9452,0.76,0.0
2019-10-16,38621.455326908486,1.1372,0.7038,0.43,0.0
2019-10-17,38657.498447206635,0.0933,0.289,-0.2,0.0
2019-10-18,38444.976340608206,-0.5498,-0.2748,-0.28,0.0
2019-10-21,38084.694942733324,-0.9371,-0.3897,-0.55,0.0
2019-10-22,38106.90597595128,0.0583,-0.0472,0.11,0.0
2019-10-23,38301.62832140029,0.511,0.5534,-0.04,0.0
2019-10-24,38337.823220688246,0.0945,0.6041,-0.51,0.0
2019-10-25,38610.79452264207,0.712,0.04,0.67,0.0
2019-10-28,38172.16408741956,-1.136,-0.6335,-0.51,0.0
2019-10-29,38044.211791612484,-0.3352,-0.2013,-0.13,0.0
2019-10-30,38283.62971501732,0.6293,0.4169,0.21,0.0
2019-10-31,38807.87373366742,1.3694,1.2189,0.15,0.0
2019-11-01,38709.66517302646,-0.2531,-0.225,-0.03,0.0
2019-11-04,38459.90902077455,-0.6452,0.0,-0.65,0.0
2019-11-05,38027.52227246017,-1.1243,-1.8037,0.69,0.0
2019-11-06,38212.31874316597,0.486,0.6348,-0.15,0.0
2019-11-07,37601.225296141434,-1.5992,-1.7447,0.15,0.0
2019-11-08,37725.753763632485,0.3312,-0.1981,0.53,0.0
2019-11-11,37576.0164019713,-0.3969,-0.3969,0.0,0.0
2019-11-12,37591.967148758784,0.0424,-0.2336,0.28,0.0
2019-11-13,37949.40225365873,0.9508,0.6611,0.29,0.0
2019-11-14,38404.070302927335,1.1981,0.691,0.5,0.0
2019-11-15,38188.09692673551,-0.5624,-0.3057,-0.26,0.0
2019-11-18,38148.78572176635,-0.1029,0.2453,-0.35,0.0
2019-11-19,38333.219487560214,0.4835,0.1632,0.32,0.0
2019-11-20,38288.40439012805,-0.1169,0.0,-0.12,0.0
2019-11-21,37979.50850375983,-0.8068,-0.6923,-0.12,0.0
2019-11-22,37964.8485167231,-0.0386,0.0,-0.04,0.0
2019-11-25,37818.36473179635,-0.3858,-0.4443,0.06,0.0
2019-11-26,37847.01062177481,0.0757,0.2197,-0.14,0.0
2019-11-27,37549.0829128714,-0.7872,-0.4384,-0.35,0.0
2019-11-29,37927.35657072209,1.0074,0.8394,0.17,0.0
2019-12-02,37934.83498625712,0.0197,-0.2252,0.25,0.0
2019-12-03,38294.91228978129,0.9492,1.0873,-0.14,0.0
2019-12-04,38364.707663712055,0.1823,-0.2841,0.47,0.0
2019-12-05,38183.833277024685,-0.4715,0.1967,-0.67,0.0
2019-12-06,37673.44084538652,-1.3367,-1.2052,-0.13,0.0
2019-12-09,37626.77156253741,-0.1239,0.0137,-0.14,0.0
2019-12-10,37539.081112446285,-0.2331,0.2261,-0.46,0.0
2019-12-11,37740.08109431323,0.5354,0.4649,0.07,0.0
2019-12-12,37521.820972038026,-0.5783,-0.1838,-0.4,0.0
2019-12-13,37659.092179936335,0.3658,0.6068,-0.24,0.0
2019-12-16,37712.657526558236,0.1422,-0.0407,0.18,0.0
2019-12-17,37825.90105605066,0.3003,-0.0271,0.33,0.0
2019-12-18,37931.455335282735,0.2791,-0.1356,0.42,0.0
2019-12-19,37955.349996145036,0.063,0.3803,-0.32,0.0
2019-12-20,37989.65698416232,0.0904,-0.2368,0.33,0.0
2019-12-23,38084.04792420039,0.2485,0.5289,-0.28,0.0
2019-12-24,38611.71737197973,1.3855,1.1197,0.26,0.0
2019-12-26,39054.20378232055,1.146,0.6804,0.46,0.0
2019-12-27,39039.400177728414,-0.0379,0.2982,-0.34,0.0
2019-12-30,39064.409742975164,0.0641,0.0462,0.02,0.0
2019-12-31,39192.27496906989,0.3273,0.3301,0.0,0.0
2020-01-02,39163.54001301387,-0.0733,0.3291,-0.4,0.0
2020-01-03,40016.599553967775,2.1782,1.6202,0.55,0.0
2020-01-06,40634.72912426243,1.5447,1.0973,0.44,0.0
2020-01-07,40811.859083803865,0.4359,0.3576,0.08,0.0
2020-01-08,40648.07510351696,-0.4013,-0.9161,0.52,0.0
2020-01-09,40079.43731852325,-1.3989,-0.366,-1.04,0.0
2020-01-10,40106.66280638502,0.0679,0.3738,-0.3,0.0
2020-01-13,39737.195300256106,-0.9212,-0.5843,-0.34,0.0
2020-01-14,39452.61520821145,-0.7162,-0.3875,-0.33,0.0
2020-01-15,39771.57343428272,0.8085,0.6289,0.18,0.0
2020-01-16,39620.92973193782,-0.3788,-0.1997,-0.18,0.0
2020-01-17,39999.92270185564,0.9565,0.6327,0.32,0.0
2020-01-21,39986.40934354942,-0.0338,-0.154,0.12,0.0
2020-01-22,40036.34296161702,0.1249,-0.0707,0.2,0.0
2020-01-23,40223.73573149262,0.4681,0.598,-0.13,0.0
2020-01-24,40528.87055100101,0.7586,0.4154,0.34,0.0
2020-01-27,40678.192487818385,0.3684,0.3628,0.01,0.0
2020-01-28,40547.39961278313,-0.3215,-0.482,0.16,0.0
2020-01-29,40443.89577497973,-0.2553,0.0382,-0.29,0.0
2020-01-30,40836.72229379839,0.9713,0.8727,0.1,0.0
2020-01-31,41015.90701392454,0.4388,-0.0379,0.48,0.0
2020-02-03,40786.344781246626,-0.5597,-0.3601,-0.2,0.0
2020-02-04,39991.01675650265,-1.95,-1.6992,-0.26,0.0
2020-02-05,40061.25636391359,0.1756,0.4773,-0.3,0.0
2020-02-06,40294.27358088876,0.5817,0.4686,0.11,0.0
2020-02-07,40548.91650173199,0.632,0.2236,0.41,0.0
2020-02-10,40732.51928009304,0.4528,0.3889,0.06,0.0
2020-02-11,40363.77253113378,-0.9053,-0.5779,-0.33,0.0
2020-02-12,40407.51641912883,0.1084,0.115,-0.01,0.0
2020-02-13,40617.93034288118,0.5207,0.4913,0.03,0.0
2020-02-14,40798.05654863195,0.4435,0.4825,-0.04,0.0
2020-02-18,41290.70853693364,1.2075,1.0931,0.11,0.0
2020-02-19,41615.54440612366,0.7867,0.4687,0.32,0.0
2020-02-20,41998.770389077654,0.9209,0.5661,0.35,0.0
2020-02-21,42894.24611336245,2.1321,1.732,0.39,0.0
2020-02-24,43484.31104672633,1.3756,1.6904,-0.31,0.0
2020-02-25,42916.52872040743,-1.3057,-1.5248,0.22,0.0
2020-02-26,42631.90800631564,-0.6632,-0.419,-0.25,0.0
2020-02-27,42509.35447143789,-0.2875,0.0,-0.29,0.0
2020-02-28,40692.82417939289,-4.2732,-4.6281,0.37,0.0
2020-03-02,41553.20376217533,2.1143,1.803,0.31,0.0
2020-03-03,43253.706632565074,4.0924,3.1275,0.94,0.0
2020-03-04,43534.24984545638,0.6486,-0.0609,0.71,0.0
2020-03-05,44627.608814725514,2.5115,1.5417,0.96,0.0
2020-03-06,44632.19494414802,0.0103,0.264,-0.25,0.0
2020-03-09,44815.94406840008,0.4117,0.2214,0.19,0.0
2020-03-10,44650.236654286135,-0.3698,-0.9197,0.56,0.0
2020-03-11,44054.56083536614,-1.3341,-1.0668,-0.27,0.0
2020-03-12,42975.25501187633,-2.4499,-3.1741,0.75,0.0
2020-03-13,41281.12184075434,-3.9421,-4.631,0.72,0.0
2020-03-16,39719.22732410139,-3.7836,-1.9661,-1.85,0.0
2020-03-17,41451.71505057701,4.3618,2.6247,1.69,0.0
2020-03-18,39547.26435545404,-4.5944,-3.1215,-1.52,0.0
2020-03-19,40100.61087886308,1.3992,0.088,1.31,0.0
2020-03-20,40342.4426906698,0.6031,0.3652,0.24,0.0
2020-03-23,42860.87128484703,6.2426,5.593,0.62,0.0
2020-03-24,45940.86147590084,7.186,5.9477,1.17,0.0
2020-03-25,45613.98023272584,-0.7115,-1.6805,0.99,0.0
2020-03-26,45267.167548775076,-0.7603,1.0905,-1.83,0.0
2020-03-27,43890.64536398974,-3.0409,-1.5878,-1.48,0.0
2020-03-30,44273.07282703423,0.8713,-0.117,0.99,0.0
2020-03-31,43182.24951822436,-2.4639,-2.3798,-0.09,0.0
2020-04-01,42997.619180785005,-0.4276,-0.3284,-0.1,0.0
2020-04-02,45611.824330320655,6.0799,3.0098,2.98,0.0
2020-04-03,45582.19007211424,-0.065,0.4921,-0.55,0.0
2020-04-06,46238.342978531306,1.4395,2.6504,-1.18,0.0
2020-04-07,45742.33126686789,-1.0727,-0.7275,-0.35,0.0
2020-04-08,46177.52615196568,0.9514,0.036,0.92,0.0
2020-04-09,47700.42371024328,3.2979,4.2512,-0.91,0.0
2020-04-13,48067.65146230817,0.7699,0.4953,0.27,0.0
2020-04-14,48867.90060205067,1.6648,0.682,0.98,0.0
2020-04-15,47435.665264229414,-2.9308,-1.6793,-1.27,0.0
2020-04-16,48046.34147249249,1.2874,-0.3937,1.69,0.0
2020-04-17,47393.42667513684,-1.3589,-1.8135,0.46,0.0
2020-04-20,47119.713608961334,-0.5775,0.7341,-1.3,0.0
2020-04-21,46866.283145059344,-0.5378,-1.3752,0.85,0.0
2020-04-22,48126.13366804848,2.6882,3.0092,-0.31,0.0
2020-04-23,47897.2276985497,-0.4756,0.2661,-0.74,0.0
2020-04-24,47640.44312607376,-0.5361,-0.5654,0.03,0.0
2020-04-27,47226.30245658149,-0.8693,-0.673,-0.2,0.0
2020-04-28,47134.969898399075,-0.1934,-0.0818,-0.11,0.0
2020-04-29,47111.02808602958,-0.0508,-0.4151,0.37,0.0
2020-04-30,45845.05141202742,-2.6872,-1.1272,-1.58,0.0
2020-05-01,46408.27714792278,1.2285,0.6116,0.61,0.0
2020-05-04,46674.10776131176,0.5728,0.7318,-0.16,0.0
2020-05-05,46759.55492387864,0.1831,-0.1465,0.33,0.0
2020-05-06,46400.307231183615,-0.7683,-1.1852,0.42,0.0
2020-05-07,47424.557752192355,2.2074,2.2325,-0.02,0.0
2020-05-08,47052.693945017476,-0.7841,-0.6911,-0.09,0.0
2020-05-11,46310.61813666873,-1.5771,-0.8538,-0.73,0.0
2020-05-12,47043.13241745857,1.5817,0.5368,1.04,0.0
2020-05-13,46914.800156585,-0.2728,0.5574,-0.83,0.0
2020-05-14,47417.67409473811,1.0719,1.412,-0.34,0.0
2020-05-15,47872.37036096314,0.9589,0.8803,0.08,0.0
2020-05-18,47492.47321695328,-0.7936,-1.2319,0.44,0.0
2020-05-19,47693.795704887794,0.4239,0.716,-0.29,0.0
2020-05-20,48122.01132110458,0.8978,0.3669,0.53,0.0
2020-05-21,47157.69089885473,-2.0039,-1.7194,-0.29,0.0
2020-05-22,47446.9154750743,0.6133,0.8195,-0.2,0.0
2020-05-26,46930.85162487838,-1.0877,-1.718,0.64,0.0
2020-05-27,46902.86232344658,-0.0596,0.3226,-0.38,0.0
2020-05-28,47177.23697108422,0.585,0.1754,0.41,0.0
2020-05-29,47720.28543326372,1.1511,1.3775,-0.22,0.0
2020-06-01,47464.1746860479,-0.5367,0.0518,-0.59,0.0
2020-06-02,47255.3162362214,-0.44,-0.7251,0.29,0.0
2020-06-03,46096.92333876738,-2.4513,-1.5882,-0.88,0.0
2020-06-04,46967.73244058722,1.8891,1.2428,0.64,0.0
2020-06-05,45768.18355932233,-2.554,-2.4842,-0.07,0.0
2020-06-08,46388.08435392249,1.3544,1.3185,0.04,0.0
2020-06-09,46902.58549143816,1.1091,0.9657,0.14,0.0
2020-06-10,46792.90732577146,-0.2338,-0.0816,-0.15,0.0
2020-06-11,47532.411947208515,1.5804,1.0915,0.48,0.0
2020-06-12,47780.4373732255,0.5218,-0.1559,0.68,0.0
2020-06-15,47262.221992903855,-1.0846,-0.5204,-0.57,0.0
2020-06-16,47530.98015900694,0.5687,0.5406,0.03,0.0
2020-06-17,47943.413977372424,0.8677,-0.0231,0.89,0.0
2020-06-18,47755.92140005084,-0.3911,-0.2544,-0.14,0.0
2020-06-19,48245.660239134006,1.0255,1.2233,-0.2,0.0
2020-06-22,48449.873519872184,0.4233,0.6186,-0.19,0.0
2020-06-23,48578.293650911866,0.2651,0.8766,-0.61,0.0
2020-06-24,48289.35511844121,-0.5948,-0.3555,-0.24,0.0
2020-06-25,48419.013763177034,0.2685,-0.2095,0.48,0.0
2020-06-26,48428.98308064716,0.0206,0.5902,-0.57,0.0
2020-06-29,48543.17724392965,0.2358,0.1298,0.11,0.0
2020-06-30,49092.981929436566,1.1326,1.0255,0.11,0.0
2020-07-01,48582.919394578814,-1.039,-1.1043,0.07,0.0
2020-07-02,48688.407933639,0.2171,0.6091,-0.39,0.0
2020-07-06,48309.487947889604,-0.7783,0.2522,-1.03,0.0
2020-07-07,48686.772046583625,0.781,0.8778,-0.1,0.0
2020-07-08,49331.46340042117,1.3242,0.6263,0.69,0.0
2020-07-09,48768.0981466817,-1.142,-0.8978,-0.25,0.0
2020-07-10,49001.21367469728,0.478,-0.0556,0.53,0.0
2020-07-13,49231.131642859014,0.4692,0.7118,-0.24,0.0
2020-07-14,49411.154037809945,0.3657,-0.0221,0.39,0.0
2020-07-15,49514.884251541116,0.2099,0.0442,0.17,0.0
2020-07-16,48874.901494046906,-1.2925,-0.7011,-0.6,0.0
2020-07-17,49168.198926127196,0.6001,0.5337,0.07,0.0
2020-07-20,49192.77942423962,0.05,0.4203,-0.37,0.0
2020-07-21,49972.43738868517,1.5849,1.4593,0.12,0.0
2020-07-22,50412.684273960585,0.881,1.1778,-0.29,0.0
2020-07-23,51122.949843727016,1.4089,1.3411,0.07,0.0
2020-07-24,51336.14344198811,0.417,0.4341,-0.02,0.0
2020-07-27,52214.808211017764,1.7116,1.7762,-0.06,0.0
2020-07-28,52754.21042009001,1.033,0.7095,0.32,0.0
2020-07-29,53056.51978935747,0.5731,0.4525,0.12,0.0
2020-07-30,52570.521988545035,-0.916,-0.5733,-0.34,0.0
2020-07-31,53238.114007171636,1.2699,1.0554,0.21,0.0
2020-08-03,53273.56926002498,0.0666,0.163,-0.1,0.0
2020-08-04,54525.75931465731,2.3505,1.7904,0.55,0.0
2020-08-05,55281.658754865864,1.3863,1.4941,-0.11,0.0
2020-08-06,55563.98553891346,0.5107,1.0044,-0.49,0.0
2020-08-07,54455.480595395005,-1.995,-2.018,0.02,0.0
2020-08-10,54934.409317617545,0.8795,0.7114,0.17,0.0
2020-08-11,52495.8725287473,-4.439,-4.5347,0.1,0.0
2020-08-12,52418.38269926727,-0.1476,0.119,-0.27,0.0
2020-08-13,52918.44652773306,0.954,1.1267,-0.17,0.0
2020-08-14,52566.34979662588,-0.6654,-1.0068,0.34,0.0
2020-08-17,53777.65159233478,2.3043,2.4781,-0.17,0.0
2020-08-18,54238.068725364195,0.8561,0.7254,0.13,0.0
2020-08-19,52988.75662516771,-2.3034,-2.0356,-0.27,0.0
2020-08-20,52435.30306542142,-1.0445,-1.2712,0.23,0.0
2020-08-21,52480.15724198283,0.0855,0.0414,0.04,0.0
2020-08-24,52238.523372222415,-0.4604,-0.3567,-0.1,0.0
2020-08-25,51446.83632669518,-1.5155,-0.8248,-0.7,0.0
2020-08-26,52261.3876802865,1.5833,1.5117,0.07,0.0
2020-08-27,51599.414778001854,-1.2667,-0.9842,-0.29,0.0
2020-08-28,52423.21573442747,1.5965,2.2377,-0.63,0.0
2020-08-31,52043.38877152209,-0.7245,0.1527,-0.88,0.0
2020-09-01,52444.88486788274,0.7715,0.0305,0.74,0.0
2020-09-02,51264.381406292436,-2.2509,-1.7173,-0.54,0.0
2020-09-03,51069.18069594687,-0.3808,-0.3515,-0.03,0.0
2020-09-04,51109.91246047147,0.0798,-0.1919,0.27,0.0
2020-09-08,51492.96206800341,0.7495,0.473,0.28,0.0
2020-09-09,51900.855899585105,0.7921,0.6053,0.19,0.0
2020-09-10,51987.02362081146,0.166,0.4885,-0.32,0.0
2020-09-11,51534.827850223926,-0.8698,-0.8392,-0.03,0.0
2020-09-14,51907.31986977201,0.7228,0.7896,-0.07,0.0
2020-09-15,52088.88128499895,0.3498,0.1638,0.19,0.0
2020-09-16,52323.888847189985,0.4512,0.1994,0.25,0.0
2020-09-17,51609.753537523364,-1.3648,-1.0305,-0.34,0.0
2020-09-18,51954.88228471822,0.6687,0.6237,0.04,0.0
2020-09-21,50566.62367701135,-2.672,-2.6074,-0.07,0.0
2020-09-22,50528.37773848231,-0.0756,-0.1368,0.06,0.0
2020-09-23,49446.76868621596,-2.1406,-2.0383,-0.1,0.0
2020-09-24,49856.19133861715,0.828,0.4516,0.37,0.0
2020-09-25,49508.82447052577,-0.6967,-0.5674,-0.13,0.0
2020-09-28,49922.69836220468,0.836,0.8128,0.02,0.0
2020-09-29,50684.71349664396,1.5264,1.148,0.37,0.0
2020-09-30,50414.01925171984,-0.5341,-0.359,-0.18,0.0
2020-10-01,50875.61068868494,0.9156,1.1073,-0.19,0.0
2020-10-02,50321.60799764005,-1.0889,-0.4297,-0.66,0.0
2020-10-05,50720.25097044839,0.7922,0.6473,0.14,0.0
2020-10-06,50270.695957273245,-0.8863,-0.5961,-0.29,0.0
2020-10-07,50289.41401966735,0.0372,-0.9205,0.97,0.0
2020-10-08,50236.76316169811,-0.1047,0.2654,-0.37,0.0
2020-10-09,50876.80316594949,1.274,1.6361,-0.36,0.0
2020-10-12,50771.560867017426,-0.2069,0.1563,-0.36,0.0
2020-10-13,50103.15819485086,-1.3165,-1.7685,0.46,0.0
2020-10-14,50627.880839424346,1.0473,0.6778,0.37,0.0
2020-10-15,50455.57494497911,-0.3403,0.0999,-0.44,0.0
2020-10-16,50443.37618886053,-0.0242,-0.1261,0.1,0.0
2020-10-19,50642.18621987202,0.3941,0.2946,0.1,0.0
2020-10-20,50839.09703472591,0.3888,0.2098,0.18,0.0
2020-10-21,51267.45279709168,0.8426,0.7433,0.1,0.0
2020-10-22,50664.700617372735,-1.1757,-1.221,0.05,0.0
2020-10-23,50715.31262140901,0.0999,0.0473,0.05,0.0
2020-10-26,50804.79024016059,0.1764,0.0368,0.14,0.0
2020-10-27,51054.38821028237,0.4913,0.3206,0.17,0.0
2020-10-28,50085.056413237224,-1.8986,-1.7079,-0.19,0.0
2020-10-29,50230.57697026628,0.2905,-0.565,0.86,0.0
2020-10-30,50428.774803739405,0.3946,0.6325,-0.24,0.0
2020-11-02,50973.86088090783,1.0809,0.6924,0.39,0.0
2020-11-03,51397.24090041193,0.8306,0.9575,-0.13,0.0
2020-11-04,51159.134303143495,-0.4633,-0.7283,0.27,0.0
2020-11-05,52334.25139454515,2.297,2.676,-0.37,0.0
2020-11-06,52285.36196819479,-0.0934,0.257,-0.35,0.0
2020-11-09,49588.23813043718,-5.1585,-4.9787,-0.19,0.0
2020-11-10,50164.23069789044,1.1616,1.1979,-0.04,0.0
2020-11-11,49992.040340382984,-0.3433,-0.7838,0.44,0.0
2020-11-12,50507.09793398414,1.0303,0.6395,0.39,0.0
2020-11-13,51061.62913119643,1.0979,0.6996,0.4,0.0
2020-11-16,50847.403936689996,-0.4195,0.0849,-0.5,0.0
2020-11-17,50724.52291366953,-0.2417,-0.1484,-0.09,0.0
2020-11-18,50470.18144587829,-0.5014,-0.5837,0.08,0.0
2020-11-19,50095.950253908995,-0.7415,-0.6619,-0.08,0.0
2020-11-20,50188.49212217823,0.1847,0.6179,-0.43,0.0
2020-11-23,49297.544864738185,-1.7752,-1.8584,0.08,0.0
2020-11-24,48466.20357054994,-1.6864,-1.7956,0.11,0.0
2020-11-25,48304.81775825136,-0.333,0.0499,-0.38,0.0
2020-11-27,47724.85364912603,-1.2006,-1.318,0.12,0.0
2020-11-30,47489.49941265203,-0.4931,-0.3479,-0.15,0.0
2020-12-01,48571.785322430376,2.279,2.1625,0.11,0.0
2020-12-02,48637.90847791813,0.1361,0.6394,-0.5,0.0
2020-12-03,48938.6711602496,0.6184,0.608,0.01,0.0
2020-12-04,49049.02678302669,0.2255,-0.049,0.27,0.0
2020-12-07,49690.75150364515,1.3083,1.4108,-0.1,0.0
2020-12-08,50086.3857767999,0.7962,0.4834,0.31,0.0
2020-12-09,48922.39227302269,-2.324,-1.935,-0.4,0.0
2020-12-10,49034.06720567841,0.2283,-0.0545,0.28,0.0
2020-12-11,49061.2581184456,0.0555,0.3381,-0.28,0.0
2020-12-14,48772.72959307283,-0.5881,-0.6033,0.02,0.0
2020-12-15,49483.89830055282,1.4581,1.2905,0.17,0.0
2020-12-16,49518.14626261666,0.0692,0.2051,-0.14,0.0
2020-12-17,50250.100308283516,1.4782,1.6756,-0.19,0.0
2020-12-18,50150.95847215152,-0.1973,-0.0795,-0.12,0.0
2020-12-21,50028.249477383186,-0.2447,-0.3447,0.1,0.0
2020-12-22,49916.758102396416,-0.2229,-0.6705,0.45,0.0
2020-12-23,50360.314422919735,0.8886,0.4339,0.45,0.0
2020-12-24,50207.49039980452,-0.3035,0.2774,-0.58,0.0
2020-12-28,50032.99208066611,-0.3476,-0.1436,-0.2,0.0
2020-12-29,50001.651233387456,-0.0626,0.1332,-0.2,0.0
2020-12-30,50239.795551315074,0.4763,0.6012,-0.12,0.0
2020-12-31,50076.752145522056,-0.3245,0.1111,-0.44,0.0
2021-01-04,50612.40084195282,1.0697,2.7257,-0.06,-1.75
2021-01-05,50979.13273589328,0.7246,0.4114,0.31,0.0
2021-01-06,49820.64404853487,-2.2725,-2.3455,0.07,0.0
2021-01-07,49951.64965992453,0.263,0.2832,-0.02,0.0
2021-01-08,47965.129504050725,-3.9769,-4.0893,0.12,0.0
2021-01-11,48322.66917676443,0.7454,0.8451,-0.1,0.0
2021-01-12,48239.55886684468,-0.172,-0.3622,0.19,0.0
2021-01-13,48289.62918358833,0.1038,0.5806,-0.47,0.0
2021-01-14,48206.88714851104,-0.1713,-0.178,0.01,0.0
2021-01-15,47606.156971034536,-1.2462,-1.135,-0.11,0.0
2021-01-19,47937.82055584503,0.6967,0.5576,0.14,0.0
2021-01-20,48627.940592382714,1.4396,1.4352,0.0,0.0
2021-01-21,48425.66705103217,-0.416,-0.0322,-0.38,0.0
2021-01-22,48205.513296356265,-0.4546,-0.5147,0.06,0.0
2021-01-25,48211.81323019299,0.0131,-0.0431,0.06,0.0
2021-01-26,48085.577924833175,-0.2618,-0.2264,-0.04,0.0
2021-01-27,47902.034446410486,-0.3817,-0.3134,-0.07,0.0
2021-01-28,47796.91734776764,-0.2194,-0.3794,0.16,0.0
2021-01-29,47976.715290553824,0.3762,0.5115,-0.13,0.0
2021-02-01,48305.995088142125,0.6863,0.7308,-0.04,0.0
2021-02-02,47658.369688791725,-1.3407,-1.6283,0.29,0.0
2021-02-03,47569.86850472393,-0.1857,0.0929,-0.28,0.0
2021-02-04,46408.52854094486,-2.4413,-2.3633,-0.08,0.0
2021-02-05,47035.812813180135,1.3517,1.2298,0.12,0.0
2021-02-08,47476.30602121773,0.9365,1.1596,-0.22,0.0
2021-02-09,47659.24673575812,0.3853,0.1856,0.2,0.0
2021-02-10,47747.71915993336,0.1856,0.2888,-0.1,0.0
2021-02-11,47309.51071946957,-0.9178,-0.853,-0.07,0.0
2021-02-12,47160.5283476102,-0.3149,-0.1808,-0.13,0.0
2021-02-16,46483.51364810752,-1.4356,-1.3395,-0.1,0.0
2021-02-17,45995.30709659356,-1.0503,-1.4523,0.41,0.0
2021-02-18,45968.09100918043,-0.0592,0.1299,-0.19,0.0
2021-02-19,45908.960524135815,-0.1286,0.1353,-0.26,0.0
2021-02-22,46674.09319970409,1.6666,1.7401,-0.07,0.0
2021-02-23,46544.64483375392,-0.2773,-0.1273,-0.15,0.0
2021-02-24,46295.427258098476,-0.5354,-0.4434,-0.09,0.0
2021-02-25,45742.99360399013,-1.1933,-1.2247,0.03,0.0
2021-02-26,45011.45186316423,-1.5992,-2.6093,1.04,0.0
2021-03-01,45138.52183810041,0.2823,-0.3241,0.61,0.0
2021-03-02,45239.49713481895,0.2237,0.6154,-0.39,0.0
2021-03-03,44755.37449125439,-1.0701,-1.0271,-0.04,0.0
2021-03-04,44121.16818778294,-1.4171,-0.8803,-0.54,0.0
2021-03-05,44215.89382481371,0.2147,-0.1294,0.34,0.0
2021-03-08,43688.237968061585,-1.1934,-1.1955,0.0,0.0
2021-03-09,44821.38485486924,2.5937,2.3187,0.27,0.0
2021-03-10,44609.678748395694,-0.4723,0.2854,-0.76,0.0
2021-03-11,44587.54356747034,-0.0496,0.0465,-0.1,0.0
2021-03-12,44474.03254859354,-0.2546,-0.1626,-0.09,0.0
2021-03-15,44744.24558471238,0.6076,0.5467,0.06,0.0
2021-03-16,44684.900574251675,-0.1326,0.0983,-0.23,0.0
2021-03-17,44586.97232907555,-0.2192,-0.2196,0.0,0.0
2021-03-18,44590.70787512082,0.0084,0.3127,-0.3,0.0
2021-03-19,45058.94406159849,1.0501,0.5311,0.52,0.0
2021-03-22,44802.55985132675,-0.569,-0.2067,-0.36,0.0
2021-03-23,44449.77917246623,-0.7874,-0.7538,-0.03,0.0
2021-03-24,44804.079931609835,0.7971,0.4754,0.32,0.0
2021-03-25,44617.754819047266,-0.4159,-0.4617,0.05,0.0
2021-03-26,44786.351307085744,0.3779,0.4232,-0.05,0.0
2021-03-29,44165.70639737798,-1.3858,-1.1604,-0.23,0.0
2021-03-30,43614.95235292392,-1.247,-1.6471,0.41,0.0
2021-03-31,44818.63409358695,2.7598,1.7756,0.97,0.0
2021-04-01,45002.11186143853,0.4094,0.741,-0.33,0.0
2021-04-05,45121.2206952107,0.2647,0.029,0.24,0.0
2021-04-06,45440.22427610303,0.707,0.8396,-0.13,0.0
2021-04-07,45534.11590771962,0.2066,-0.0804,0.29,0.0
2021-04-08,46541.29691224347,2.2119,0.9597,1.24,0.0
2021-04-09,46272.42227647729,-0.5777,-0.7684,0.19,0.0
2021-04-12,46065.28682488237,-0.4476,-0.6941,0.25,0.0
2021-04-13,46627.010787396044,1.2194,0.8665,0.35,0.0
2021-04-14,46442.96430728718,-0.3947,-0.6471,0.25,0.0
2021-04-15,47161.75673153154,1.5477,1.758,-0.21,0.0
2021-04-16,47335.863426853975,0.3692,0.7704,-0.4,0.0
2021-04-19,46976.97538262987,-0.7582,-0.5396,-0.22,0.0
2021-04-20,47386.0602884445,0.8708,0.4465,0.42,0.0
2021-04-21,48150.394423371836,1.613,0.844,0.76,0.0
2021-04-22,47839.69012173583,-0.6453,-0.6193,-0.03,0.0
2021-04-23,47513.14999317018,-0.6826,-0.2358,-0.45,0.0
2021-04-26,47430.320611834155,-0.1743,0.1238,-0.3,0.0
2021-04-27,47364.65173676823,-0.1385,-0.0674,-0.07,0.0
2021-04-28,47085.309337887,-0.5898,-0.27,-0.32,0.0
2021-04-29,46784.18422416336,-0.6395,-0.2876,-0.35,0.0
2021-04-30,46633.38530969253,-0.3223,-0.0452,-0.28,0.0
2021-05-03,47262.29380871456,1.3486,1.3637,-0.01,0.0
2021-05-04,46688.02787069471,-1.2151,-0.8708,-0.35,0.0
2021-05-05,46869.01613957781,0.3877,0.4674,-0.08,0.0
2021-05-06,47707.15948782136,1.7883,1.76,0.03,0.0
2021-05-07,47996.99014503305,0.6075,0.8593,-0.25,0.0
2021-05-10,47952.17505805522,-0.0934,0.3495,-0.44,0.0
2021-05-11,48047.50489891337,0.1988,-0.0871,0.29,0.0
2021-05-12,47618.37101309981,-0.8931,-0.7244,-0.17,0.0
2021-05-13,47848.76783749595,0.4838,0.0658,0.42,0.0
2021-05-14,48063.78888975469,0.4494,0.7731,-0.32,0.0
2021-05-17,48727.4882958806,1.3809,1.6105,-0.23,0.0
2021-05-18,48729.1979719544,0.0035,0.0161,-0.01,0.0
2021-05-19,48986.61200791319,0.5283,0.7228,-0.19,0.0
2021-05-20,49063.08766374674,0.1561,0.0266,0.13,0.0
2021-05-21,48795.797801343426,-0.5448,-0.271,-0.27,0.0
2021-05-24,48925.98155138147,0.2668,0.421,-0.15,0.0
2021-05-25,49226.984039780386,0.6152,0.7163,-0.1,0.0
2021-05-26,49288.516720512074,0.125,0.1686,-0.04,0.0
2021-05-27,49053.97169559021,-0.4759,-0.2945,-0.18,0.0
2021-05-28,49237.04437667825,0.3732,0.3587,0.01,0.0
2021-06-01,49114.729483258256,-0.2484,0.021,-0.27,0.0
2021-06-02,49483.271234896725,0.7504,0.2417,0.51,0.0
2021-06-03,48614.953116644785,-1.7548,-1.903,0.15,0.0
2021-06-04,49151.41765028724,1.1035,0.994,0.11,0.0
2021-06-07,49242.63989942257,0.1856,0.3704,-0.18,0.0
2021-06-08,49055.64234834554,-0.3797,-0.2425,-0.14,0.0
2021-06-09,49193.40323346995,0.2808,0.0528,0.23,0.0
2021-06-10,49226.128453958525,0.0665,0.0528,0.01,0.0
2021-06-11,48807.58433683982,-0.8502,-0.8869,0.04,0.0
2021-06-14,48604.769904868714,-0.4155,-0.7138,0.3,0.0
2021-06-15,48323.509981241026,-0.5787,-0.5097,-0.07,0.0
2021-06-16,48562.318615026736,0.4942,0.2696,0.22,0.0
2021-06-17,46626.97890007475,-3.9853,-4.6088,0.65,0.0
2021-06-18,46742.446066040815,0.2476,-0.3326,0.58,0.0
2021-06-21,47040.16693063098,0.6369,0.7862,-0.15,0.0
2021-06-22,46889.46388599577,-0.3204,-0.3087,-0.01,0.0
2021-06-23,47172.86717027404,0.6044,0.3378,0.27,0.0
2021-06-24,46941.60593269199,-0.4902,-0.3759,-0.11,0.0
2021-06-25,46932.23666157561,-0.02,0.0563,-0.08,0.0
2021-06-28,47025.86979986575,0.1995,0.1689,0.03,0.0
2021-06-29,46627.378103801886,-0.8474,-0.944,0.1,0.0
2021-06-30,46840.36951609637,0.4568,0.4538,0.0,0.0
2021-07-01,47028.01198072185,0.4006,0.288,0.11,0.0
2021-07-02,47315.875206001685,0.6121,0.3773,0.23,0.0
2021-07-06,47460.10701765763,0.3048,0.6115,-0.3,0.0
2021-07-07,47957.3178657095,1.0476,0.4461,0.6,0.0
2021-07-08,47944.54269050611,-0.0266,-0.1055,0.08,0.0
2021-07-09,48156.84575462865,0.4428,0.5779,-0.13,0.0
2021-07-12,47888.67967115224,-0.5569,-0.2486,-0.31,0.0
2021-07-13,48025.11031981796,0.2849,0.216,0.07,0.0
2021-07-14,48496.847977785736,0.9823,0.8235,0.16,0.0
2021-07-15,48482.142329285816,-0.0303,0.2247,-0.25,0.0
2021-07-16,48157.43749102408,-0.6697,-0.7602,0.09,0.0
2021-07-19,48064.55250669623,-0.1929,-0.3196,0.13,0.0
2021-07-20,48356.18102619392,0.6067,0.1216,0.48,0.0
2021-07-21,47843.14931131259,-1.0609,-0.4418,-0.62,0.0
2021-07-22,47843.089336586774,-0.0001,0.1165,-0.12,0.0
2021-07-23,47755.23937173131,-0.1836,-0.1994,0.02,0.0
2021-07-26,47681.671504645885,-0.1541,-0.1499,-0.0,0.0
2021-07-27,47600.74435637925,-0.1697,0.0445,-0.21,0.0
2021-07-28,47737.09464270563,0.2864,0.0,0.29,0.0
2021-07-29,48504.80871907503,1.6082,1.7616,-0.15,0.0
2021-07-30,47923.06567456281,-1.1994,-1.0157,-0.19,0.0
2021-08-02,48150.75879293473,0.4751,0.3034,0.17,0.0
2021-08-03,47908.53139596649,-0.5031,-0.44,-0.06,0.0
2021-08-04,47843.30689492188,-0.1361,0.0221,-0.16,0.0
2021-08-05,47681.067400646985,-0.3391,-0.2983,-0.04,0.0
2021-08-06,46425.8478395154,-2.6325,-2.4985,-0.14,0.0
2021-08-09,45711.630663051874,-1.5384,-2.0795,0.55,0.0
2021-08-10,45839.3490779021,0.2794,0.3133,-0.03,0.0
2021-08-11,46392.94050714686,1.2077,1.2494,-0.04,0.0
2021-08-12,46148.76192542299,-0.5263,-0.08,-0.45,0.0
2021-08-13,46939.373388707,1.7132,1.498,0.21,0.0
2021-08-16,47221.19077716886,0.6004,0.6591,-0.06,0.0
2021-08-17,47118.99272930291,-0.2164,-0.1063,-0.11,0.0
2021-08-18,47174.830103378656,0.1185,-0.1905,0.31,0.0
2021-08-19,47077.72873822854,-0.2058,-0.0786,-0.13,0.0
2021-08-20,47200.03467473165,0.2598,0.0449,0.21,0.0
2021-08-23,47706.32166117949,1.0726,1.2465,-0.17,0.0
2021-08-24,47644.066323075596,-0.1305,0.1331,-0.26,0.0
2021-08-25,47209.699893246434,-0.9117,-0.9637,0.05,0.0
2021-08-26,47286.713750614916,0.1631,0.2237,-0.06,0.0
2021-08-27,47966.72445732881,1.4381,1.3615,0.08,0.0
2021-08-30,47341.31015197046,-1.3039,-0.4184,-0.89,0.0
2021-08-31,47443.14103848063,0.2151,0.3317,-0.12,0.0
2021-09-01,47125.87546904129,-0.6687,-0.1047,-0.56,0.0
2021-09-02,47004.042044226284,-0.2585,-0.2427,-0.02,0.0
2021-09-03,47626.08445150431,1.3234,1.2274,0.09,0.0
2021-09-07,46751.27042238158,-1.8368,-1.9116,0.08,0.0
2021-09-08,46794.68969441232,0.0929,-0.2896,0.38,0.0
2021-09-09,47224.87854601489,0.9193,0.3742,0.54,0.0
2021-09-10,46859.99785222449,-0.7726,-0.434,-0.34,0.0
2021-09-13,46914.09841367581,0.1155,0.1341,-0.02,0.0
2021-09-14,47257.18426339073,0.7313,0.7087,0.02,0.0
2021-09-15,47005.3075034817,-0.533,-0.6815,0.15,0.0
2021-09-16,45881.061145663356,-2.3917,-2.1089,-0.29,0.0
2021-09-17,45824.134338663236,-0.1241,-0.2964,0.17,0.0
2021-09-20,46231.24472085793,0.8884,0.7088,0.18,0.0
2021-09-21,46580.40206315331,0.7552,0.806,-0.05,0.0
2021-09-22,46683.34581990974,0.221,0.0394,0.18,0.0
2021-09-23,45972.51444743649,-1.5227,-1.6322,0.11,0.0
2021-09-24,46003.37761683879,0.0671,0.1144,-0.05,0.0
2021-09-27,45994.38020542844,-0.0196,0.0171,-0.04,0.0
2021-09-28,45628.83728761435,-0.7948,-0.8114,0.02,0.0
2021-09-29,45460.11642235784,-0.3698,-0.8238,0.46,0.0
2021-09-30,46451.87168634566,2.1816,1.9634,0.21,0.0
2021-10-01,46454.56956302332,0.0058,0.0968,-0.09,0.0
2021-10-04,46633.47659929828,0.3851,0.5236,-0.14,0.0
2021-10-05,46722.80076993131,0.1915,-0.3737,0.57,0.0
2021-10-06,46740.68272860288,0.0383,0.0511,-0.01,0.0
2021-10-07,46794.83823697524,0.1159,-0.1477,0.26,0.0
2021-10-08,46796.02262629019,0.0025,-0.091,0.09,0.0
2021-10-11,47047.98485415654,0.5384,-0.0968,0.64,0.0
2021-10-12,47207.80422952918,0.3397,0.2109,0.13,0.0
2021-10-13,48210.16427578798,2.1233,2.0133,0.11,0.0
2021-10-14,48177.174243931506,-0.0684,0.1673,-0.24,0.0
2021-10-15,47190.272943566815,-2.0485,-1.6419,-0.41,0.0
2021-10-18,47133.03353550596,-0.1213,-0.1358,0.01,0.0
2021-10-19,47408.57520229408,0.5846,0.2776,0.31,0.0
2021-10-20,47721.032201796144,0.6591,0.8137,-0.15,0.0
2021-10-21,47446.276734789266,-0.5758,-0.1625,-0.41,0.0
2021-10-22,47863.12436883185,0.8786,0.8028,0.08,0.0
2021-10-25,48225.52777869429,0.7572,0.5848,0.17,0.0
2021-10-26,47931.78352061132,-0.6091,-0.7364,0.13,0.0
2021-10-27,47942.14568222429,0.0216,0.2901,-0.27,0.0
2021-10-28,48144.15344248777,0.4214,0.2058,0.22,0.0
2021-10-29,47486.610821073875,-1.3658,-1.0324,-0.34,0.0
2021-11-01,47892.66313595962,0.8551,0.6786,0.18,0.0
2021-11-02,47659.24393070559,-0.4874,-0.3565,-0.13,0.0
2021-11-03,46916.424579183265,-1.5586,-1.4033,-0.16,0.0
2021-11-04,47522.01849240676,1.2908,1.667,-0.37,0.0
2021-11-05,48169.77105853,1.3631,1.3051,0.06,0.0
2021-11-08,48274.73694443531,0.2179,0.6056,-0.39,0.0
2021-11-09,48171.056811560746,-0.2148,0.1532,-0.37,0.0
2021-11-10,48797.63650594455,1.3007,0.9507,0.35,0.0
2021-11-11,49362.30966474953,1.1572,0.8443,0.31,0.0
2021-11-12,49431.75846512497,0.1407,0.2523,-0.11,0.0
2021-11-15,49396.015199720285,-0.0723,-0.0964,0.02,0.0
2021-11-16,49127.90507587072,-0.5428,-0.6698,0.13,0.0
2021-11-17,49570.26867862772,0.9004,0.8686,0.03,0.0
2021-11-18,49207.87869942371,-0.7311,-0.4653,-0.27,0.0
2021-11-19,48892.455267795056,-0.641,-0.5266,-0.12,0.0
2021-11-22,47781.10758222339,-2.273,-2.4417,0.17,0.0
2021-11-23,47266.609409231154,-1.0768,-1.2458,0.17,0.0
2021-11-24,47293.43446188914,0.0568,0.0336,0.02,0.0
2021-11-26,47362.624783743755,0.1463,0.0673,0.08,0.0
2021-11-29,47584.990097891816,0.4695,-0.168,0.64,0.0
2021-11-30,47399.00273614892,-0.3909,-0.4881,0.1,0.0
2021-12-01,47610.26457855618,0.4457,0.4511,-0.01,0.0
2021-12-02,47031.054846373794,-1.2166,-1.1731,-0.04,0.0
2021-12-03,47578.184602917005,1.1633,1.2097,-0.05,0.0
2021-12-06,47616.58464333615,0.0807,-0.2525,0.33,0.0
2021-12-07,47853.04526224714,0.4966,0.2869,0.21,0.0
2021-12-08,47885.510133238204,0.0678,0.0449,0.02,0.0
2021-12-09,47633.23681467936,-0.5268,-0.4934,-0.03,0.0
2021-12-10,47993.082944536014,0.7555,0.4677,0.29,0.0
2021-12-13,48155.081704781835,0.3375,0.1907,0.15,0.0
2021-12-14,47800.13928667839,-0.7371,-0.8901,0.15,0.0
2021-12-15,47727.8068633096,-0.1513,-0.4406,0.29,0.0
2021-12-16,48753.50220042322,2.1491,1.929,0.22,0.0
2021-12-17,48920.69156167189,0.3429,0.4008,-0.06,0.0
2021-12-20,48543.616467257765,-0.7708,-0.5599,-0.21,0.0
2021-12-21,48229.21605879433,-0.6477,-0.3233,-0.33,0.0
2021-12-22,48552.39937057198,0.6701,0.7663,-0.1,0.0
2021-12-23,48664.140811063,0.2301,0.5329,-0.3,0.0
2021-12-27,48488.46187364261,-0.361,-0.1712,-0.19,0.0
2021-12-28,48329.04360126755,-0.3288,0.1161,-0.44,0.0
2021-12-29,48041.64785830416,-0.5947,-0.2817,-0.31,0.0
2021-12-30,48131.15353290688,0.1863,0.421,-0.23,0.0
2021-12-31,48433.61314006444,0.6284,0.8165,-0.19,0.0
2022-01-03,47741.81395430707,-1.4283,-1.5376,0.11,0.0
2022-01-04,48057.80588742063,0.6619,0.8114,-0.15,0.0
2022-01-05,48424.12617665906,0.7622,0.5843,0.18,0.0
2022-01-06,47404.60887534059,-2.1054,-1.9676,-0.14,0.0
2022-01-07,47617.666497898106,0.4494,0.464,-0.01,0.0
2022-01-10,47559.16018520623,-0.1229,0.0779,-0.2,0.0
2022-01-11,47955.427225554326,0.8332,1.1232,-0.29,0.0
2022-01-12,48024.95173558494,0.145,0.4729,-0.33,0.0
2022-01-13,47856.74812857627,-0.3502,-0.3284,-0.02,0.0
2022-01-14,47845.26714890223,-0.024,-0.2581,0.23,0.0
2022-01-18,47917.13480707498,0.1502,-0.2312,0.38,0.0
2022-01-19,48970.76077253446,2.1989,1.6995,0.49,0.0
2022-01-20,48842.96561690997,-0.261,-0.0326,-0.23,0.0
2022-01-21,48561.275506396996,-0.5767,-0.5807,0.0,0.0
2022-01-24,48798.147205330235,0.4878,0.5404,-0.05,0.0
2022-01-25,49242.38868454332,0.9104,0.5973,0.31,0.0
2022-01-26,48724.488614802256,-1.0517,-1.2306,0.18,0.0
2022-01-27,47823.376873734465,-1.8494,-2.0001,0.15,0.0
2022-01-28,47799.11973995344,-0.0507,-0.4684,0.42,0.0
2022-01-31,47960.750703153804,0.3381,0.5659,-0.23,0.0
2022-02-01,47792.61667366541,-0.3506,0.2953,-0.64,0.0
2022-02-02,48151.08570320903,0.7501,0.4944,0.25,0.0
2022-02-03,48035.448654594,-0.2402,-0.3427,0.1,0.0
2022-02-04,48016.531334956686,-0.0394,0.1997,-0.24,0.0
2022-02-07,48387.52597285218,0.7726,0.7749,0.0,0.0
2022-02-08,48557.4677728951,0.3512,0.3296,0.02,0.0
2022-02-09,48810.19528111369,0.5205,0.4708,0.05,0.0
2022-02-10,48911.13120207563,0.2068,0.0545,0.15,0.0
2022-02-11,49511.81701866733,1.2281,0.2505,0.98,0.0
2022-02-14,50112.116411698975,1.2124,1.4776,-0.26,0.0
2022-02-15,49985.46000968244,-0.2527,-0.7066,0.46,0.0
2022-02-16,50060.45339899773,0.15,0.8303,-0.67,0.0
2022-02-17,50786.985505490054,1.4513,1.6308,-0.18,0.0
2022-02-18,50745.07305690413,-0.0825,-0.1105,0.03,0.0
2022-02-22,50574.954538955666,-0.3352,0.395,-0.73,0.0
2022-02-23,50729.2683410526,0.3051,0.1626,0.14,0.0
2022-02-24,51158.603347264645,0.8463,0.8328,0.01,0.0
2022-02-25,50653.615107594494,-0.9871,-2.0051,1.04,0.0
2022-02-28,50769.836196195414,0.2294,0.6838,-0.45,0.0
2022-03-01,52069.14368426695,2.5592,2.2639,0.29,0.0
2022-03-02,51846.00781888517,-0.4285,-1.1069,0.69,0.0
2022-03-03,52093.14597135142,0.4767,0.7028,-0.22,0.0
2022-03-04,53102.30940347338,1.9372,1.5871,0.34,0.0
2022-03-07,54254.21883240386,2.1692,1.4656,0.69,0.0
2022-03-08,55992.79587385076,3.2045,2.3171,0.87,0.0
2022-03-09,54387.6207513539,-2.8668,-2.6567,-0.22,0.0
2022-03-10,54167.087663836726,-0.4055,0.6143,-1.01,0.0
2022-03-11,53873.432284849645,-0.5421,-0.7707,0.23,0.0
2022-03-14,53555.14754993157,-0.5908,-1.1651,0.58,0.0
2022-03-15,52524.185705616495,-1.925,-1.5871,-0.34,0.0
2022-03-16,51813.537134645805,-1.353,-1.063,-0.29,0.0
2022-03-17,52572.413742110395,1.4646,1.7872,-0.32,0.0
2022-03-18,52166.89200503315,-0.7714,-0.7157,-0.06,0.0
2022-03-21,52153.546024194635,-0.0256,0.0207,-0.05,0.0
2022-03-22,52186.5921729797,0.0634,-0.4096,0.47,0.0
2022-03-23,52477.10695195343,0.5567,0.8278,-0.27,0.0
2022-03-24,53469.204622898855,1.8905,1.2909,0.59,0.0
2022-03-25,53097.35357706532,-0.6954,-0.3976,-0.3,0.0
2022-03-28,52680.36879425165,-0.7853,-0.7268,-0.06,0.0
2022-03-29,51764.35298277936,-1.7388,-1.423,-0.32,0.0
2022-03-30,52093.49027933504,0.6358,1.1245,-0.48,0.0
2022-03-31,52628.295345973456,1.0266,0.812,0.21,0.0
2022-04-01,51871.22471965845,-1.4385,-1.5442,0.11,0.0
2022-04-04,52203.01338754911,0.6396,0.5263,0.11,0.0
2022-04-05,51678.695628561334,-1.0044,-0.3266,-0.68,0.0
2022-04-06,51539.10956701068,-0.2701,-0.234,-0.04,0.0
2022-04-07,52293.269013948084,1.4633,0.8028,0.66,0.0
2022-04-08,52482.13956999559,0.3612,0.4033,-0.04,0.0
2022-04-11,52557.95987738909,0.1445,0.1391,0.01,0.0
2022-04-12,53253.05580661243,1.3225,1.4298,-0.11,0.0
2022-04-13,53714.029536856724,0.8656,0.4513,0.41,0.0
2022-04-14,53420.44807810859,-0.5466,-0.5098,-0.04,0.0
2022-04-18,53893.762939295215,0.886,0.6089,0.28,0.0
2022-04-19,53118.83049999252,-1.4379,-1.3717,-0.07,0.0
2022-04-20,53141.324584289134,0.0423,-0.1738,0.22,0.0
2022-04-21,52822.72478045621,-0.5995,-0.379,-0.22,0.0
2022-04-22,52451.395522225284,-0.703,-0.7147,0.01,0.0
2022-04-25,51544.832951002,-1.7284,-1.9575,0.23,0.0
2022-04-26,51811.62401678063,0.5176,0.4331,0.08,0.0
2022-04-27,51568.08241805966,-0.4701,-0.8152,0.35,0.0
2022-04-28,51428.16373830943,-0.2713,0.1485,-0.42,0.0
2022-04-29,52068.49658794314,1.2451,1.0907,0.15,0.0
2022-05-02,50729.440901568,-2.5717,-2.4878,-0.09,0.0
2022-05-03,50920.8386239761,0.3773,0.376,0.0,0.0
2022-05-04,50834.03097285749,-0.1705,-0.0963,-0.07,0.0
2022-05-05,50713.87632827677,-0.2364,0.3749,-0.61,0.0
2022-05-06,51270.565923289374,1.0977,0.3842,0.71,0.0
2022-05-09,50888.62182365981,-0.745,-1.2811,0.54,0.0
2022-05-10,50684.60225481168,-0.4009,-0.9262,0.53,0.0
2022-05-11,50972.37979927894,0.5678,0.6903,-0.12,0.0
2022-05-12,50275.44321569592,-1.3673,-1.5546,0.19,0.0
2022-05-13,49839.70029733726,-0.8667,-0.8992,0.03,0.0
2022-05-16,50035.350133425,0.3926,0.3375,0.05,0.0
2022-05-17,50371.610675480064,0.672,0.2592,0.41,0.0
2022-05-18,50027.92231151888,-0.6823,-0.1265,-0.56,0.0
2022-05-19,51018.37862279922,1.9798,1.3932,0.58,0.0
2022-05-20,50773.4030594012,-0.4802,0.0326,-0.51,0.0
2022-05-23,51200.20862779638,0.8406,0.3258,0.51,0.0
2022-05-24,51485.91784628443,0.558,0.9362,-0.37,0.0
2022-05-25,50932.62763429386,-1.0746,-1.0134,-0.06,0.0
2022-05-26,50977.9052226217,0.0889,0.065,0.02,0.0
2022-05-27,51173.13323612653,0.383,0.2111,0.17,0.0
2022-05-31,50863.69263792897,-0.6047,-0.4645,-0.14,0.0
2022-06-01,50931.51875125771,0.1333,0.0326,0.1,0.0
2022-06-02,51562.645003681675,1.2392,1.2586,-0.02,0.0
2022-06-03,50832.82471479003,-1.4154,-1.1305,-0.29,0.0
2022-06-06,50880.57506799768,0.0939,-0.336,0.43,0.0
2022-06-07,51193.606099914214,0.6152,0.4513,0.16,0.0
2022-06-08,51216.35599299344,0.0444,0.2382,-0.19,0.0
2022-06-09,51165.970629500094,-0.0984,-0.1674,0.07,0.0
2022-06-10,51857.10774493945,1.3508,1.2278,0.12,0.0
2022-06-13,50885.37527782784,-1.8739,-2.3243,0.46,0.0
2022-06-14,50359.44534136309,-1.0336,-1.012,-0.02,0.0
2022-06-15,50407.68282476671,0.0958,0.3205,-0.22,0.0
2022-06-16,51195.77784183658,1.5634,1.6746,-0.11,0.0
2022-06-17,50966.27972908193,-0.4483,-0.5472,0.1,0.0
2022-06-21,50909.966711588975,-0.1105,-0.0545,-0.06,0.0
2022-06-22,51032.86233271413,0.2414,-0.0163,0.26,0.0
2022-06-23,50831.427726526206,-0.3947,-0.4688,0.07,0.0
2022-06-24,50820.73127473635,-0.021,0.0438,-0.06,0.0
2022-06-27,50736.168414239546,-0.1664,-0.3066,0.14,0.0
2022-06-28,50763.61875083183,0.0541,-0.1867,0.24,0.0
2022-06-29,51065.69055263468,0.5951,-0.2091,0.81,0.0
2022-06-30,50683.04747500747,-0.7493,-0.5293,-0.22,0.0
2022-07-01,52519.33664019322,3.6231,-0.2882,0.08,4.25
2022-07-05,51420.88670784023,-2.0915,-2.0624,-0.03,0.0
2022-07-06,50910.88659058646,-0.9918,-1.5268,0.54,0.0
2022-07-07,50790.41078131789,-0.2366,0.1729,-0.41,0.0
2022-07-08,50983.679995050436,0.3805,0.1554,0.22,0.0
2022-07-11,50743.42641226875,-0.4712,-0.609,0.14,0.0
2022-07-12,50640.18778134089,-0.2035,-0.3873,0.18,0.0
2022-07-13,50959.59261874079,0.6307,0.6325,0.0,0.0
2022-07-14,50295.52034217417,-1.3031,-1.7126,0.42,0.0
2022-07-15,50278.11974772145,-0.0346,-0.1232,0.09,0.0
2022-07-18,50379.221076387395,0.2011,0.3994,-0.2,0.0
2022-07-19,50598.67144355355,0.4356,0.0468,0.39,0.0
2022-07-20,50178.39614295655,-0.8306,-0.614,-0.22,0.0
2022-07-21,50661.532464891105,0.9628,0.7767,0.18,0.0
2022-07-22,50942.20963805979,0.554,0.8408,-0.28,0.0
2022-07-25,50767.42268290857,-0.3431,-0.469,0.13,0.0
2022-07-26,50631.035653499006,-0.2687,-0.0756,-0.19,0.0
2022-07-27,50747.74840122952,0.2305,0.0815,0.15,0.0
2022-07-28,51672.78216192265,1.8228,1.8149,0.01,0.0
2022-07-29,51864.933088258986,0.3719,0.7199,-0.35,0.0
2022-08-01,51798.0111842197,-0.129,0.346,-0.47,0.0
2022-08-02,51702.93108549179,-0.1836,0.1187,-0.3,0.0
2022-08-03,51092.22990332782,-1.1812,-0.7397,-0.44,0.0
2022-08-04,52318.40286292902,2.3999,1.7349,0.65,0.0
2022-08-05,51886.05203355201,-0.8264,-0.8722,0.05,0.0
2022-08-08,52461.77793257978,1.1096,0.784,0.32,0.0
2022-08-09,52800.06306773183,0.6448,0.403,0.24,0.0
2022-08-10,52831.55219057442,0.0596,0.0892,-0.03,0.0
2022-08-11,52339.93942956431,-0.9305,-0.3286,-0.6,0.0
2022-08-12,52943.49380050043,1.1531,0.4973,0.65,0.0
2022-08-15,52446.15660540729,-0.9394,-0.9563,0.02,0.0
2022-08-16,52155.764684142574,-0.5537,-0.4603,-0.09,0.0
2022-08-17,51511.50878555873,-1.2353,-0.7275,-0.51,0.0
2022-08-18,51503.88357022117,-0.0148,-0.284,0.27,0.0
2022-08-19,51540.92848552956,0.0719,-0.4387,0.51,0.0
2022-08-22,51236.76903255077,-0.5901,-0.7782,0.19,0.0
2022-08-23,51592.96315728904,0.6952,0.7382,-0.04,0.0
2022-08-24,51603.566634295436,0.0206,0.0572,-0.04,0.0
2022-08-25,51858.36113868211,0.4938,0.5664,-0.07,0.0
2022-08-26,51276.3511212045,-1.1223,-1.2289,0.11,0.0
2022-08-29,51340.0467501523,0.1242,0.0288,0.1,0.0
2022-08-30,50949.50401033814,-0.7607,-0.7716,0.01,0.0
2022-08-31,50461.14361230356,-0.9585,-0.6035,-0.36,0.0
2022-09-01,49900.12741023969,-1.1118,-0.9458,-0.17,0.0
2022-09-02,50394.56995762253,0.9909,0.778,0.21,0.0
2022-09-06,50159.13379859702,-0.4672,-0.5498,0.08,0.0
2022-09-07,50669.75937926727,1.018,0.8763,0.14,0.0
2022-09-08,50299.208568185626,-0.7313,-0.4256,-0.31,0.0
2022-09-09,50576.53900058091,0.5514,0.4801,0.07,0.0
2022-09-12,50894.96798550603,0.6296,0.6934,-0.06,0.0
2022-09-13,50025.2081747023,-1.7089,-1.3367,-0.38,0.0
2022-09-14,49930.810269524976,-0.1887,-0.4985,0.31,0.0
2022-09-15,48923.92099087182,-2.0166,-1.8332,-0.19,0.0
2022-09-16,49353.38261194661,0.8778,0.3783,0.5,0.0
2022-09-19,49092.6857283343,-0.5282,-0.329,-0.2,0.0
2022-09-20,48912.21487276646,-0.3676,-0.3901,0.02,0.0
2022-09-21,49090.5982848258,0.3647,0.2952,0.07,0.0
2022-09-22,49451.352854960256,0.7349,0.3725,0.36,0.0
2022-09-23,49311.93997566257,-0.2819,-1.5262,1.26,0.0
2022-09-26,48768.16334333343,-1.1027,-1.3371,0.24,0.0
2022-09-27,49087.427007316444,0.6547,0.2094,0.44,0.0
2022-09-28,50171.157697261646,2.2078,2.0717,0.13,0.0
2022-09-29,49932.3002562306,-0.4761,-0.1144,-0.36,0.0
2022-09-30,50081.614988626745,0.299,0.2352,0.06,0.0
2022-10-03,51025.937545894805,1.8856,1.8347,0.05,0.0
2022-10-04,51859.181224989465,1.633,1.6658,-0.03,0.0
2022-10-05,51548.23966820183,-0.5996,-0.5636,-0.04,0.0
2022-10-06,51673.281567682665,0.2426,0.0175,0.23,0.0
2022-10-07,51775.40912285073,0.1976,-0.6543,0.86,0.0
2022-10-10,51062.49753549404,-1.3769,-1.9524,0.59,0.0
2022-10-11,51156.162157563915,0.1834,0.6837,-0.5,0.0
2022-10-12,50809.52935280744,-0.6776,-0.5004,-0.18,0.0
2022-10-13,50754.76847914193,-0.1078,-0.018,-0.09,0.0
2022-10-14,49889.87815879657,-1.7041,-1.6946,-0.01,0.0
2022-10-17,50490.047099224015,1.203,0.932,0.27,0.0
2022-10-18,50113.306675836946,-0.7462,-0.4828,-0.26,0.0
2022-10-19,49515.0973694244,-1.1937,-1.3038,0.11,0.0
2022-10-20,50043.96337745691,1.0681,0.2028,0.86,0.0
2022-10-21,50559.26603963325,1.0297,1.2387,-0.21,0.0
2022-10-24,50315.46575590766,-0.4822,-0.1393,-0.34,0.0
2022-10-25,50575.15654855936,0.5161,0.2487,0.27,0.0
2022-10-26,50723.33364437483,0.293,0.6776,-0.38,0.0
2022-10-27,50379.77373164642,-0.6773,-0.1983,-0.48,0.0
2022-10-28,49977.85585433793,-0.7978,-1.2705,0.48,0.0
2022-10-31,49742.10928616617,-0.4717,-0.2257,-0.25,0.0
2022-11-01,50316.70992227284,1.1552,0.5563,0.6,0.0
2022-11-02,50311.0461438121,-0.0113,0.0426,-0.05,0.0
2022-11-03,49871.21602517574,-0.8742,-1.1181,0.25,0.0
2022-11-04,51128.68606267147,2.5214,2.7776,-0.25,0.0
2022-11-07,50812.849898932145,-0.6177,0.2392,-0.85,0.0
2022-11-08,51797.52420223776,1.9378,2.1235,-0.18,0.0
2022-11-09,51470.953267293226,-0.6305,-0.1168,-0.51,0.0
2022-11-10,52641.17303001774,2.2736,2.3507,-0.08,0.0
2022-11-11,52551.23273644148,-0.1709,0.897,-1.06,0.0
2022-11-14,52786.632430811806,0.4479,0.4303,0.02,0.0
2022-11-15,53117.22120957123,0.6263,0.0113,0.61,0.0
2022-11-16,53145.31746372404,0.0529,-0.0451,0.1,0.0
2022-11-17,53055.59440107717,-0.1688,-0.6881,0.52,0.0
2022-11-18,52806.597382071195,-0.4693,-0.5055,0.04,0.0
2022-11-21,52366.31652858823,-0.8338,-0.8277,-0.01,0.0
2022-11-22,52526.99959681707,0.3068,0.0518,0.25,0.0
2022-11-23,52718.23877400532,0.3641,0.3797,-0.02,0.0
2022-11-25,52933.39516571354,0.4081,0.4814,-0.07,0.0
2022-11-28,52544.074032934805,-0.7355,-0.7529,0.02,0.0
2022-11-29,52782.160408014985,0.4531,0.477,-0.02,0.0
2022-11-30,52697.181710858546,-0.161,-0.1373,-0.02,0.0
2022-12-01,54143.3650463051,2.7443,3.1558,-0.4,0.0
2022-12-02,53892.03093599106,-0.4642,-0.2887,-0.18,0.0
2022-12-05,53206.88957885054,-1.2713,-1.5869,0.32,0.0
2022-12-06,53575.801638468474,0.6934,0.1075,0.59,0.0
2022-12-07,54378.734737269115,1.4987,0.9156,0.58,0.0
2022-12-08,54397.69159123936,0.0349,0.1792,-0.14,0.0
2022-12-09,54700.64682984208,0.5569,0.5255,0.03,0.0
2022-12-12,54253.3163789104,-0.8178,-0.9788,0.16,0.0
2022-12-13,55426.432705494284,2.1623,1.8759,0.28,0.0
2022-12-14,55069.00797349105,-0.6449,-0.3528,-0.29,0.0
2022-12-15,54215.185499487554,-1.5505,-1.6764,0.13,0.0
2022-12-16,54837.23450786309,1.1474,0.7202,0.42,0.0
2022-12-19,54679.58648333488,-0.2875,-0.1285,-0.16,0.0
2022-12-20,55445.383509102576,1.4005,1.5775,-0.17,0.0
2022-12-21,55482.310643938916,0.0666,0.0,0.07,0.0
2022-12-22,54759.004336352256,-1.3037,-1.5915,0.29,0.0
2022-12-23,55029.270616633774,0.4936,0.498,-0.0,0.0
2022-12-27,55627.185514601995,1.0865,1.0524,0.03,0.0
2022-12-28,55330.92755557057,-0.5326,-0.3802,-0.15,0.0
2022-12-29,55737.00406976901,0.7339,0.6416,0.09,0.0
2022-12-30,55731.75941990779,-0.0094,0.011,-0.02,0.0
2023-01-03,56256.48576448958,0.9415,1.0991,-0.16,0.0
2023-01-04,56711.67134147623,0.8091,0.7121,0.1,0.0
2023-01-05,56079.85117945186,-1.1141,-0.9715,-0.14,0.0
2023-01-06,56963.769391854585,1.5762,1.6023,-0.03,0.0
2023-01-09,56966.064781723035,0.004,0.456,-0.45,0.0
2023-01-10,56868.04154619344,-0.1721,-0.0587,-0.11,0.0
2023-01-11,56583.048029367674,-0.5011,0.1603,-0.66,0.0
2023-01-12,57209.971102524236,1.108,1.1149,-0.01,0.0
2023-01-13,57535.002705832914,0.5681,1.2081,-0.63,0.0
2023-01-17,57577.76997783588,0.0743,-0.5838,0.66,0.0
2023-01-18,57403.74337446152,-0.3022,-0.1468,-0.16,0.0
2023-01-19,57873.66278484759,0.8186,0.9294,-0.11,0.0
2023-01-20,57863.39302655355,-0.0177,0.2237,-0.24,0.0
2023-01-23,57696.45543669643,-0.2885,0.0363,-0.32,0.0
2023-01-24,58266.14035728115,0.9874,0.3529,0.63,0.0
2023-01-25,58567.827063434575,0.5178,0.3775,0.14,0.0
2023-01-26,58132.00664058825,-0.7441,-0.6233,-0.12,0.0
2023-01-27,58075.86543686047,-0.0966,-0.0259,-0.07,0.0
2023-01-30,57948.945495458414,-0.2185,-0.2955,0.08,0.0
2023-01-31,58199.13690911557,0.4317,0.3432,0.09,0.0
2023-02-01,58282.2187195198,0.1428,-0.0881,0.23,0.0
2023-02-02,57893.37606282182,-0.6672,-0.5965,-0.07,0.0
2023-02-03,56511.261476244246,-2.3873,-2.7866,0.41,0.0
2023-02-06,56735.63306675409,0.397,0.1771,0.22,0.0
2023-02-07,57268.92567274381,0.94,0.2947,0.64,0.0
2023-02-08,57434.23943407186,0.2887,0.3045,-0.02,0.0
2023-02-09,57034.747972239165,-0.6956,-0.5966,-0.1,0.0
2023-02-10,56843.85456069905,-0.3347,-0.1822,-0.15,0.0
2023-02-13,56497.404395497106,-0.6095,-0.5851,-0.02,0.0
2023-02-14,56619.32252805448,0.2158,0.1134,0.1,0.0
2023-02-15,56197.89058252172,-0.7443,-1.068,0.33,0.0
2023-02-16,56348.40867090388,0.2678,0.4253,-0.16,0.0
2023-02-17,56270.60977732432,-0.1381,-0.0869,-0.05,0.0
2023-02-21,56045.84681083062,-0.3994,-0.4021,0.0,0.0
2023-02-22,56126.150704071,0.1433,-0.0546,0.2,0.0
2023-02-23,55679.82852930947,-0.7952,-0.7642,-0.03,0.0
2023-02-24,55252.67079811298,-0.7672,-0.506,-0.26,0.0
2023-02-27,55704.761640833945,0.8182,0.4533,0.36,0.0
2023-02-28,55889.71737558497,0.332,0.6549,-0.32,0.0
2023-03-01,56147.35599776043,0.461,0.4812,-0.02,0.0
2023-03-02,55872.945974304195,-0.4887,-0.2285,-0.26,0.0
2023-03-03,56261.80695646127,0.696,0.7745,-0.08,0.0
2023-03-06,55828.448116545274,-0.7703,0.0108,-0.78,0.0
2023-03-07,54896.41172416924,-1.6695,-1.8399,0.17,0.0
2023-03-08,55007.67353589208,0.2027,-0.0662,0.27,0.0
2023-03-09,55436.94900213618,0.7804,0.9158,-0.13,0.0
2023-03-10,56465.029471247144,1.8545,1.7876,0.07,0.0
2023-03-13,57929.48404212238,2.5936,2.6692,-0.07,0.0
2023-03-14,58086.595676100755,0.2712,-0.2877,0.56,0.0
2023-03-15,58628.10087880942,0.9322,1.0702,-0.14,0.0
2023-03-16,58688.29510047792,0.1027,-0.3945,0.5,0.0
2023-03-17,60174.24437428638,2.5319,2.6472,-0.11,0.0
2023-03-20,60395.67877450979,0.368,0.4772,-0.11,0.0
2023-03-21,59135.66056903278,-2.0863,-2.0816,-0.0,0.0
2023-03-22,59510.64354661139,0.6341,0.4541,0.18,0.0
2023-03-23,60835.90003365932,2.2269,2.4142,-0.18,0.0
2023-03-24,60287.98993867505,-0.9006,-0.5868,-0.32,0.0
2023-03-27,59437.6880683509,-1.4104,-1.4984,0.09,0.0
2023-03-28,59956.199440837096,0.8724,1.0244,-0.15,0.0
2023-03-29,59727.9117211948,-0.3808,-0.3194,-0.06,0.0
2023-03-30,60225.997782044986,0.8339,0.7222,0.11,0.0
2023-03-31,59769.5666840592,-0.7579,-0.5706,-0.19,0.0
2023-04-03,60283.69440652147,0.8602,0.7567,0.1,0.0
2023-04-04,61414.67094369993,1.8761,1.9305,-0.05,0.0
2023-04-05,61355.68998997442,-0.096,-0.0643,-0.03,0.0
2023-04-06,60959.853711008705,-0.6452,-0.4453,-0.2,0.0
2023-04-10,60221.074914798526,-1.2119,-1.1333,-0.08,0.0
2023-04-11,60769.85879108271,0.9113,0.7893,0.12,0.0
2023-04-12,61018.84945765878,0.4097,0.3043,0.11,0.0
2023-04-13,61858.667847785524,1.3763,1.5118,-0.13,0.0
2023-04-14,60466.591435630784,-2.2504,-1.9155,-0.34,0.0
2023-04-17,60345.98586621898,-0.1995,-0.3996,0.2,0.0
2023-04-18,60863.364052640725,0.8574,0.6619,0.19,0.0
2023-04-19,60570.333106971295,-0.4815,-0.6078,0.13,0.0
2023-04-20,61119.13046228988,0.906,0.6215,0.28,0.0
2023-04-21,60117.863746660354,-1.6382,-1.3997,-0.24,0.0
2023-04-24,60346.09777613361,0.3796,0.485,-0.1,0.0
2023-04-25,60345.46433048247,-0.001,0.2463,-0.25,0.0
2023-04-26,60196.54496040823,-0.2468,-0.4163,0.17,0.0
2023-04-27,60158.550553150366,-0.0631,0.2115,-0.27,0.0
2023-04-28,60163.27061976859,0.0078,0.01,0.0,0.0
2023-05-01,59945.83460279576,-0.3614,-0.3367,-0.02,0.0
2023-05-02,60902.01780460167,1.5951,1.5579,0.04,0.0
2023-05-03,61337.37788503082,0.7149,0.7099,0.0,0.0
2023-05-04,61924.94514282958,0.9579,0.9563,0.0,0.0
2023-05-05,60952.0399593383,-1.5711,-1.4941,-0.08,0.0
2023-05-08,61231.197854299025,0.458,0.4412,0.02,0.0
2023-05-09,61573.49702381554,0.559,0.4886,0.07,0.0
2023-05-10,61639.79639387583,0.1077,-0.2799,0.39,0.0
2023-05-11,61022.27047182971,-1.0018,-0.7781,-0.23,0.0
2023-05-12,61150.584647431155,0.2103,-0.0099,0.22,0.0
2023-05-15,61331.43895035001,0.2958,0.1737,0.12,0.0
2023-05-16,60480.64566188601,-1.3872,-1.4668,0.08,0.0
2023-05-17,60267.889541969766,-0.3518,-0.3872,0.04,0.0
2023-05-18,59643.16508479741,-1.0366,-1.2218,0.19,0.0
2023-05-19,60520.96024469176,1.4717,1.1347,0.33,0.0
2023-05-22,60532.886811407356,0.0197,-0.1971,0.22,0.0
2023-05-23,60401.122029105616,-0.2177,-0.1215,-0.1,0.0
2023-05-24,60154.7509294246,-0.4079,-0.4867,0.08,0.0
2023-05-25,59423.90253355285,-1.2149,-1.0037,-0.21,0.0
2023-05-26,59474.901466012256,0.0858,0.0515,0.03,0.0
2023-05-30,59782.56561437754,0.5173,0.715,-0.2,0.0
2023-05-31,60038.37117586137,0.4279,0.3013,0.13,0.0
2023-06-01,60456.91747369677,0.6971,0.718,-0.02,0.0
2023-06-02,59392.86325342587,-1.76,-1.2942,-0.47,0.0
2023-06-05,59659.56931215608,0.4491,0.2868,0.16,0.0
2023-06-06,59961.78180257288,0.5066,0.383,0.12,0.0
2023-06-07,59270.52486054484,-1.1528,-1.16,0.01,0.0
2023-06-08,59981.430016096565,1.1994,1.0758,0.12,0.0
2023-06-09,59844.49052005934,-0.2283,-0.0713,-0.16,0.0
2023-06-12,59602.60828439687,-0.4042,-0.3516,-0.05,0.0
2023-06-13,59199.07615350253,-0.677,-0.5472,-0.13,0.0
2023-06-14,59490.98375141238,0.4931,0.5502,-0.06,0.0
2023-06-15,59389.411685004656,-0.1707,0.1279,-0.3,0.0
2023-06-16,59311.81430106528,-0.1307,0.0306,-0.16,0.0
2023-06-20,58667.43248268291,-1.0864,-1.1693,0.08,0.0
2023-06-21,58608.182368451686,-0.101,-0.1137,0.01,0.0
2023-06-22,57948.11634484106,-1.1262,-1.0655,-0.06,0.0
2023-06-23,58126.261475631225,0.3074,0.3346,-0.03,0.0
2023-06-26,58312.178400917364,0.3199,0.2397,0.08,0.0
2023-06-27,58033.50352448371,-0.4779,-0.5042,0.03,0.0
2023-06-28,57976.23135466637,-0.0987,-0.0888,-0.01,0.0
2023-06-29,57902.07900385293,-0.1279,-0.1621,0.03,0.0
2023-06-30,58297.71863689731,0.6833,0.6233,0.06,0.0
2023-07-03,58330.773102049585,0.0567,0.0312,0.03,0.0
2023-07-05,58203.72555493733,-0.2178,-0.1093,-0.11,0.0
2023-07-06,58146.33365567009,-0.0986,-0.5678,0.47,0.0
2023-07-07,58946.0240472191,1.3753,0.9169,0.45,0.0
2023-07-10,58800.33665143972,-0.2472,-0.0623,-0.18,0.0
2023-07-11,58928.50683910027,0.218,0.3273,-0.11,0.0
2023-07-12,59597.56544524657,1.1354,1.2893,-0.15,0.0
2023-07-13,59400.58583424923,-0.3305,0.1534,-0.48,0.0
2023-07-14,59448.889718588776,0.0813,0.0459,0.04,0.0
2023-07-17,59248.558080718474,-0.337,-0.3928,0.06,0.0
2023-07-18,59990.03958699649,1.2515,1.2702,-0.02,0.0
2023-07-19,60009.23432904776,0.032,0.0152,0.02,0.0
2023-07-20,59720.0806582163,-0.4818,-0.4652,-0.02,0.0
2023-07-21,59613.74955921888,-0.178,-0.2032,0.03,0.0
2023-07-24,59425.60622105029,-0.3156,-0.2036,-0.11,0.0
2023-07-25,59352.416561920254,-0.1232,0.0918,-0.21,0.0
2023-07-26,59657.04679130584,0.5133,0.3466,0.17,0.0
2023-07-27,58963.27267434775,-1.1629,-1.1936,0.03,0.0
2023-07-28,59707.403093101915,1.262,0.771,0.49,0.0
2023-07-31,59926.057753094654,0.3662,0.5152,-0.15,0.0
2023-08-01,59005.79800570386,-1.5357,-1.5123,-0.02,0.0
2023-08-02,58958.47173127419,-0.0802,-0.17,0.09,0.0
2023-08-03,59098.4436753367,0.2374,-0.2787,0.52,0.0
2023-08-04,59367.49694362525,0.4553,0.3934,0.06,0.0
2023-08-07,59117.16070482857,-0.4217,-0.3145,-0.11,0.0
2023-08-08,58867.458425276556,-0.4224,-0.4862,0.06,0.0
2023-08-09,58669.76866424212,-0.3358,-0.4522,0.12,0.0
2023-08-10,58654.21551817928,-0.0265,-0.0522,0.03,0.0
2023-08-11,58561.29119563397,-0.1584,-0.0784,-0.08,0.0
2023-08-14,58559.68551513816,-0.0027,-0.1202,0.12,0.0
2023-08-15,58547.83918415783,-0.0202,-0.4239,0.41,0.0
2023-08-16,58323.40271764183,-0.3833,-0.3364,-0.05,0.0
2023-08-17,57984.10245151105,-0.5818,-0.6329,0.05,0.0
2023-08-18,57948.928767756275,-0.0607,0.1062,-0.17,0.0
2023-08-21,58218.446600100986,0.4651,0.3817,0.08,0.0
2023-08-22,58276.05105566362,0.0989,0.1637,-0.06,0.0
2023-08-23,58926.66486651532,1.1164,1.1654,-0.05,0.0
2023-08-24,58542.552063029005,-0.6518,-0.0156,-0.64,0.0
2023-08-25,58394.19395879258,-0.2534,-0.3701,0.12,0.0
2023-08-28,58618.207036372696,0.3836,0.3558,0.03,0.0
2023-08-29,59206.1659682172,1.003,0.9698,0.03,0.0
2023-08-30,59303.16883701665,0.1638,0.4028,-0.24,0.0
2023-08-31,59264.52033999414,-0.0652,-0.3137,0.25,0.0
2023-09-01,59300.53853819854,0.0608,0.0826,-0.02,0.0
2023-09-05,58921.948189409246,-0.6384,-0.7011,0.06,0.0
2023-09-06,58923.45179915887,0.0026,-0.4205,0.42,0.0
2023-09-07,59026.468180609016,0.1748,-0.0313,0.21,0.0
2023-09-08,59042.896092802795,0.0278,0.0469,-0.02,0.0
2023-09-11,59044.23179987751,0.0023,0.2554,-0.25,0.0
2023-09-12,58613.64788269662,-0.7293,-0.6239,-0.11,0.0
2023-09-13,58475.3837224449,-0.2359,-0.1151,-0.12,0.0
2023-09-14,58569.18900355648,0.1604,0.0471,0.11,0.0
2023-09-15,59054.370555145746,0.8284,0.7173,0.11,0.0
2023-09-18,59334.884011318296,0.475,0.4055,0.07,0.0
2023-09-19,59471.03462143811,0.2295,0.0259,0.2,0.0
2023-09-20,59846.58246865799,0.6315,0.7039,-0.07,0.0
2023-09-21,58957.881540359675,-1.485,-1.3569,-0.13,0.0
2023-09-22,59009.031041428396,0.0868,0.3231,-0.24,0.0
2023-09-25,58798.50333388005,-0.3568,-0.4571,0.1,0.0
2023-09-26,58339.101779562836,-0.7813,-0.8452,0.06,0.0
2023-09-27,57642.10401722844,-1.1947,-1.5155,0.33,0.0
2023-09-28,57244.89025797947,-0.6891,-0.5984,-0.09,0.0
2023-09-29,56846.120258364856,-0.6966,-0.6612,-0.04,0.0
2023-10-02,56182.33693740827,-1.1677,-0.9794,-0.19,0.0
2023-10-03,56235.532545978414,0.0947,-0.2951,0.39,0.0
2023-10-04,55960.38853534039,-0.4893,-0.3343,-0.16,0.0
2023-10-05,56049.68488461588,0.1596,-0.1045,0.26,0.0
2023-10-06,56317.11466991225,0.4771,0.7486,-0.27,0.0
2023-10-09,56842.412208658796,0.9327,1.0545,-0.12,0.0
2023-10-10,57296.10379462337,0.7982,0.6218,0.18,0.0
2023-10-11,57645.549699006006,0.6099,0.6341,-0.02,0.0
2023-10-12,57515.49766706343,-0.2256,-0.1869,-0.04,0.0
2023-10-13,59334.78213392613,3.1631,3.1081,0.05,0.0
2023-10-16,59154.974353978294,-0.303,-0.3269,0.02,0.0
2023-10-17,59145.378516851924,-0.0162,0.0833,-0.1,0.0
2023-10-18,60195.054472827665,1.7747,1.6955,0.08,0.0
2023-10-19,60601.47651032878,0.6752,0.67,0.01,0.0
2023-10-20,60928.33664239929,0.5394,0.7163,-0.18,0.0
2023-10-23,60765.1933131689,-0.2678,-0.3127,0.05,0.0
2023-10-24,60630.004058390965,-0.2225,-0.0658,-0.16,0.0
2023-10-25,60878.84228842914,0.4104,0.4608,-0.05,0.0
2023-10-26,61108.561020444344,0.3773,0.1562,0.22,0.0
2023-10-27,61233.596501474094,0.2046,0.0705,0.13,0.0
2023-10-30,61564.227778800116,0.54,0.3822,0.16,0.0
2023-10-31,61139.17775819603,-0.6904,-0.551,-0.14,0.0
2023-11-01,60927.95466430852,-0.3455,-0.3224,-0.02,0.0
2023-11-02,62544.532134826964,2.6533,0.3436,2.3,0.0
2023-11-03,61296.97487335766,-1.9947,0.2971,-2.29,0.0
2023-11-06,60927.19961908163,-0.6033,-0.4971,-0.11,0.0
2023-11-07,60518.91295274036,-0.6701,-0.7469,0.08,0.0
2023-11-08,60055.266570394895,-0.7661,-0.7779,0.01,0.0
2023-11-09,60435.2005934724,0.6326,0.6508,-0.02,0.0
2023-11-10,59535.59060506665,-1.4886,-1.6088,0.12,0.0
2023-11-13,59918.24208197845,0.6427,0.6675,-0.02,0.0
2023-11-14,60346.78318454557,0.7152,0.8378,-0.12,0.0
2023-11-15,60137.94660454077,-0.3461,-0.0867,-0.26,0.0
2023-11-16,61018.23804192106,1.4638,1.2142,0.25,0.0
2023-11-17,60899.2115954568,-0.1951,-0.1159,-0.08,0.0
2023-11-20,60904.53689704853,0.0087,-0.1968,0.21,0.0
2023-11-21,61592.419926766015,1.1294,1.0922,0.04,0.0
2023-11-22,61366.3512220882,-0.367,-0.3951,0.03,0.0
2023-11-24,61697.89885883004,0.5403,0.5423,0.0,0.0
2023-11-27,61971.78127912951,0.4439,0.4795,-0.04,0.0
2023-11-28,62868.92348055532,1.4477,1.3868,0.06,0.0
2023-11-29,63137.57789148928,0.4273,0.3628,0.06,0.0
2023-11-30,62793.83455101259,-0.5444,-0.4396,-0.11,0.0
2023-12-01,63824.63588975527,1.6416,1.6142,0.03,0.0
2023-12-04,62278.89952534876,-2.4218,-2.2646,-0.16,0.0
2023-12-05,62254.738688237056,-0.0388,-0.2767,0.24,0.0
2023-12-06,62548.87119470864,0.4725,0.5945,-0.12,0.0
2023-12-07,62510.6458111165,-0.0611,-0.0295,-0.03,0.0
2023-12-08,61585.772634034714,-1.4795,-1.5567,0.08,0.0
2023-12-11,61015.14212348191,-0.9266,-1.0159,0.09,0.0
2023-12-12,60945.646341754604,-0.1139,-0.0101,-0.1,0.0
2023-12-13,61122.795695123976,0.2907,0.2275,0.06,0.0
2023-12-14,62516.657808236116,2.2804,2.4164,-0.13,0.0
2023-12-15,62244.882554946176,-0.4347,-0.4482,0.01,0.0
2023-12-18,62214.06470986406,-0.0495,0.2573,-0.31,0.0
2023-12-19,62637.950466693146,0.6813,0.5971,0.08,0.0
2023-12-20,62503.363205305104,-0.2149,-0.1913,-0.02,0.0
2023-12-21,62777.06993325803,0.4379,0.2261,0.21,0.0
2023-12-22,63228.10117601369,0.7185,0.8827,-0.16,0.0
2023-12-26,63292.88108573857,0.1025,0.0535,0.05,0.0
2023-12-27,64029.77265503978,1.1643,1.1515,0.01,0.0
2023-12-28,63848.44331460473,-0.2832,-0.3843,0.1,0.0
2023-12-29,62758.39918640768,-1.7072,-0.5545,-1.16,0.0
2024-01-02,63506.663822808325,1.1923,0.097,1.09,0.0
2024-01-03,62618.54839081426,-1.3985,-1.4629,0.07,0.0
2024-01-04,62914.02690876159,0.4719,0.3982,0.07,0.0
2024-01-05,62858.58355789669,-0.0881,0.0049,-0.09,0.0
2024-01-08,62335.21819630454,-0.8326,-0.7736,-0.06,0.0
2024-01-09,62223.8736328392,-0.1786,-0.0099,-0.17,0.0
2024-01-10,62139.65312783565,-0.1354,-0.2319,0.1,0.0
2024-01-11,61833.63056291927,-0.4925,-0.366,-0.13,0.0
2024-01-12,62866.44102497547,1.6703,1.6085,0.06,0.0
2024-01-16,62068.291716263106,-1.2696,-1.0114,-0.26,0.0
2024-01-17,61521.41289837091,-0.8811,-1.155,0.28,0.0
2024-01-18,62079.07138137819,0.9064,0.799,0.11,0.0
2024-01-19,62309.28878849182,0.3708,0.3914,-0.02,0.0
2024-01-22,62076.476854960434,-0.3736,-0.3306,-0.04,0.0
2024-01-23,62174.18722073342,0.1574,0.1931,-0.04,0.0
2024-01-24,61967.14530318166,-0.333,-0.4843,0.15,0.0
2024-01-25,61967.13899917642,0.0,0.149,-0.15,0.0
2024-01-26,62000.232790234964,0.0534,-0.005,0.06,0.0
2024-01-29,62239.88940457364,0.3865,0.4165,-0.03,0.0
2024-01-30,62457.391885667326,0.3495,0.3111,0.04,0.0
2024-01-31,62944.10397095188,0.7793,0.8319,-0.05,0.0
2024-02-01,63042.86933901501,0.1569,0.2246,-0.07,0.0
2024-02-02,62429.05463006974,-0.9736,-0.8232,-0.15,0.0
2024-02-05,62163.88033974651,-0.4248,-0.5108,0.09,0.0
2024-02-06,62512.4652618546,0.5608,0.4344,0.13,0.0
2024-02-07,62509.06775131829,-0.0054,0.0344,-0.04,0.0
2024-02-08,62373.347277101544,-0.2171,-0.1474,-0.07,0.0
2024-02-09,62079.75998984899,-0.4707,-0.4379,-0.03,0.0
2024-02-12,61945.06949316494,-0.217,-0.2521,0.04,0.0
2024-02-13,61150.62250303279,-1.2825,-1.2536,-0.03,0.0
2024-02-14,61132.955456702155,-0.0289,-0.1305,0.1,0.0
2024-02-15,61472.076514073946,0.5547,0.5929,-0.04,0.0
2024-02-16,61735.77790948124,0.429,0.4695,-0.04,0.0
2024-02-20,62235.39081003001,0.8093,0.7954,0.01,0.0
2024-02-21,61932.28754139196,-0.487,-0.2565,-0.23,0.0
2024-02-22,61934.27923499745,0.0032,-0.1286,0.13,0.0
2024-02-23,62464.02725785597,0.8553,0.9358,-0.08,0.0
2024-02-26,62161.68143160654,-0.484,-0.4954,0.01,0.0
2024-02-27,62307.81328821664,0.2351,0.2711,-0.04,0.0
2024-02-28,62349.48986429435,0.0669,-0.0492,0.12,0.0
2024-02-29,62711.53027910319,0.5807,0.6247,-0.04,0.0
2024-03-01,63973.36712918096,2.0121,2.014,0.0,0.0
2024-03-04,64867.188212502086,1.3972,1.4759,-0.08,0.0
2024-03-05,65401.9590927841,0.8244,0.7461,0.08,0.0
2024-03-06,65896.531656463,0.7562,0.7874,-0.03,0.0
2024-03-07,66080.07428301415,0.2785,0.3581,-0.08,0.0
2024-03-08,66657.05958837717,0.8732,0.9546,-0.08,0.0
2024-03-11,66776.22202559671,0.1788,0.179,0.0,0.0
2024-03-12,66120.9701552643,-0.9813,-1.0126,0.03,0.0
2024-03-13,66625.74449234651,0.7634,0.6943,0.07,0.0
2024-03-14,66242.77680931291,-0.5748,-0.57,-0.0,0.0
2024-03-15,66175.49296343398,-0.1016,-0.2635,0.16,0.0
2024-03-18,66218.5125116735,0.065,0.1576,-0.09,0.0
2024-03-19,66063.49980300938,-0.2341,-0.2036,-0.03,0.0
2024-03-20,66255.16623694802,0.2901,0.0742,0.22,0.0
2024-03-21,67017.25289602048,1.1502,1.1354,0.01,0.0
2024-03-22,66408.29335328944,-0.9087,-1.1134,0.21,0.0
2024-03-25,67217.27898584088,1.2182,0.7738,0.44,0.0
2024-03-26,67100.27182824702,-0.1741,0.0368,-0.21,0.0
2024-03-27,67504.67062498101,0.6027,0.6895,-0.09,0.0
2024-03-28,68346.51046998276,1.2471,1.2234,0.02,0.0
2024-04-01,68935.0652475627,0.8611,0.8614,0.0,0.0
2024-04-02,69727.75652875916,1.1499,1.0955,0.05,0.0
2024-04-03,70707.40200873102,1.405,1.4772,-0.07,0.0
2024-04-04,70554.2885884659,-0.2165,-0.2441,0.03,0.0
2024-04-05,71781.61897465897,1.7396,1.6122,0.13,0.0
2024-04-08,71810.764929038,0.0406,0.258,-0.22,0.0
2024-04-09,72150.61118835893,0.4733,0.5061,-0.03,0.0
2024-04-10,71683.64615843892,-0.6472,-0.5931,-0.05,0.0
2024-04-11,72623.09900046144,1.3106,1.0817,0.23,0.0
2024-04-12,72611.04048876636,-0.0166,0.0594,-0.08,0.0
2024-04-15,73135.88955354167,0.7228,0.4074,0.31,0.0
2024-04-16,73815.82849108567,0.9297,1.0567,-0.13,0.0
2024-04-17,73367.73857291265,-0.607,-0.7989,0.19,0.0
2024-04-18,73632.49361191325,0.3609,0.4469,-0.09,0.0
2024-04-19,74085.05884134045,0.6146,0.6758,-0.06,0.0
2024-04-22,71902.47741427484,-2.946,-2.7602,-0.19,0.0
2024-04-23,71764.51575802197,-0.1919,-0.193,0.0,0.0
2024-04-24,71577.42429143321,-0.2607,-0.1375,-0.12,0.0
2024-04-25,71789.98232463007,0.297,0.228,0.07,0.0
2024-04-26,71910.56098180966,0.168,0.2146,-0.05,0.0
2024-04-29,72324.17662031382,0.5752,0.454,0.12,0.0
2024-04-30,70700.34793799308,-2.2452,-2.3024,0.06,0.0
2024-05-01,71002.82944356617,0.4278,0.371,0.06,0.0
2024-05-02,70903.01614645454,-0.1406,-0.0304,-0.11,0.0
2024-05-03,70896.76572068196,-0.0088,-0.0087,0.0,0.0
2024-05-06,71571.12904690146,0.9512,0.983,-0.03,0.0
2024-05-07,71453.26380452464,-0.1647,-0.2757,0.11,0.0
2024-05-08,71401.4080518184,-0.0726,-0.0691,0.0,0.0
2024-05-09,71967.51910257417,0.7929,0.7996,-0.01,0.0
2024-05-10,73049.47933390042,1.5034,1.5094,-0.01,0.0
2024-05-13,72143.21409036584,-1.2406,-1.318,0.08,0.0
2024-05-14,72660.66938587646,0.7173,0.7405,-0.02,0.0
2024-05-15,73767.06529429174,1.5227,1.5,0.02,0.0
2024-05-16,73393.59014915439,-0.5063,-0.3642,-0.14,0.0
2024-05-17,74444.53451650984,1.4319,1.3529,0.08,0.0
2024-05-20,74961.51883999012,0.6945,0.8996,-0.2,0.0
2024-05-21,74598.84834371497,-0.4838,-0.5013,0.02,0.0
2024-05-22,73599.29810126712,-1.3399,-1.342,0.0,0.0
2024-05-23,71886.75663181358,-2.3268,-2.2685,-0.06,0.0
2024-05-24,71826.43650210752,-0.0839,-0.1071,0.02,0.0
2024-05-28,72402.93115975264,0.8026,0.9732,-0.17,0.0
2024-05-29,71997.49059060021,-0.56,-0.6326,0.07,0.0
2024-05-30,72215.29605747397,0.3025,0.1111,0.19,0.0
2024-05-31,71560.4439842285,-0.9068,-0.8536,-0.05,0.0
2024-06-03,72403.26601195699,1.1778,1.0203,0.16,0.0
2024-06-04,71444.9352672997,-1.3236,-0.8992,-0.43,0.0
2024-06-05,72790.13016615596,1.8828,1.2298,0.65,0.0
2024-06-06,73073.17084337732,0.3888,0.6882,-0.3,0.0
2024-06-07,71144.8906553954,-2.6388,-2.7465,0.11,0.0
2024-06-10,71268.55259562994,0.1738,0.1085,0.07,0.0
2024-06-11,71264.25213444083,-0.006,-0.0087,0.0,0.0
2024-06-12,72202.30785673235,1.3163,1.2351,0.08,0.0
2024-06-13,71042.6274689895,-1.6062,-1.5325,-0.07,0.0
2024-06-14,71995.73503549644,1.3416,1.3564,-0.01,0.0
2024-06-17,71434.39157280426,-0.7797,-0.815,0.04,0.0
2024-06-18,71954.51372050558,0.7281,0.7784,-0.05,0.0
2024-06-20,72598.1811571454,0.8945,1.0041,-0.11,0.0
2024-06-21,71600.60781281622,-1.3741,-1.5889,0.22,0.0
2024-06-24,71987.30649283843,0.5401,0.5871,-0.05,0.0
2024-06-25,71485.85708354755,-0.6966,-0.5751,-0.12,0.0
2024-06-26,70909.98176479797,-0.8056,-0.7511,-0.05,0.0
2024-06-27,71832.76220344313,1.3013,1.1004,0.2,0.0
2024-06-28,71820.19604973888,-0.0175,0.1377,-0.15,0.0
2024-07-01,71745.34445623074,-0.1042,-0.0043,-0.1,0.0
2024-07-02,71666.93760667392,-0.1093,-0.1976,0.09,0.0
2024-07-03,72835.24049566683,1.6302,1.5842,0.05,0.0
2024-07-05,73733.69085823411,1.2335,1.2162,0.02,0.0
2024-07-08,72687.15959177696,-1.4193,-1.3942,-0.03,0.0
2024-07-09,72825.74075998977,0.1907,0.2081,-0.02,0.0
2024-07-10,73230.14894732645,0.5553,0.5127,0.04,0.0
2024-07-11,74553.98802346631,1.8078,1.8042,0.0,0.0
2024-07-12,74543.28657811295,-0.0144,-0.0414,0.03,0.0
2024-07-15,74819.72472187936,0.3708,0.3687,0.0,0.0
2024-07-16,76100.76512084775,1.7122,1.6303,0.08,0.0
2024-07-17,75813.2499145689,-0.3778,-0.3086,-0.07,0.0
2024-07-18,75759.12177908845,-0.0714,-0.1222,0.05,0.0
2024-07-19,74110.00583810634,-2.1768,-2.2963,0.12,0.0
2024-07-22,74051.25202142958,-0.0793,-0.1461,0.07,0.0
2024-07-23,68567.1336811745,-7.4058,0.5268,-0.07,-9.0
2024-07-24,68844.40916838193,0.4044,0.3618,0.04,0.0
2024-07-25,67121.85229934845,-2.5021,-2.5442,0.04,0.0
2024-07-26,67919.43765674262,1.1883,1.1948,-0.01,0.0
2024-07-29,67834.44478405533,-0.1251,-0.1134,-0.01,0.0
2024-07-30,68643.45127545825,1.1926,1.1652,0.03,0.0
2024-07-31,69247.58963728012,0.8801,0.894,-0.01,0.0
2024-08-01,69472.56871291719,0.3249,0.3503,-0.03,0.0
2024-08-02,69228.80690272042,-0.3509,-0.3819,0.03,0.0
2024-08-05,68536.8158516131,-0.9996,-0.9894,-0.01,0.0
2024-08-06,68394.89484035461,-0.2071,-0.5246,0.32,0.0
2024-08-07,68379.814825687,-0.022,0.0586,-0.08,0.0
2024-08-08,69292.77697368401,1.3351,1.3261,0.01,0.0
2024-08-09,69614.61903550017,0.4645,0.4087,0.06,0.0
2024-08-12,70449.00232613033,1.1986,1.2458,-0.05,0.0
2024-08-13,70521.75634322494,0.1033,0.1746,-0.07,0.0
2024-08-14,69734.61409484386,-1.1162,-1.1067,-0.01,0.0
2024-08-15,70201.0756518288,0.6689,0.5616,0.11,0.0
2024-08-16,71483.41278248999,1.8267,1.8548,-0.03,0.0
2024-08-19,71525.0820002875,0.0583,0.1281,-0.07,0.0
2024-08-20,71787.09633054788,0.3663,0.3797,-0.01,0.0
2024-08-21,71619.3942505617,-0.2336,-0.1155,-0.12,0.0
2024-08-22,70869.36753886359,-1.0472,-1.176,0.13,0.0
2024-08-23,71757.19190986773,1.2528,1.19,0.06,0.0
2024-08-26,71914.43797755126,0.2191,0.3708,-0.15,0.0
2024-08-27,71925.81732301656,0.0158,-0.0675,0.08,0.0
2024-08-28,71529.31271468615,-0.5513,-0.5962,0.05,0.0
2024-08-29,72252.86514886103,1.0115,0.9876,0.02,0.0
2024-08-30,71300.87285256856,-1.3176,-1.263,-0.06,0.0
2024-09-03,71216.68279051471,-0.1181,-0.1564,0.04,0.0
2024-09-04,71336.33694755718,0.168,0.1406,0.03,0.0
2024-09-05,71878.87406950274,0.7605,0.7219,0.04,0.0
2024-09-06,71367.49386490078,-0.7114,-0.7127,0.0,0.0
2024-09-09,71604.20085290982,0.3317,0.3329,0.0,0.0
2024-09-10,71903.27197121899,0.4177,0.4197,0.0,0.0
2024-09-11,71898.48982876896,-0.0067,-0.008,0.0,0.0
2024-09-12,73026.77533186274,1.5693,1.5565,0.01,0.0
2024-09-13,73837.52803840126,1.1102,1.1798,-0.07,0.0
2024-09-16,73767.81385664066,-0.0944,-0.0349,-0.06,0.0
2024-09-17,73306.85527782829,-0.6249,-0.6239,0.0,0.0
2024-09-18,73390.46095767921,0.114,0.2496,-0.14,0.0
2024-09-19,73814.77235377106,0.5782,0.673,-0.09,0.0
2024-09-20,74655.86635194559,1.1395,1.2326,-0.09,0.0
2024-09-23,74729.72385826493,0.0989,0.2519,-0.15,0.0
2024-09-24,75497.9993309702,1.0281,0.9404,0.09,0.0
2024-09-25,75733.06067246923,0.3113,0.3018,0.01,0.0
2024-09-26,76089.20354589164,0.4703,0.4024,0.07,0.0
2024-09-27,75353.3312118786,-0.9671,-0.9588,-0.01,0.0
2024-09-30,75208.86692419561,-0.1917,-0.3101,0.12,0.0
2024-10-01,76199.82251683688,1.3176,1.1836,0.13,0.0
2024-10-02,75663.16236944741,-0.7043,-0.7573,0.05,0.0
2024-10-03,75992.00991965459,0.4346,0.3778,0.06,0.0
2024-10-04,75749.80225892678,-0.3187,-0.4253,0.11,0.0
2024-10-07,75737.7586313618,-0.0159,-0.0378,0.02,0.0
2024-10-08,74827.62359300753,-1.2017,-1.1267,-0.08,0.0
2024-10-09,74526.12244503011,-0.4029,-0.3442,-0.06,0.0
2024-10-10,74968.30676763391,0.5933,0.5602,0.03,0.0
2024-10-11,76030.21822578496,1.4165,1.4119,0.0,0.0
2024-10-14,75950.4459750909,-0.1049,-0.3688,0.26,0.0
2024-10-15,76231.89353154863,0.3706,0.5136,-0.14,0.0
2024-10-16,76599.82002012152,0.4826,0.4734,0.01,0.0
2024-10-17,77071.30672032874,0.6155,0.6358,-0.02,0.0
2024-10-18,77734.85546526051,0.861,0.8436,0.02,0.0
2024-10-21,78017.95363147337,0.3642,0.3464,0.02,0.0
2024-10-22,78626.96123800782,0.7806,0.7748,0.01,0.0
2024-10-23,77782.84000781478,-1.0736,-1.0859,0.01,0.0
2024-10-24,78354.99186868424,0.7356,0.7552,-0.02,0.0
2024-10-25,78540.16176114413,0.2363,0.2194,0.02,0.0
2024-10-28,78616.3492891249,0.097,0.073,0.02,0.0
2024-10-29,79347.98006389214,0.9306,0.9297,0.0,0.0
2024-10-30,79911.26398341068,0.7099,0.7261,-0.02,0.0
2024-10-31,78472.47691417228,-1.8005,-1.8002,0.0,0.0
2024-11-01,78483.31138611567,0.0138,0.011,0.0,0.0
2024-11-04,78450.92140641525,-0.0413,-0.0913,0.05,0.0
2024-11-05,78588.99326865278,0.176,0.1535,0.02,0.0
2024-11-06,76471.1290181741,-2.6949,-2.653,-0.04,0.0
2024-11-07,77478.10677047688,1.3168,1.1546,0.16,0.0
2024-11-08,77215.69822845125,-0.3387,-0.4039,0.07,0.0
2024-11-11,75091.56587573371,-2.7509,-2.8391,0.09,0.0
2024-11-12,74781.53680155695,-0.4129,-0.4289,0.02,0.0
2024-11-13,74228.25180389448,-0.7399,-0.7385,0.0,0.0
2024-11-14,73890.09072148983,-0.4556,-0.4882,0.03,0.0
2024-11-15,73862.58517535121,-0.0372,-0.0973,0.06,0.0
2024-11-18,75158.48392245939,1.7545,1.75,0.0,0.0
2024-11-19,75562.78295637947,0.5379,0.632,-0.09,0.0
2024-11-20,76168.86155743118,0.8021,0.8032,0.0,0.0
2024-11-21,76843.08903548511,0.8852,0.9025,-0.02,0.0
2024-11-22,78027.26897161371,1.541,1.4146,0.12,0.0
2024-11-25,75299.96571528351,-3.4953,-3.4355,-0.06,0.0
2024-11-26,75348.44509243165,0.0644,0.1338,-0.07,0.0
2024-11-27,75877.50546244644,0.7022,0.748,-0.05,0.0
2024-11-29,76488.98459326936,0.8059,0.6478,0.16,0.0
2024-12-02,75929.4557490021,-0.7315,-0.8318,0.1,0.0
2024-12-03,76374.18709301177,0.5857,0.3719,0.21,0.0
2024-12-04,76588.14272730025,0.2801,0.3441,-0.06,0.0
2024-12-05,75824.55395042493,-0.997,-1.0249,0.03,0.0
2024-12-06,76150.1063256269,0.4293,0.4569,-0.03,0.0
2024-12-09,76892.95451451333,0.9755,0.9967,-0.02,0.0
2024-12-10,78003.15822491891,1.4438,1.2271,0.21,0.0
2024-12-11,79074.78568544282,1.3738,1.3419,0.03,0.0
2024-12-12,77720.08543360846,-1.7132,-1.6936,-0.02,0.0
2024-12-13,76792.93269974641,-1.1929,-1.1721,-0.02,0.0
2024-12-16,76626.31564900874,-0.217,-0.1732,-0.04,0.0
2024-12-17,76527.91821693428,-0.1284,-0.264,0.14,0.0
2024-12-18,76297.59115270966,-0.301,-0.2987,0.0,0.0
2024-12-19,75236.53496140019,-1.3907,-1.6803,0.29,0.0
2024-12-20,76397.96234029438,1.5437,1.4081,0.13,0.0
2024-12-23,75623.6232133117,-1.0136,-0.6239,-0.39,0.0
2024-12-24,75983.94542070257,0.4765,0.2948,0.18,0.0
2024-12-26,76812.00302831318,1.0898,0.7176,0.37,0.0
2024-12-27,76047.23564464261,-0.9956,-0.8186,-0.18,0.0
2024-12-30,75835.81754419324,-0.278,-0.4241,0.15,0.0
2024-12-31,76866.95291593327,1.3597,0.8864,0.47,0.0
2025-01-02,77734.4411076707,1.1286,1.1296,0.0,0.0
2025-01-03,77344.56803759698,-0.5015,-0.5228,0.02,0.0
2025-01-06,77111.10870779268,-0.3018,-0.2495,-0.05,0.0
2025-01-07,77575.06146216815,0.6017,0.6936,-0.09,0.0
2025-01-08,77917.05554482187,0.4409,0.2936,0.15,0.0
2025-01-09,78573.81623581743,0.8429,0.7243,0.12,0.0
2025-01-10,79308.49388108209,0.935,0.9203,0.01,0.0
2025-01-13,78527.8329166017,-0.9843,-1.2922,0.31,0.0
2025-01-14,79067.4331805836,0.6871,0.1496,0.54,0.0
2025-01-15,79994.50543287558,1.1725,1.3072,-0.13,0.0
2025-01-16,80896.53403838885,1.1276,1.2498,-0.12,0.0
2025-01-17,80998.44638527182,0.126,-0.0765,0.2,0.0
2025-01-21,80943.3885780661,-0.068,0.3899,-0.46,0.0
2025-01-22,81540.70581093966,0.7379,0.4574,0.28,0.0
2025-01-23,81427.71562636818,-0.1386,-0.1626,0.02,0.0
2025-01-24,81815.4215292108,0.4761,0.5139,-0.04,0.0
2025-01-27,80421.67722321305,-1.7035,-1.433,-0.27,0.0
2025-01-28,81532.69469678545,1.3815,1.0703,0.31,0.0
2025-01-29,81710.13445103371,0.2176,0.0831,0.13,0.0
2025-01-30,83354.47938249946,2.0124,1.9465,0.06,0.0
2025-01-31,83050.58215698398,-0.3646,-0.3719,0.01,0.0
2025-02-03,83592.68154488936,0.6527,0.7609,-0.11,0.0
2025-02-04,84543.5839755691,1.1375,0.6846,0.45,0.0
2025-02-05,85268.52638420172,0.8575,0.6414,0.21,0.0
2025-02-06,85003.86046308534,-0.3104,-0.5433,0.23,0.0
2025-02-07,85588.58682092236,0.6879,0.3957,0.29,0.0
2025-02-10,86916.84102468581,1.5519,1.6392,-0.09,0.0
2025-02-11,86840.32411302585,-0.088,-0.0618,-0.03,0.0
2025-02-12,86062.9244000366,-0.8952,-0.1202,-0.78,0.0
2025-02-13,86625.52687217295,0.6537,0.581,0.07,0.0
2025-02-14,85255.34743353302,-1.5817,-1.4457,-0.14,0.0
2025-02-18,86775.10388799835,1.7826,1.6646,0.12,0.0
2025-02-19,86446.21677162401,-0.379,-0.4162,0.04,0.0
2025-02-20,87041.7806489322,0.6889,0.7056,-0.02,0.0
2025-02-21,86548.65343977173,-0.5665,-0.0816,-0.49,0.0
2025-02-24,86930.6740135378,0.4414,0.3506,0.09,0.0
2025-02-25,85809.91984036888,-1.2893,-1.4722,0.19,0.0
2025-02-26,86562.07636511014,0.8765,0.4235,0.45,0.0
2025-02-27,85644.51481872122,-1.06,-1.152,0.09,0.0
2025-02-28,84425.54779920178,-1.4233,-1.6093,0.19,0.0
2025-03-03,86149.70852304884,2.0422,1.8824,0.16,0.0
2025-03-04,86594.71045262138,0.5165,0.6712,-0.15,0.0
2025-03-05,86652.48498880267,0.0667,0.1959,-0.13,0.0
2025-03-06,86365.3973163544,-0.3313,0.0446,-0.38,0.0
2025-03-07,86250.10067776404,-0.1335,-0.408,0.28,0.0
2025-03-10,85789.11520955357,-0.5345,-0.4716,-0.06,0.0
2025-03-11,86718.23744420378,1.083,0.7575,0.32,0.0
2025-03-12,87342.97538364494,0.7204,0.8995,-0.18,0.0
2025-03-13,88829.09874515318,1.7015,1.5379,0.16,0.0
2025-03-14,88705.61520781004,-0.139,0.3418,-0.48,0.0
2025-03-17,88885.82619656889,0.2032,0.1837,0.02,0.0
2025-03-18,89902.41073472182,1.1437,1.17,-0.03,0.0
2025-03-19,89574.02423483516,-0.3653,0.0264,-0.39,0.0
2025-03-20,89447.38113526211,-0.1414,0.1351,-0.28,0.0
2025-03-21,88804.91979023619,-0.7183,-0.7171,0.0,0.0
2025-03-24,88296.39198915986,-0.5726,-0.169,-0.4,0.0
2025-03-25,88138.24840745078,-0.1791,0.3518,-0.53,0.0
2025-03-26,88116.65410314513,-0.0245,-0.0926,0.07,0.0
2025-03-27,89789.663721556,1.8986,1.3009,0.59,0.0
2025-03-28,90140.0643202148,0.3902,0.8594,-0.47,0.0
2025-03-31,91034.06793742238,0.9918,1.1761,-0.18,0.0
2025-04-01,90845.22340958731,-0.2074,-0.1249,-0.08,0.0
2025-04-02,91608.84550508174,0.8406,0.6733,0.17,0.0
2025-04-03,90400.58842896514,-1.3189,-1.3663,0.05,0.0
2025-04-04,87541.40657496091,-3.1628,-2.7446,-0.43,0.0
2025-04-07,86025.03741573395,-1.7322,-2.0153,0.29,0.0
2025-04-08,87026.95582400465,1.1647,0.5794,0.58,0.0
2025-04-09,90035.16420212331,3.4566,2.9679,0.47,0.0
2025-04-10,92699.54328890942,2.9593,3.2292,-0.26,0.0
2025-04-11,94724.11406775907,2.184,2.1235,0.06,0.0
2025-04-14,94138.99179854503,-0.6177,-0.54,-0.08,0.0
2025-04-15,94384.72728334044,0.261,0.4337,-0.17,0.0
2025-04-16,97188.14760545648,2.9702,3.3523,-0.37,0.0
2025-04-17,96545.4344720259,-0.6613,-0.5381,-0.12,0.0
2025-04-22,98697.85888465331,2.2294,2.7836,-0.54,0.0
2025-04-23,95166.6943398587,-3.5778,-3.6609,0.09,0.0
2025-04-24,97088.36937857646,2.0193,1.7001,0.31,0.0
2025-04-25,95371.73341110662,-1.7681,-1.4886,-0.28,0.0
2025-04-28,96972.33444474611,1.6783,1.5263,0.15,0.0
2025-04-29,96319.64650843576,-0.6731,-0.4111,-0.26,0.0
2025-04-30,95930.9598698994,-0.4035,-0.4158,0.01,0.0
2025-05-01,92473.78897280215,-3.6038,-2.8744,-0.75,0.0
2025-05-02,93286.97266957212,0.8794,0.6822,0.2,0.0
2025-05-05,95386.51682668529,2.2506,2.4568,-0.2,0.0
2025-05-06,97914.86069792885,2.6506,3.023,-0.36,0.0
2025-05-07,97713.40614503402,-0.2057,-0.8794,0.68,0.0
2025-05-08,95289.88447195866,-2.4802,-2.5078,0.03,0.0
2025-05-09,97849.33270154057,2.686,1.177,1.49,0.0
2025-05-12,93724.37746063703,-4.2156,-3.4599,-0.78,0.0
2025-05-13,93826.48818706849,0.1089,0.6304,-0.52,0.0
2025-05-14,92223.54048297416,-1.7084,-1.8177,0.11,0.0
2025-05-15,93831.79105917612,1.7439,1.2353,0.5,0.0
2025-05-16,92658.00113726118,-1.251,-1.2016,-0.05,0.0
2025-05-19,94084.6581708692,1.5397,1.4739,0.06,0.0
2025-05-20,95439.05763427036,1.4396,1.5919,-0.15,0.0
2025-05-21,96467.76251908037,1.0779,0.8841,0.19,0.0
2025-05-22,96044.23840386207,-0.439,-0.5137,0.08,0.0
2025-05-23,98553.63236735514,2.6127,2.1657,0.44,0.0
2025-05-27,95745.54709941756,-2.8493,-1.9176,-0.95,0.0
2025-05-28,95812.99212570646,0.0704,-0.1667,0.24,0.0
2025-05-29,96525.3429092233,0.7435,0.7135,0.03,0.0
2025-05-30,95677.15825128515,-0.8787,-0.8501,-0.03,0.0
2025-06-02,98241.13216064945,2.6798,2.4841,0.19,0.0
2025-06-03,97463.17760509084,-0.7919,-0.6052,-0.19,0.0
2025-06-04,98537.77213102368,1.1026,0.6955,0.4,0.0
2025-06-05,98094.9225893742,-0.4494,-0.6759,0.23,0.0
2025-06-06,97244.96714483981,-0.8665,-0.8356,-0.03,0.0
2025-06-09,97415.3787086208,0.1752,0.2829,-0.11,0.0
2025-06-10,97054.7706672382,-0.3702,-0.3361,-0.03,0.0
2025-06-11,96949.65938900817,-0.1083,0.012,-0.12,0.0
2025-06-12,98478.54389973388,1.577,1.7945,-0.21,0.0
2025-06-13,100199.2949045955,1.7473,1.4878,0.26,0.0
2025-06-16,99832.16583771202,-0.3664,-1.0142,0.65,0.0
2025-06-17,99376.76782580423,-0.4562,-0.2885,-0.17,0.0
2025-06-18,99769.29504575205,0.395,0.0945,0.3,0.0
2025-06-20,99384.40499687786,-0.3858,-0.6402,0.26,0.0
2025-06-23,99663.64214908547,0.281,0.285,-0.0,0.0
2025-06-24,97491.7654074573,-2.1792,-1.7852,-0.4,0.0
2025-06-25,97404.69787677212,-0.0893,0.2924,-0.38,0.0
2025-06-26,97707.14769511344,0.3105,0.1924,0.12,0.0
2025-06-27,95575.36765484317,-2.1818,-1.7939,-0.39,0.0
2025-06-30,95942.69639083282,0.3843,0.6323,-0.25,0.0
2025-07-01,97468.7744408145,1.5906,1.284,0.3,0.0
2025-07-02,97717.62594390158,0.2553,0.3387,-0.08,0.0
2025-07-03,97297.21035193835,-0.4302,-0.4898,0.06,0.0
2025-07-04,96897.60083859561,-0.4107,0.027,-0.44,0.0
2025-07-07,97090.10618774248,0.1987,-0.009,0.21,0.0
2025-07-08,96801.81608156381,-0.2969,-0.7563,0.46,0.0
2025-07-09,96728.13135164657,-0.0761,0.1391,-0.21,0.0
2025-07-10,96898.78785154723,0.1764,0.1751,0.0,0.0
2025-07-11,98056.34610836853,1.1946,1.1636,0.03,0.0
2025-07-14,98023.65663499529,-0.0333,-0.1341,0.1,0.0
2025-07-15,97555.9130348818,-0.4772,-0.6475,0.17,0.0
2025-07-16,98249.19721996563,0.7107,0.6817,0.03,0.0
2025-07-17,97762.97734134166,-0.4949,-0.3699,-0.13,0.0
2025-07-18,98324.86809898201,0.5747,0.3862,0.19,0.0
2025-07-21,99877.19727078058,1.5788,1.4584,0.12,0.0
2025-07-22,101027.03354510295,1.1513,1.0964,0.05,0.0
2025-07-23,99872.83072560046,-1.1425,-1.3113,0.17,0.0
2025-07-24,99257.32077830478,-0.6163,-0.6806,0.06,0.0
2025-07-25,98203.7808668915,-1.0614,-1.0976,0.04,0.0
2025-07-28,97555.8367794304,-0.6598,-0.7468,0.09,0.0
2025-07-29,98284.9127919143,0.7473,0.4321,0.31,0.0
2025-07-30,97789.47044305413,-0.5041,-0.8305,0.33,0.0
2025-07-31,98443.39642152608,0.6687,-0.0789,0.75,0.0
2025-08-01,99815.63667998501,1.3939,1.6549,-0.26,0.0
2025-08-04,100331.01250851435,0.5163,0.7976,-0.28,0.0
2025-08-05,101300.86122349402,0.9666,0.2223,0.74,0.0
2025-08-06,101047.89435883235,-0.2497,-0.0562,-0.19,0.0
2025-08-07,101700.43629105705,0.6458,0.6006,0.04,0.0
2025-08-08,102474.96500390123,0.7616,1.1411,-0.38,0.0
2025-08-11,99975.38428197584,-2.4392,-2.5007,0.06,0.0
2025-08-12,100051.24963485583,0.0759,-0.1253,0.2,0.0
2025-08-13,100265.16776716502,0.2138,0.2926,-0.08,0.0
2025-08-14,99398.1446090837,-0.8647,-0.6997,-0.17,0.0
2025-08-15,99696.89778337095,0.3006,0.024,0.28,0.0
2025-08-18,99365.14619812377,-0.3328,-0.1289,-0.2,0.0
2025-08-19,98573.53065102825,-0.7967,-0.5493,-0.25,0.0
2025-08-20,99219.91905729537,0.6557,0.9054,-0.25,0.0
2025-08-21,98957.76927979829,-0.2642,-0.1944,-0.07,0.0
2025-08-22,100386.33074388647,1.4436,1.1238,0.32,0.0
2025-08-25,100410.67950751219,0.0243,-0.0178,0.04,0.0
2025-08-26,101172.77144329139,0.759,0.4387,0.32,0.0
2025-08-27,101641.31825900776,0.4631,0.4722,-0.01,0.0
2025-08-28,102521.65390538187,0.8661,0.7989,0.07,0.0
2025-08-29,103693.57550073633,1.1431,1.2209,-0.08,0.0
2025-09-02,106448.889845,2.6572,2.1792,0.47,0.0
2025-09-03,107758.68032155924,1.2304,1.234,0.0,0.0
2025-09-04,107027.74375235758,-0.6783,-0.7625,0.08,0.0
2025-09-05,108598.10087723317,1.4672,1.3293,0.14,0.0
2025-09-08,109338.31570945056,0.6816,0.6891,-0.01,0.0
2025-09-09,109239.0627145304,-0.0908,0.1429,-0.23,0.0
2025-09-10,109543.34347136636,0.2785,0.0082,0.27,0.0
2025-09-11,109137.51789110372,-0.3705,-0.1839,-0.19,0.0
2025-09-12,109779.02840152622,0.5878,0.3437,0.24,0.0
2025-09-15,110777.86809374558,0.9099,0.8988,0.01,0.0
2025-09-16,110786.080371153,0.0074,0.182,-0.17,0.0
2025-09-17,110273.09703890156,-0.463,-0.1925,-0.27,0.0
2025-09-18,109164.3763973217,-1.0054,-1.0348,0.03,0.0
2025-09-19,110367.88058720552,1.1025,0.763,0.34,0.0
2025-09-22,112310.77633334488,1.7604,1.8848,-0.12,0.0
2025-09-23,113773.1223088538,1.3021,1.0666,0.23,0.0
2025-09-24,112954.09226902724,-0.7199,-1.2829,0.57,0.0
2025-09-25,113061.92437176226,0.0955,0.1286,-0.03,0.0
2025-09-26,114216.6641440187,1.0213,1.0276,-0.01,0.0
2025-09-29,115470.83176595242,1.0981,1.2078,-0.11,0.0
2025-09-30,116108.48163372341,0.5522,0.5208,0.03,0.0
2025-10-01,117095.14507330679,0.8498,0.6952,0.15,0.0
2025-10-02,116047.09179055862,-0.895,-0.7188,-0.18,0.0
2025-10-03,117338.45907188543,1.1128,1.0704,0.04,0.0
2025-10-06,119405.46048594071,1.7616,1.7445,0.02,0.0
2025-10-07,120236.25457011582,0.6958,0.7117,-0.02,0.0
2025-10-08,122282.61586334754,1.702,1.6773,0.02,0.0
2025-10-09,119395.55090625821,-2.361,-2.399,0.04,0.0
2025-10-10,120410.60994930127,0.8502,0.7501,0.1,0.0
2025-10-13,124278.08842391969,3.2119,3.3376,-0.12,0.0
2025-10-14,125058.51853234094,0.628,0.7326,-0.1,0.0
2025-10-15,126379.91155956857,1.0566,0.923,0.13,0.0
2025-10-16,128086.15778612578,1.3501,2.4731,-1.1,0.0
2025-10-17,125642.63115961307,-1.9077,-2.1097,0.21,0.0
2025-10-20,130052.86823199631,3.5101,3.4965,0.01,0.0
2025-10-21,122423.74141517452,-5.8662,-5.7352,-0.14,0.0
2025-10-22,121294.54611475008,-0.9224,-1.0593,0.14,0.0
2025-10-23,123359.42173744009,1.7024,2.0052,-0.3,0.0
2025-10-24,123201.42864904614,-0.1281,-0.1721,0.04,0.0
2025-10-27,119784.54148629364,-2.7734,-2.8288,0.06,0.0
2025-10-28,119247.31143110935,-0.4485,-0.8921,0.45,0.0
2025-10-29,119778.08405802544,0.4451,0.4412,0.0,0.0
2025-10-30,120471.03161169497,0.5785,0.4418,0.14,0.0
2025-10-31,120288.04274143132,-0.1519,-0.4773,0.33,0.0
2025-11-03,121026.86957098017,0.6142,0.4545,0.16,0.0
2025-11-04,119365.5209481583,-1.3727,-1.3149,-0.06,0.0
2025-11-05,120362.91494417407,0.8356,0.8258,0.01,0.0
2025-11-06,120113.3163870859,-0.2074,-0.0101,-0.2,0.0
2025-11-07,120860.06399414712,0.6217,0.49,0.13,0.0
2025-11-10,124235.71990482739,2.793,2.8104,-0.02,0.0
2025-11-11,124153.37136967866,-0.0663,-0.1216,0.06,0.0
2025-11-12,126759.19224723586,2.0989,2.3765,-0.27,0.0
2025-11-13,126413.51307752666,-0.2727,-0.4162,0.14,0.0
2025-11-14,123724.78519455668,-2.1269,-2.3717,0.25,0.0
2025-11-17,122954.67732065002,-0.6224,-0.4722,-0.15,0.0
2025-11-18,122679.31726344225,-0.224,-0.1721,-0.05,0.0
2025-11-19,123064.78249031623,0.3142,0.4038,-0.09,0.0
2025-11-20,122328.74669247284,-0.5981,-0.5199,-0.08,0.0
2025-11-21,123222.7162177502,0.7308,0.498,0.23,0.0
2025-11-24,124995.50495790147,1.4387,0.3728,1.06,0.0
2025-11-25,125754.5330460238,0.6072,1.1559,-0.54,0.0
2025-11-26,126548.4229733409,0.6313,0.6281,0.0,0.0
2025-11-28,128469.64722658593,1.5182,1.2748,0.24,0.0
2025-12-01,129087.82514668131,0.4812,0.4978,-0.02,0.0
2025-12-02,127857.92504686075,-0.9528,-1.2431,0.29,0.0
2025-12-03,128681.5403815551,0.6442,0.3033,0.34,0.0
2025-12-04,129428.16968368922,0.5802,0.2977,0.28,0.0
2025-12-05,128982.29438925524,-0.3445,0.0261,-0.37,0.0
2025-12-08,128340.4541444532,-0.4976,-0.61,0.11,0.0
2025-12-09,129213.3906706437,0.6802,0.4657,0.21,0.0
2025-12-10,128592.25149110233,-0.4807,-0.2449,-0.24,0.0
2025-12-11,131141.63109067417,1.9825,2.1233,-0.14,0.0
2025-12-12,132262.5243619105,0.8547,0.3407,0.51,0.0
2025-12-15,132941.07688468436,0.513,0.1535,0.36,0.0
2025-12-16,133166.40303958827,0.1695,-0.0511,0.22,0.0
2025-12-17,134751.5088501006,1.1903,0.999,0.19,0.0
2025-12-18,133712.04177959714,-0.7714,-0.184,-0.59,0.0
2025-12-19,134152.1461794566,0.3291,0.5047,-0.17,0.0
2025-12-22,135672.51246776961,1.1333,1.9076,-0.76,0.0
2025-12-23,136890.35392775986,0.8976,0.8595,0.04,0.0
2025-12-24,136676.59100189604,-0.1562,-0.0491,-0.11,0.0
2025-12-26,139079.0670902567,1.7578,1.0824,0.67,0.0
2025-12-29,132406.9499312777,-4.7974,-4.5042,-0.31,0.0
2025-12-30,133889.8599110688,1.12,1.0404,0.08,0.0
2025-12-31,132333.95728430556,-1.1621,-1.0183,-0.15,0.0
2026-01-02,132274.3433562757,-0.045,-0.2589,0.21,0.0
2026-01-05,136098.2494826297,2.8909,2.8393,0.05,0.0
2026-01-06,137833.0157559958,1.2746,1.021,0.25,0.0
2026-01-07,136719.84492306458,-0.8076,-0.734,-0.07,0.0
2026-01-08,136274.64098749243,-0.3256,0.009,-0.33,0.0
2026-01-09,137580.7696870747,0.9585,0.9124,0.05,0.0
2026-01-12,141592.42956715924,2.9159,2.5388,0.37,0.0
2026-01-13,140966.51993151536,-0.4421,-0.3279,-0.11,0.0
2026-01-14,142327.31778576455,0.9653,0.8084,0.16,0.0
2026-01-15,141878.38516056232,-0.3154,-0.2162,-0.1,0.0
2026-01-16,141299.87928986718,-0.4077,-0.6044,0.2,0.0
2026-01-20,147452.61001973812,4.3544,3.7312,0.6,0.0
2026-01-21,150041.5780543423,1.7558,1.5169,0.24,0.0
2026-01-22,153132.77073205955,2.0602,1.5936,0.46,0.0
2026-01-23,155271.64342853831,1.3967,1.3731,0.02,0.0
2026-01-26,158401.94944870577,2.016,2.0799,-0.06,0.0
2026-01-27,158775.36341252242,0.2357,0.0039,0.23,0.0
2026-01-28,165381.69624846155,4.1608,4.3643,-0.19,0.0
2026-01-29,166823.79150949494,0.872,0.3169,0.55,0.0
2026-01-30,147446.33990107835,-11.6155,-11.3662,-0.28,0.0
2026-02-02,144437.9345103733,-2.0403,-1.9389,-0.1,0.0
2026-02-03,150815.69504910934,4.4156,6.0833,-1.57,0.0
2026-02-04,151626.60927225204,0.5377,0.3406,0.2,0.0
2026-02-05,149314.9279568712,-1.5246,-1.1991,-0.33,0.0
2026-02-06,152393.3435402548,2.0617,1.8472,0.21,0.0
2026-02-09,155932.27831272726,2.3222,2.0136,0.3,0.0
2026-02-10,154878.6000777517,-0.6757,-0.9325,0.26,0.0
2026-02-11,156571.1669913256,1.0928,1.355,-0.26,0.0
2026-02-12,152253.19335919846,-2.7578,-2.9162,0.16,0.0
2026-02-13,154999.17899232698,1.8036,1.9965,-0.19,0.0
2026-02-17,151070.24775242602,-2.5348,-2.7698,0.24,0.0
2026-02-18,154009.0303433561,1.9453,2.1217,-0.17,0.0
2026-02-19,153965.35587927452,-0.0284,-0.2126,0.18,0.0
2026-02-20,156972.839131692,1.9534,1.6761,0.27,0.0
2026-02-23,160926.27565186494,2.5185,2.8739,-0.35,0.0
2026-02-24,159930.013506724,-0.6191,-0.9395,0.32,0.0
2026-02-25,161318.43369990142,0.8681,0.9814,-0.11,0.0
2026-02-26,160450.20747844508,-0.5382,-0.5743,0.04,0.0
2026-02-27,162224.52807065187,1.1058,1.0432,0.06,0.0
2026-03-02,164336.6568667076,1.302,1.2217,0.08,0.0
2026-03-03,159374.33269094172,-3.0196,-3.532,0.53,0.0
2026-03-04,160550.6099684121,0.7381,0.2506,0.49,0.0
2026-03-05,159026.622933258,-0.9492,-1.0722,0.12,0.0
2026-03-06,160973.93155161865,1.2245,1.5952,-0.36,0.0
2026-03-09,159525.0593164054,-0.9001,-1.061,0.16,0.0
2026-03-10,162579.88479956196,1.915,2.7143,-0.78,0.0
2026-03-11,162306.2243795003,-0.1683,-1.1913,1.04,0.0
2026-03-12,160796.5374728567,-0.9301,-0.9986,0.07,0.0
2026-03-13,159084.33746890287,-1.0648,-1.2373,0.17,0.0
2026-03-16,157538.01606462346,-0.972,-1.1578,0.19,0.0
2026-03-17,157280.08984900513,-0.1637,0.1402,-0.3,0.0
2026-03-18,153966.9949200438,-2.1065,-2.2216,0.12,0.0
2026-03-19,146202.07264982373,-5.0432,-5.9142,0.93,0.0
2026-03-20,144983.2740949419,-0.8336,-0.6586,-0.18,0.0
2026-03-23,140928.11625201057,-2.797,-3.6386,0.87,0.0
2026-03-24,139797.57966269457,-0.8022,-0.109,-0.69,0.0
2026-03-25,146217.4455597926,4.5923,3.421,1.13,0.0
2026-03-26,141203.4767544693,-3.4291,-3.8309,0.42,0.0
2026-03-27,144374.93474584635,2.246,2.6626,-0.41,0.0
2026-03-30,146196.20593451476,1.2615,0.7569,0.5,0.0
2026-03-31,149449.48874516337,2.2253,2.6867,-0.45,0.0
2026-04-01,152389.07607800412,1.9669,2.9176,-0.92,0.0
2026-04-02,146858.93295918236,-3.629,-2.7534,-0.9,0.0
2026-04-06,147547.43936669573,0.4688,0.1139,0.35,0.0
2026-04-07,147311.89539931752,-0.1596,0.0064,-0.17,0.0
2026-04-08,150305.2344371861,2.032,1.9841,0.05,0.0
2026-04-09,150700.49657355464,0.263,0.899,-0.63,0.0
2026-04-10,150064.0962924957,-0.4223,-0.6323,0.21,0.0
2026-04-13,152745.00255418263,1.7865,-0.4095,2.21,0.0
2026-04-14,156125.64817021377,2.2133,1.7417,0.46,0.0
2026-04-15,152402.63739221974,-2.3846,-0.5181,-1.88,0.0
2026-04-16,152300.1553448285,-0.0672,-0.3042,0.24,0.0
2026-04-17,154036.95523397348,1.1404,1.5088,-0.36,0.0
2026-04-20,151691.43757861073,-1.5227,-1.0499,-0.48,0.0
2026-04-21,149109.84582657838,-1.7019,-2.2511,0.56,0.0
2026-04-22,150997.18963359605,1.2657,0.7258,0.54,0.0
2026-04-23,150407.8901210142,-0.3903,-0.579,0.19,0.0
2026-04-24,151460.47484881672,0.6998,0.3656,0.33,0.0
2026-04-27,150175.15773494964,-0.8486,-0.9932,0.15,0.0
2026-04-28,147493.1029486055,-1.786,-1.7945,0.01,0.0
2026-04-29,146605.27293480228,-0.6019,-1.0084,0.41,0.0
2026-04-30,149273.35085085657,1.8199,1.5291,0.29,0.0
2026-05-01,149516.50646143797,0.1629,0.3294,-0.17,0.0
2026-05-04,146172.92408417104,-2.2363,-2.3845,0.15,0.0
2026-05-05,147900.30653783292,1.1817,0.8032,0.38,0.0
2026-05-06,151872.13929144232,2.6855,2.7679,-0.08,0.0
2026-05-07,151531.81732955616,-0.2241,0.3823,-0.6,0.0
2026-05-08,151624.91516055225,0.0614,0.4383,-0.38,0.0
2026-05-11,151847.4015584743,0.1467,-0.036,0.18,0.0
2026-05-12,152064.88245072236,0.1432,-0.871,1.02,0.0
2026-05-13,153105.11313942884,0.6841,0.4297,0.25,0.0
2026-05-14,152566.43370645176,-0.3518,-0.4172,0.07,0.0
2026-05-15,148599.75625851215,-2.6,-2.6143,0.01,0.0
2026-05-18,148896.12816737895,0.1994,-0.0724,0.27,0.0
2026-05-19,147845.65693874197,-0.7055,-1.0148,0.31,0.0
2026-05-20,149122.35699039215,0.8635,0.5548,0.31,0.0
2026-05-21,149344.05920277533,0.1487,0.1876,-0.04,0.0
2026-05-22,148179.56777491045,-0.7797,-0.4141,-0.37,0.0
2026-05-26,146091.6724062611,-1.409,-0.4557,-0.96,0.0
2026-05-27,145362.97554782525,-0.4988,-1.1754,0.68,0.0
2026-05-28,147276.65681341852,1.3165,1.1647,0.15,0.0
2026-05-29,149278.85839925974,1.3595,1.3602,0.0,0.0
2026-06-01,144892.6593429013,-2.9383,-1.8704,-1.09,0.0
2026-06-02,146181.67838217996,0.8896,0.3106,0.58,0.0
2026-06-03,144039.28022401241,-1.4656,-1.1673,-0.3,0.0
2026-06-04,146683.75613205813,1.8359,0.8813,0.95,0.0
2026-06-05,141585.10765107148,-3.4759,-3.0989,-0.39,0.0
2026-06-08,140304.6943429153,-0.9043,-0.0277,-0.88,0.0
2026-06-09,138920.08693100914,-0.9869,-1.7505,0.78,0.0
2026-06-10,133510.61688984348,-3.8939,-3.5634,-0.34,0.0
2026-06-11,133325.0561438182,-0.139,-0.4357,0.3,0.0
2026-06-12,137555.7595384114,3.1732,3.0487,0.12,0.0
2026-06-15,140285.05237278927,1.9841,2.6809,-0.68,0.0
2026-06-16,139835.0104805013,-0.3208,0.067,-0.39,0.0
2026-06-17,140957.29376552982,0.8026,0.6465,0.16,0.0
2026-06-18,136555.40596180514,-3.1229,-3.0925,-0.03,0.0
2026-06-22,134437.81630358438,-1.5507,-0.999,-0.56,0.0
2026-06-23,133287.32688300827,-0.8558,-1.2435,0.39,0.0
2026-06-24,129438.87874296652,-2.8873,-3.3802,0.51,0.0
2026-06-25,129722.32121850812,0.219,1.0074,-0.78,0.0
2026-06-26,131217.6294422984,1.1527,1.1959,-0.04,0.0
2026-06-29,129348.1948321835,-1.4247,-1.3828,-0.04,0.0
2026-06-30,129957.28495205677,0.4709,0.0149,0.46,0.0
2026-07-01,142774.32964560238,9.8625,1.1285,0.13,9.0
2026-07-02,145092.07079464872,1.6234,1.0914,0.53,0.0
2026-07-06,146276.4861871963,0.8163,1.031,-0.21,0.0
2026-07-07,146527.22269352962,0.1714,-0.2359,0.41,0.0
2026-07-08,143882.14595653125,-1.8052,-1.7948,-0.01,0.0
2026-07-09,146402.10264387837,1.7514,1.4665,0.28,0.0
2026-07-10,144747.2335604816,-1.1304,-0.6416,-0.49,0.0
2026-07-13,140873.5720167964,-2.6762,-2.6096,-0.07,0.0
2026-07-14,144595.10281147424,2.6418,1.6037,1.02,0.0
2026-07-15,144175.25454104232,-0.2904,-0.4211,0.13,0.0
2026-07-16,142201.2109777947,-1.3692,-1.4441,0.08,0.0
2026-07-17,143395.98899706473,0.8402,0.6799,0.16,0.0
2026-07-20,142765.4663011887,-0.4397,-0.0598,-0.38,0.0
2026-07-21,145238.2041555537,1.732,1.5161,0.21,0.0
2026-07-22,147714.39321565867,1.7049,1.8619,-0.15,0.0
2026-07-23,144465.14325858964,-2.1997,-2.4187,0.22,0.0
2026-07-24,145695.80908013554,0.8519,0.519,0.33,0.0
2026-07-27,145476.54708391838,-0.1505,0.1696,-0.32,0.0
2026-07-28,142928.91829492457,-1.7512,-0.9375,-0.82,0.0
2026-07-29,142610.60253951617,-0.2227,-0.0396,-0.18,0.0
2026-07-30,145119.1558538881,1.759,1.6209,0.14,0.0
2026-07-31,143248.48625598566,-1.2891,-1.2439,-0.05,0.0
2026-08-03,142282.19373961954,-0.6746,-0.3803,-0.3,0.0
2026-08-04,144351.65240401126,1.4545,1.5296,-0.07,0.0
2026-08-05,149284.87687029352,3.4175,3.6724,-0.25,0.0
2026-08-06,149120.066099366,-0.1104,-0.0895,-0.02,0.0
2026-08-07,152966.20213124374,2.5792,2.3267,0.25,0.0
2026-08-10,153545.90037649445,0.379,0.4861,-0.11,0.0
2026-08-11,154594.26959160715,0.6828,0.486,0.2,0.0
2026-08-12,155480.40792382613,0.5732,0.5909,-0.02,0.0
2026-08-13,153825.4707281311,-1.0644,-1.0275,-0.04,0.0
2026-08-14,154509.85095484648,0.4449,0.385,0.06,0.0
2026-08-17,155909.2626209284,0.9057,0.8538,0.05,0.0
2026-08-18,154474.73879446258,-0.9201,-1.1725,0.26,0.0
2026-08-19,159043.7893490499,2.9578,2.8264,0.13,0.0
2026-08-20,159461.7526910926,0.2628,0.5992,-0.33,0.0
2026-08-21,163740.18469232396,2.683,2.3869,0.29,0.0
2026-08-24,164208.15500395713,0.2858,0.3611,-0.08,0.0
2026-08-25,164151.72271140802,-0.0344,-0.0582,0.02,0.0
2026-08-26,159038.44669321764,-3.115,-0.8603,-2.27,0.0
2026-08-27,162647.55479024528,2.2693,0.2501,2.01,0.0
2026-08-28,158070.60238771496,-2.814,-2.8549,0.04,0.0
2026-08-31,156263.96306518026,-1.1429,-1.0496,-0.09,0.0
2026-09-01,152905.95487181013,-2.1489,-1.8754,-0.28,0.0
2026-09-02,157073.64139884652,2.7257,2.8979,-0.17,0.0
2026-09-03,157092.10576311292,0.0118,0.0067,0.01,0.0
