date,gold_usd_oz,usdinr_rate,duty_pct,gold_inr_per_10g_global,gold_inr_per_10g_landed
2013-01-02,1687.9000244140625,54.678001403808594,6.0,29672.223352484663,31452.556753633744
2013-01-03,1673.699951171875,54.347999572753906,6.0,29245.018802130726,30999.719930258572
2013-01-04,1648.0999755859375,54.49800109863281,6.0,28877.185615811446,30609.816752760133
2013-01-07,1645.5,54.880001068115234,6.0,29033.723457997854,30775.746865477726
2013-01-08,1661.5,55.21799850463867,6.0,29496.585437477184,31266.380563725816
2013-01-09,1654.800048828125,54.987998962402344,6.0,29255.27460509084,31010.59108139629
2013-01-10,1677.300048828125,54.74800109863281,6.0,29523.630754088466,31295.048599333775
2013-01-11,1660.0,54.55799865722656,6.0,29117.712723968714,30864.775487406838
2013-01-14,1668.9000244140625,54.86800003051758,6.0,29440.16158647148,31206.57128165977
2013-01-15,1683.4000244140625,54.49300003051758,6.0,29492.988757460993,31262.568082908652
2013-01-16,1682.699951171875,54.612998962402344,6.0,29545.642994320282,31318.3815739795
2013-01-17,1690.4000244140625,54.6879997253418,6.0,29721.605629872527,31504.90196766488
2013-01-18,1686.5999755859375,54.347999572753906,6.0,29470.424470735215,31238.64993897933
2013-01-22,1692.800048828125,53.768001556396484,6.0,29263.09761282771,31018.883469597375
2013-01-23,1686.300048828125,53.80799865722656,6.0,29172.41814041019,30922.763228834803
2013-01-24,1669.5,53.667999267578125,6.0,28806.637445053348,30535.03569175655
2013-01-25,1656.4000244140625,53.678001403808594,6.0,28585.92854044292,30301.0842528695
2013-01-28,1652.4000244140625,53.792999267578125,6.0,28577.990677271606,30292.670117907903
2013-01-29,1660.699951171875,53.90800094604492,6.0,28782.939070802382,30509.915415050527
2013-01-30,1679.9000244140625,53.757999420166016,6.0,29034.695303868713,30776.77702210084
2013-01-31,1660.5999755859375,53.303001403808594,6.0,28458.200147836014,30165.692156706176
2013-02-01,1669.4000244140625,53.2130012512207,6.0,28560.70396834227,30274.346206442806
2013-02-04,1675.300048828125,53.16299819946289,6.0,28634.711038760815,30352.793701086466
2013-02-05,1672.4000244140625,53.28300094604492,6.0,28649.66710595915,30368.6471323167
2013-02-06,1677.699951171875,53.132999420166016,6.0,28659.549739684535,30379.122724065608
2013-02-07,1670.4000244140625,53.15299987792969,6.0,28545.58885455798,30258.32418583146
2013-02-08,1666.0,53.21799850463867,6.0,28505.211795691168,30215.52450343264
2013-02-11,1648.199951171875,53.5880012512207,6.0,28396.720962483432,30100.52422023244
2013-02-12,1648.699951171875,53.95800018310547,6.0,28601.460371732446,30317.547994036395
2013-02-13,1644.199951171875,53.847999572753906,6.0,28465.246119640917,30173.160886819373
2013-02-14,1634.699951171875,53.81800079345703,6.0,28285.01077667534,29982.11142327586
2013-02-15,1608.800048828125,53.917999267578125,6.0,27888.591269276607,29561.906745433203
2013-02-19,1603.5999755859375,54.178001403808594,6.0,27932.49689856201,29608.446712475732
2013-02-20,1577.5999755859375,54.16299819946289,6.0,27472.003034106718,29120.323216153123
2013-02-21,1578.199951171875,54.06800079345703,6.0,27434.24894696571,29080.303883783654
2013-02-22,1572.4000244140625,54.46799850463867,6.0,27535.64138392109,29187.779866956356
2013-02-25,1586.199951171875,54.27299880981445,6.0,27677.858781834493,29338.530308744565
2013-02-26,1615.199951171875,53.862998962402344,6.0,27970.97217163439,29649.230501932452
2013-02-27,1595.199951171875,54.0880012512207,6.0,27740.021848001536,29404.42315888163
2013-02-28,1577.699951171875,53.858001708984375,6.0,27319.036978629225,28958.17919734698
2013-03-01,1571.9000244140625,54.362998962402344,6.0,27473.821080014113,29122.250344814962
2013-03-04,1572.0999755859375,54.89799880981445,6.0,27747.726972407007,29412.590590751428
2013-03-05,1574.5999755859375,54.858001708984375,6.0,27771.6038875561,29437.900120809467
2013-03-06,1574.5999755859375,54.917999267578125,6.0,27801.977367806532,29470.096009874924
2013-03-07,1574.800048828125,54.7130012512207,6.0,27701.717505089662,29363.820555395043
2013-03-08,1576.5999755859375,54.55799865722656,6.0,27654.81034320929,29314.09896380185
2013-03-11,1577.800048828125,54.34299850463867,6.0,27566.796564401313,29220.80435826539
2013-03-12,1591.5,54.40800094604492,6.0,27839.4179129778,29509.78298775647
2013-03-13,1588.300048828125,54.141998291015625,6.0,27647.608317158,29306.46481618748
2013-03-14,1590.5999755859375,54.362998962402344,6.0,27800.66064024162,29468.700278656117
2013-03-15,1592.5,54.35300064086914,6.0,27828.750308030965,29498.475326512824
2013-03-18,1604.5999755859375,54.02299880981445,6.0,27869.95115382751,29542.148223057164
2013-03-19,1611.300048828125,54.073001861572266,6.0,28012.227093360776,29692.960718962426
2013-03-20,1607.5,54.36800003051758,6.0,28098.625572381567,29784.54310672446
2013-03-21,1613.800048828125,54.349998474121094,6.0,28199.408488223235,29891.37299751663
2013-03-22,1606.199951171875,54.27799987792969,6.0,28029.42458361204,29711.190058628763
2013-03-25,1604.5999755859375,54.34299850463867,6.0,28035.035952162892,29717.138109292668
2013-03-26,1595.800048828125,54.167999267578125,6.0,27791.501238163877,29458.991312453712
2013-03-27,1606.199951171875,54.362998962402344,6.0,28073.31852652188,29757.717638113198
2013-03-28,1594.800048828125,54.38800048828125,6.0,27886.889203586423,29560.102555801608
2013-04-01,1600.0,54.27799987792969,6.0,27921.23066686627,29596.50450687825
2013-04-02,1575.0999755859375,54.25,6.0,27472.526781724602,29120.87838862808
2013-04-03,1552.800048828125,54.42300033569336,6.0,27169.944726039743,28800.14140960213
2013-04-04,1551.800048828125,54.428001403808594,6.0,27154.942445720717,28784.23899246396
2013-04-05,1575.4000244140625,54.882999420166016,6.0,27798.375946901964,29466.278503716083
2013-04-08,1572.0,54.803001403808594,6.0,27697.949814904146,29359.826803798398
2013-04-09,1586.199951171875,54.55799865722656,6.0,27823.201506624013,29492.593597021456
2013-04-10,1558.300048828125,54.577999114990234,6.0,27343.83548019697,28984.46560900879
2013-04-11,1564.300048828125,54.51300048828125,6.0,27416.428802413222,29061.414530558017
2013-04-12,1501.0,54.29800033569336,6.0,26203.25638718335,27775.451770414355
2013-04-15,1360.5999755859375,54.51300048828125,6.0,23846.315409349965,25277.094333910965
2013-04-16,1386.800048828125,54.542999267578125,6.0,24318.88181314313,25778.01472193172
2013-04-17,1382.199951171875,54.14799880981445,6.0,24062.681470246203,25506.442358460976
2013-04-18,1392.0,54.20800018310547,6.0,24260.143152662182,25715.751741821914
2013-04-19,1395.300048828125,54.02299880981445,6.0,24234.665834126656,25688.745784174258
2013-04-22,1421.0,53.93299865722656,6.0,24639.925118368978,26118.32062547112
2013-04-23,1408.5999755859375,54.13800048828125,6.0,24517.750788838697,25988.815836169022
2013-04-24,1423.4000244140625,54.37799835205078,6.0,24885.187899077897,26378.299173022573
2013-04-25,1461.800048828125,54.27299880981445,6.0,25507.184821719595,27037.61591102277
2013-04-26,1453.5999755859375,54.21799850463867,6.0,25338.39641926509,26858.700204420995
2013-04-29,1467.4000244140625,54.37300109863281,6.0,25652.078749851185,27191.20347484226
2013-04-30,1472.199951171875,54.22800064086914,6.0,25667.355730266998,27207.39707408302
2013-05-01,1446.300048828125,53.79800033569336,6.0,25015.850470965903,26516.801499223857
2013-05-02,1467.699951171875,53.65800094604492,6.0,25319.93035140436,26839.126172488624
2013-05-03,1464.300048828125,53.80799865722656,6.0,25331.893536457486,26851.807148644937
2013-05-06,1468.0999755859375,53.779998779296875,6.0,25384.4149034345,26907.47979764057
2013-05-07,1449.0,54.17300033569336,6.0,25237.24901905563,26751.48396019897
2013-05-08,1473.9000244140625,54.12799835205078,6.0,25649.607951700607,27188.584428802646
2013-05-09,1468.800048828125,54.15800094604492,6.0,25575.02352917981,27109.524940930598
2013-05-10,1436.800048828125,54.24800109863281,6.0,25059.408306892732,26562.972805306297
2013-05-13,1434.5,54.803001403808594,6.0,25275.26018414758,26791.775795196438
2013-05-14,1424.699951171875,54.827999114990234,6.0,25114.037861326924,26620.88013300654
2013-05-15,1396.5,54.79800033569336,6.0,24603.471464239003,26079.679752093343
2013-05-16,1387.0999755859375,54.77799987792969,6.0,24428.942817793097,25894.679386860684
2013-05-17,1364.9000244140625,54.77799987792969,6.0,24037.967872020752,25480.245944341998
2013-05-20,1384.300048828125,54.88800048828125,6.0,24428.588987093375,25894.30432631898
2013-05-21,1377.800048828125,55.108001708984375,6.0,24411.33873855324,25876.019062866435
2013-05-22,1367.5999755859375,55.40800094604492,6.0,24362.525356013517,25824.27687737433
2013-05-23,1392.0,55.65299987792969,6.0,24906.835510498215,26401.24564112811
2013-05-24,1386.800048828125,55.70800018310547,6.0,24838.316386917184,26328.615370132215
2013-05-28,1379.0999755859375,55.564998626708984,6.0,24636.99848876397,26115.218398089808
2013-05-29,1391.300048828125,56.108001708984375,6.0,25097.83963777661,26603.71001604321
2013-05-30,1411.5,56.29800033569336,6.0,25548.451934293946,27081.359050351584
2013-05-31,1392.5999755859375,56.37799835205078,6.0,25242.17503774493,26756.70554000963
2013-06-03,1411.699951171875,56.573001861572266,6.0,25676.886512973768,27217.499703752193
2013-06-04,1397.0999755859375,56.667999267578125,6.0,25454.003695158848,26981.24391686838
2013-06-05,1398.4000244140625,56.4379997253418,6.0,25374.282699309988,26896.739661268588
2013-06-06,1415.699951171875,56.722999572753906,8.0,25817.913651347917,27883.346743455753
2013-06-07,1383.0,56.8380012512207,8.0,25272.70427136439,27294.520613073542
2013-06-10,1386.199951171875,56.8380012512207,8.0,25331.1796290286,27357.67399935089
2013-06-11,1377.0,56.8380012512207,8.0,25163.061302725066,27176.106206943074
2013-06-12,1391.800048828125,56.8380012512207,8.0,25433.51485097883,27468.19603905714
2013-06-13,1377.5999755859375,57.827999114990234,8.0,25612.50347034712,27661.503747974893
2013-06-14,1387.300048828125,57.99800109863281,8.0,25868.67386502064,27938.167774222293
2013-06-17,1382.800048828125,57.49800109863281,8.0,25562.47326722364,27607.47112860153
2013-06-18,1366.5999755859375,58.10300064086914,8.0,25528.818061401926,27571.12350631408
2013-06-19,1373.5999755859375,58.8380012512207,8.0,25984.174476249336,28062.908434349287
2013-06-20,1285.9000244140625,58.7130012512207,8.0,24273.490038859803,26215.36924196859
2013-06-21,1291.5999755859375,59.56800079345703,8.0,24736.13206569428,26715.022630949825
2013-06-24,1276.800048828125,59.268001556396484,8.0,24329.540817320372,26275.904082706005
2013-06-25,1274.800048828125,59.80799865722656,8.0,24512.75245825867,26473.772654919365
2013-06-26,1229.5999755859375,59.65800094604492,8.0,23584.31575442078,25471.061014774445
2013-06-27,1211.4000244140625,60.7130012512207,8.0,23646.127026855425,25537.81718900386
2013-06-28,1223.800048828125,60.1879997253418,8.0,23681.60400043097,25576.132320465447
2013-07-01,1255.9000244140625,59.5260009765625,8.0,24035.464201693172,25958.301337828627
2013-07-02,1243.5999755859375,59.37799835205078,8.0,23740.890028759524,25640.161231060287
2013-07-03,1252.0999755859375,59.54800033569336,8.0,23971.594761526212,25889.32234244831
2013-07-05,1212.9000244140625,60.17499923706055,8.0,23465.609350634793,25342.858098685578
2013-07-08,1234.9000244140625,60.222999572753906,8.0,23910.29422498493,25823.117762983726
2013-07-09,1245.9000244140625,60.6879997253418,8.0,24309.540836061526,26254.30410294645
2013-07-10,1247.4000244140625,60.095001220703125,8.0,24100.987345433212,26029.06633306787
2013-07-11,1280.0999755859375,59.88800048828125,8.0,24647.588844644313,26619.39595221586
2013-07-12,1277.800048828125,59.82699966430664,8.0,24578.244600219026,26544.50416823655
2013-07-15,1283.800048828125,59.88399887084961,8.0,24717.179955445565,26694.554351881212
2013-07-16,1290.800048828125,59.80799865722656,8.0,24820.411717993306,26806.044655432772
2013-07-17,1277.9000244140625,59.292999267578125,8.0,24360.77136387258,26309.63307298239
2013-07-18,1284.5999755859375,59.323001861572266,8.0,24500.884705277625,26460.95548169984
2013-07-19,1293.300048828125,59.737998962402344,8.0,24839.377232455972,26826.52741105245
2013-07-22,1336.4000244140625,59.33300018310547,8.0,25493.151218757284,27532.603316257868
2013-07-23,1335.0999755859375,59.71799850463867,8.0,25633.60983348631,27684.298620165217
2013-07-24,1319.699951171875,59.757999420166016,8.0,25354.90504828139,27383.297452143903
2013-07-25,1329.0,59.12699890136719,8.0,25263.96757275451,27285.084978574872
2013-07-26,1321.699951171875,58.95800018310547,8.0,25053.38176192451,27057.652302878472
2013-07-29,1328.4000244140625,59.060001373291016,8.0,25223.94819431072,27241.86404985558
2013-07-30,1324.0,59.4119987487793,8.0,25290.236257457775,27313.4551580544
2013-07-31,1312.4000244140625,60.80799865722656,8.0,25657.69734027181,27710.31312749356
2013-08-01,1311.0,60.630001068115234,10.0,25555.301300592884,28110.831430652175
2013-08-02,1310.5999755859375,60.43299865722656,10.0,25464.493245051563,28010.942569556722
2013-08-05,1302.5999755859375,61.097999572753906,10.0,25587.55534001603,28146.310874017636
2013-08-06,1283.199951171875,60.87699890136719,10.0,25115.296354984057,27626.825990482466
2013-08-07,1286.0999755859375,60.78300094604492,10.0,25133.189522963137,27646.508475259452
2013-08-08,1310.699951171875,61.202999114990234,10.0,25790.913547218162,28370.00490193998
2013-08-09,1312.9000244140625,60.7239990234375,10.0,25632.01562537676,28195.217187914437
2013-08-12,1334.699951171875,60.672000885009766,10.0,26035.30683644043,28638.83752008448
2013-08-13,1321.199951171875,61.369998931884766,10.0,26068.46161757493,28675.307779332423
2013-08-14,1334.0,61.45000076293945,10.0,26355.33011325453,28990.863124579988
2013-08-15,1361.5999755859375,61.290000915527344,10.0,26830.570112766767,29513.627124043447
2013-08-16,1371.699951171875,61.2599983215332,10.0,27016.360443820227,29717.996488202254
2013-08-19,1366.199951171875,62.4900016784668,10.0,27448.305573923102,30193.136131315416
2013-08-20,1373.0999755859375,63.849998474121094,10.0,28187.32018775309,31006.0522065284
2013-08-21,1370.5999755859375,63.36000061035156,10.0,27920.078219387797,30712.08604132658
2013-08-22,1371.199951171875,64.69000244140625,10.0,28518.632369014653,31370.49560591612
2013-08-23,1395.699951171875,64.41000366210938,10.0,28902.547612386497,31792.80237362515
2013-08-26,1393.0,64.06999969482422,10.0,28694.36223411839,31563.798457530233
2013-08-27,1420.5999755859375,64.29299926757812,10.0,29364.744543176228,32301.218997493852
2013-08-28,1419.0,66.86000061035156,10.0,30502.786138566036,33553.064752422644
2013-08-29,1412.9000244140625,67.3499984741211,10.0,30594.246463701118,33653.671110071235
2013-08-30,1396.0999755859375,67.38999938964844,10.0,30248.421078857533,33273.26318674329
2013-09-03,1412.0,66.51000213623047,10.0,30193.426147011567,33212.76876171272
2013-09-04,1389.9000244140625,68.61000061035156,10.0,30659.263916722066,33725.190308394274
2013-09-05,1373.0999755859375,66.2699966430664,10.0,29255.656364291684,32181.222000720856
2013-09-06,1386.699951171875,66.00800323486328,10.0,29428.615706508233,32371.477277159058
2013-09-09,1386.800048828125,65.23799896240234,10.0,29087.421076891264,31996.163184580393
2013-09-10,1364.0999755859375,64.05999755859375,10.0,28094.66494308131,30904.131437389442
2013-09-11,1363.9000244140625,63.619998931884766,10.0,27897.60576668872,30687.366343357597
2013-09-12,1330.4000244140625,63.15999984741211,10.0,27015.630182773402,29717.193201050744
2013-09-13,1308.4000244140625,63.619998931884766,10.0,26762.39270683385,29438.631977517238
2013-09-16,1317.9000244140625,63.290000915527344,10.0,26816.88355064206,29498.571905706267
2013-09-17,1309.5,63.290000915527344,10.0,26645.958235852253,29310.55405943748
2013-09-18,1307.800048828125,63.18000030517578,10.0,26565.115657102848,29221.627222813135
2013-09-19,1369.4000244140625,63.58000183105469,10.0,27992.494754510724,30791.744229961798
2013-09-20,1332.5,62.189998626708984,10.0,26642.716469236493,29306.988116160144
2013-09-23,1326.9000244140625,62.720001220703125,10.0,26756.85088527047,29432.53597379752
2013-09-24,1316.0,62.68000030517578,10.0,26520.128088996844,29172.14089789653
2013-09-25,1335.9000244140625,62.720001220703125,10.0,26938.33528766452,29632.168816430974
2013-09-26,1323.5999755859375,62.43000030517578,10.0,26566.89661284445,29223.5862741289
2013-09-27,1338.4000244140625,61.72999954223633,10.0,26562.744673239078,29219.01914056299
2013-09-30,1326.5,62.90999984741211,10.0,26829.814907515927,29512.79639826752
2013-10-01,1286.0,62.58000183105469,10.0,25874.220700157966,28461.642770173767
2013-10-02,1320.5999755859375,62.61000061035156,10.0,26583.106492023664,29241.417141226033
2013-10-03,1317.4000244140625,62.06999969482422,10.0,26289.973512094228,28918.970863303653
2013-10-04,1309.699951171875,61.959999084472656,10.0,26089.992372415727,28698.991609657303
2013-10-07,1324.800048828125,61.380001068115234,10.0,26143.755015387153,28758.13051692587
2013-10-09,1306.9000244140625,62.029998779296875,10.0,26063.628504530792,28669.991354983875
2013-10-10,1296.5999755859375,61.810001373291016,10.0,25766.50417849306,28343.15459634237
2013-10-11,1268.0,61.61000061035156,10.0,25116.620564864334,27628.28262135077
2013-10-14,1276.4000244140625,60.9900016784668,10.0,25028.578658803264,27531.43652468359
2013-10-15,1273.0,61.380001068115234,10.0,25121.52695346527,27633.679648811798
2013-10-16,1282.0,61.83000183105469,10.0,25484.611811343453,28033.072992477802
2013-10-17,1322.699951171875,61.45000076293945,10.0,26132.07935076493,28745.287285841423
2013-10-18,1314.4000244140625,61.099998474121094,10.0,25820.19370362948,28402.213073992432
2013-10-21,1315.699951171875,61.2400016784668,10.0,25904.951924421468,28495.447116863616
2013-10-22,1342.5,60.619998931884766,10.0,26165.01312265671,28781.514434922385
2013-10-23,1333.9000244140625,61.189998626708984,10.0,26241.850808450356,28866.035889295392
2013-10-24,1350.199951171875,61.52000045776367,10.0,26705.773181206692,29376.350499327364
2013-10-25,1352.4000244140625,61.45000076293945,10.0,26718.85239025945,29390.7376292854
2013-10-28,1352.0,61.439998626708984,10.0,26706.601553944267,29377.261709338694
2013-10-29,1345.199951171875,61.5099983215332,10.0,26602.55171884469,29262.80689072916
2013-10-30,1349.0,61.45000076293945,10.0,26651.67940238408,29316.847342622492
2013-10-31,1323.5999755859375,61.31999969482422,10.0,26094.53923159742,28703.993154757165
2013-11-01,1313.0999755859375,62.220001220703125,10.0,26267.48825176018,28894.2370769362
2013-11-04,1314.5999755859375,62.20000076293945,10.0,26289.0412604387,28917.94538648257
2013-11-05,1308.0,61.97999954223633,10.0,26064.539168018106,28670.99308481992
2013-11-06,1317.699951171875,62.15999984741211,10.0,26334.087406169303,28967.496146786234
2013-11-07,1308.4000244140625,62.470001220703125,10.0,26278.6345981367,28906.498057950375
2013-11-08,1284.5,62.849998474121094,10.0,25955.542958190734,28551.09725400981
2013-11-11,1281.0,63.34000015258789,10.0,26086.62696978317,28695.28966676149
2013-11-12,1271.0999755859375,63.47999954223633,10.0,25942.233468365914,28536.456815202506
2013-11-13,1268.300048828125,63.959999084472656,10.0,26080.817259113443,28688.89898502479
2013-11-14,1286.199951171875,63.369998931884766,10.0,26204.925340219575,28825.417874241535
2013-11-15,1287.300048828125,63.040000915527344,10.0,26090.760286361146,28699.836314997265
2013-11-18,1272.199951171875,62.709999084472656,10.0,25649.73645192806,28214.710097120867
2013-11-19,1273.4000244140625,62.20000076293945,10.0,25465.13494946929,28011.648444416223
2013-11-20,1257.9000244140625,62.11000061035156,10.0,25118.771612236138,27630.648773459754
2013-11-21,1243.5,62.7599983215332,10.0,25091.08554112127,27600.194095233397
2013-11-22,1244.0,62.9900016784668,10.0,25193.16542768907,27712.48197045798
2013-11-25,1241.0999755859375,62.2400016784668,10.0,24835.167927601025,27318.68472036113
2013-11-26,1241.4000244140625,62.50299835205078,10.0,24946.139077656197,27440.75298542182
2013-11-27,1237.800048828125,62.459999084472656,10.0,24856.684912169017,27342.35340338592
2013-11-29,1250.5999755859375,62.41299819946289,10.0,25094.82663510327,27604.3092986136
2013-12-02,1222.300048828125,62.459999084472656,10.0,24545.42412614515,26999.966538759665
2013-12-03,1221.699951171875,62.31800079345703,10.0,24477.598510294767,26925.358361324244
2013-12-04,1248.199951171875,62.362998962402344,10.0,25026.602234411657,27529.262457852827
2013-12-05,1233.199951171875,61.70000076293945,10.0,24462.982599437873,26909.280859381663
2013-12-06,1230.300048828125,61.58000183105469,10.0,24357.991627817646,26793.790790599414
2013-12-09,1235.300048828125,61.150001525878906,10.0,24286.205690921644,26714.82626001381
2013-12-10,1262.4000244140625,60.869998931884766,10.0,24705.350889030266,27175.885977933296
2013-12-11,1258.5,60.97999954223633,10.0,24673.534947483215,27140.88844223154
2013-12-12,1226.0,61.59000015258789,10.0,24276.79849118998,26704.47834030898
2013-12-13,1235.699951171875,62.15999984741211,10.0,24695.32649904059,27164.85914894465
2013-12-16,1245.5,62.1879997253418,10.0,24902.39158226991,27392.6307404969
2013-12-17,1231.199951171875,61.779998779296875,10.0,24454.97499653377,26900.472496187147
2013-12-18,1236.0999755859375,61.709999084472656,10.0,24524.48385606921,26976.932241676135
2013-12-19,1195.0,62.029998779296875,10.0,23831.995930123543,26215.1955231359
2013-12-20,1205.0999755859375,62.459999084472656,10.0,24200.023589562486,26620.025948518738
2013-12-23,1198.4000244140625,62.02000045776367,10.0,23895.950636662805,26285.545700329087
2013-12-24,1205.0999755859375,61.84000015258789,10.0,23959.80602636939,26355.786629006332
2013-12-26,1214.0999755859375,61.790000915527344,10.0,24119.227290496827,26531.150019546512
2013-12-27,1216.0999755859375,61.88999938964844,10.0,24198.057050417206,26617.86275545893
2013-12-30,1203.0999755859375,61.66999816894531,10.0,23854.2843382394,26239.71277206334
2013-12-31,1201.9000244140625,61.779998779296875,10.0,23872.998871875407,26260.29875906295
2014-01-02,1225.0,61.84000015258789,10.0,24355.458449023474,26791.004293925824
2014-01-03,1238.4000244140625,62.060001373291016,10.0,24709.47231527653,27180.419546804183
2014-01-06,1237.800048828125,62.22999954223633,10.0,24765.1539125675,27241.669303824252
2014-01-07,1229.4000244140625,62.310001373291016,10.0,24628.71291319763,27091.584204517396
2014-01-08,1225.300048828125,62.08000183105469,10.0,24455.97095980883,26901.568055789714
2014-01-09,1229.300048828125,62.119998931884766,10.0,24551.61564459595,27006.777209055548
2014-01-10,1246.699951171875,61.779998779296875,10.0,24762.84709487611,27239.131804363722
2014-01-13,1250.9000244140625,61.439998626708984,10.0,24709.532940714143,27180.48623478556
2014-01-14,1245.199951171875,61.470001220703125,10.0,24608.94835582961,27069.843191412572
2014-01-15,1238.0999755859375,61.470001220703125,10.0,24468.631186400275,26915.494305040305
2014-01-16,1240.0,61.540000915527344,10.0,24534.088168615723,26987.496985477297
2014-01-17,1251.699951171875,61.41999816894531,10.0,24717.285420947963,27189.013963042762
2014-01-21,1242.300048828125,61.61800003051758,10.0,24610.74941617612,27071.824357793736
2014-01-22,1239.0,61.970001220703125,10.0,24685.592139936398,27154.15135393004
2014-01-23,1262.5999755859375,61.869998931884766,10.0,25115.198977896278,27626.718875685907
2014-01-24,1264.5,62.130001068115234,10.0,25258.696400929708,27784.56604102268
2014-01-27,1263.5999755859375,62.72999954223633,10.0,25484.47148715601,28032.918635871614
2014-01-28,1251.0,63.380001068115234,10.0,25491.78752751689,28040.96628026858
2014-01-29,1262.199951171875,62.380001068115234,10.0,25314.203964916025,27845.62436140763
2014-01-30,1242.199951171875,62.46799850463867,10.0,24948.2356301596,27443.059193175563
2014-01-31,1240.0999755859375,62.310001373291016,10.0,24843.066272856086,27327.372900141698
2014-02-03,1260.4000244140625,62.5,10.0,25326.732208876463,27859.405429764112
2014-02-04,1251.699951171875,62.869998931884766,10.0,25300.81006742521,27830.891074167732
2014-02-05,1257.300048828125,62.130001068115234,10.0,25114.87561741693,27626.363179158623
2014-02-06,1257.5999755859375,62.22999954223633,10.0,25161.29885865877,27677.428744524652
2014-02-07,1263.300048828125,62.22999954223633,10.0,25275.34247280253,27802.876720082786
2014-02-10,1274.800048828125,62.09000015258789,10.0,25448.047720114242,27992.85249212567
2014-02-11,1290.0999755859375,62.448001861572266,10.0,25901.961411739823,28492.157552913806
2014-02-12,1295.300048828125,62.029998779296875,10.0,25832.289114611467,28415.518026072616
2014-02-13,1300.4000244140625,61.68000030517578,10.0,25787.668237564896,28366.435061321386
2014-02-14,1319.0,62.150001525878906,10.0,26355.82876931351,28991.411646244862
2014-02-18,1324.699951171875,61.790000915527344,10.0,26316.398860484893,28948.038746533384
2014-02-19,1320.5999755859375,62.209999084472656,10.0,26413.272870305846,29054.600157336434
2014-02-20,1317.0999755859375,62.2599983215332,10.0,26364.442030405546,29000.8862334461
2014-02-21,1323.9000244140625,62.130001068115234,10.0,26445.226399255225,29089.74903918075
2014-02-24,1338.300048828125,62.0099983215332,10.0,26681.236446554194,29349.360091209615
2014-02-25,1343.0,62.06800079345703,10.0,26799.982338197566,29479.980572017324
2014-02-26,1328.199951171875,61.97800064086914,10.0,26466.210370193974,29112.831407213373
2014-02-27,1331.5999755859375,62.150001525878906,10.0,26607.597381171356,29268.357119288492
2014-02-28,1321.4000244140625,62.02000045776367,10.0,26348.555667062898,28983.41123376919
2014-03-03,1350.0999755859375,61.81999969482422,10.0,26834.01548980174,29517.417038781914
2014-03-04,1337.800048828125,62.16999816894531,10.0,26740.086030851668,29414.09463393684
2014-03-05,1340.199951171875,61.599998474121094,10.0,26542.45179713044,29196.696976843486
2014-03-06,1351.699951171875,61.74800109863281,10.0,26834.5266834867,29517.979351835373
2014-03-07,1338.0999755859375,60.79999923706055,10.0,26156.695386286345,28772.364924914982
2014-03-10,1341.4000244140625,61.22999954223633,10.0,26406.649695638385,29047.314665202226
2014-03-11,1346.5,60.810001373291016,10.0,26325.226051452843,28957.74865659813
2014-03-12,1370.300048828125,61.040000915527344,10.0,26891.866264251905,29581.052890677096
2014-03-13,1372.199951171875,60.77000045776367,10.0,26810.034774497446,29491.038251947193
2014-03-14,1379.0,61.459999084472656,10.0,27248.81082112553,29973.691903238087
2014-03-17,1372.9000244140625,60.97999954223633,10.0,26916.40582580924,29608.046408390168
2014-03-18,1359.0,61.040000915527344,10.0,26670.105050621845,29337.11555568403
2014-03-19,1341.4000244140625,61.108001708984375,10.0,26354.03571441356,28989.439285854918
2014-03-20,1330.5,60.95000076293945,10.0,26072.29926377769,28679.529190155463
2014-03-21,1336.0,61.33300018310547,10.0,26344.58766525597,28979.04643178157
2014-03-24,1311.199951171875,61.02000045776367,10.0,25723.607189135473,28295.967908049024
2014-03-25,1311.4000244140625,60.59000015258789,10.0,25546.23360051178,28100.85696056296
2014-03-26,1303.4000244140625,60.220001220703125,10.0,25235.3436305494,27758.877993604343
2014-03-27,1294.699951171875,60.15999984741211,10.0,25041.92417732553,27546.116595058087
2014-03-28,1293.800048828125,60.237998962402344,10.0,25056.963363886603,27562.659700275268
2014-03-31,1283.4000244140625,59.84000015258789,10.0,24691.323374144005,27160.455711558407
2014-04-01,1279.5999755859375,59.9900016784668,10.0,24679.9249869521,27147.917485647315
2014-04-02,1290.5,59.779998779296875,10.0,24803.02487651956,27283.32736417152
2014-04-03,1284.4000244140625,59.89799880981445,10.0,24734.512557647588,27207.96381341235
2014-04-04,1303.199951171875,60.38999938964844,10.0,25302.697206378514,27832.96692701637
2014-04-07,1298.0,59.66999816894531,10.0,24901.267581876964,27391.394340064664
2014-04-08,1308.699951171875,60.119998931884766,10.0,25295.879777713366,27825.467755484704
2014-04-09,1305.5,60.09000015258789,10.0,25221.43655833057,27743.58021416363
2014-04-10,1320.0999755859375,59.959999084472656,10.0,25448.32360587882,27993.155966466704
2014-04-11,1318.699951171875,60.29999923706055,10.0,25565.484929212416,28122.03342213366
2014-04-14,1327.199951171875,60.34000015258789,10.0,25747.342021388453,28322.0762235273
2014-04-15,1300.0,60.34000015258789,10.0,25219.669875854568,27741.636863440028
2014-04-16,1303.0999755859375,60.29999923706055,10.0,25263.04998911558,27789.354988027142
2014-04-17,1293.4000244140625,60.25,10.0,25054.206591202685,27559.627250322956
2014-04-21,1288.0,60.150001525878906,10.0,24908.194243519873,27399.013667871863
2014-04-22,1280.5999755859375,60.47999954223633,10.0,24900.95517778557,27391.05069556413
2014-04-23,1284.199951171875,60.757999420166016,10.0,25085.736296133236,27594.309925746562
2014-04-24,1290.5,61.0099983215332,10.0,25313.357928830712,27844.693721713786
2014-04-25,1300.699951171875,61.119998931884766,10.0,25559.43209810072,28115.375307910792
2014-04-28,1298.9000244140625,60.63800048828125,10.0,25322.77728057886,27855.055008636748
2014-04-29,1296.0,60.643001556396484,10.0,25268.323506065182,27795.155856671703
2014-04-30,1295.5999755859375,60.417999267578125,10.0,25166.80064173659,27683.480705910253
2014-05-01,1283.0999755859375,60.119998931884766,10.0,24801.057489262603,27281.163238188867
2014-05-02,1302.5999755859375,60.13999938964844,10.0,25186.349361549135,27704.98429770405
2014-05-05,1309.0,60.02000045776367,10.0,25259.594772039367,27785.554249243305
2014-05-06,1308.300048828125,60.11000061035156,10.0,25283.94448649881,27812.338935148695
2014-05-07,1288.5999755859375,59.97800064086914,10.0,24848.53799781932,27333.391797601253
2014-05-08,1287.4000244140625,59.88999938964844,10.0,24788.97444866063,27267.871893526695
2014-05-09,1287.300048828125,59.93000030517578,10.0,24803.604841616645,27283.96532577831
2014-05-12,1295.5999755859375,59.849998474121094,10.0,24930.20289095751,27423.22318005326
2014-05-13,1294.5999755859375,59.41999816894531,10.0,24731.98456084783,27205.183016932617
2014-05-14,1305.699951171875,59.310001373291016,10.0,24897.862265375254,27387.64849191278
2014-05-15,1293.5,59.400001525878906,10.0,24702.654676716244,27172.92014438787
2014-05-16,1293.300048828125,59.33000183105469,10.0,24669.729858400427,27136.702844240473
2014-05-19,1293.699951171875,58.560001373291016,10.0,24357.08872546547,26792.797598012017
2014-05-20,1294.5,58.36800003051758,10.0,24292.24236484801,26721.466601332813
2014-05-21,1288.0,58.58300018310547,10.0,24259.296939521228,26685.226633473354
2014-05-22,1294.9000244140625,58.6879997253418,10.0,24432.97129813609,26876.2684279497
2014-05-23,1291.5999755859375,58.27799987792969,10.0,24200.44793014653,26620.492723161184
2014-05-27,1265.4000244140625,58.650001525878906,10.0,23860.888119578816,26246.9769315367
2014-05-28,1259.300048828125,59.03799819946289,10.0,23902.954334817103,26293.249768298814
2014-05-29,1256.300048828125,58.83000183105469,10.0,23761.999187523168,26138.199106275486
2014-05-30,1245.5999755859375,58.900001525878906,10.0,23587.64784112606,25946.41262523867
2014-06-02,1243.699951171875,59.1879997253418,10.0,23666.826038345698,26033.50864218027
2014-06-03,1244.300048828125,59.15999984741211,10.0,23667.044126483113,26033.748539131426
2014-06-04,1244.0,59.29999923706055,10.0,23717.330541869345,26089.063596056283
2014-06-05,1253.0,59.2599983215332,10.0,23872.80463513145,26260.0850986446
2014-06-06,1252.0999755859375,59.16299819946289,10.0,23816.60861354457,26198.26947489903
2014-06-09,1253.5,59.167999267578125,10.0,23845.254418926866,26229.779860819555
2014-06-10,1259.800048828125,59.198001861572266,10.0,23977.251960626996,26374.977156689696
2014-06-11,1260.800048828125,59.119998931884766,10.0,23964.665564981115,26361.13212147923
2014-06-12,1273.5999755859375,59.33300018310547,10.0,24295.178222593455,26724.6960448528
2014-06-13,1273.699951171875,59.28799819946289,10.0,24278.65687518578,26706.522562704362
2014-06-16,1274.9000244140625,59.702999114990234,10.0,24471.636641951485,26918.800306146637
2014-06-17,1271.699951171875,60.09000015258789,10.0,24568.440934288417,27025.285027717262
2014-06-18,1272.4000244140625,60.323001861572266,10.0,24677.283598757083,27145.011958632793
2014-06-19,1313.699951171875,59.810001373291016,10.0,25261.593030907192,27787.752333997913
2014-06-20,1316.199951171875,60.15999984741211,10.0,25457.774482506415,28003.551930757058
2014-06-23,1318.0,60.167999267578125,10.0,25495.980527808115,28045.578580588928
2014-06-24,1320.9000244140625,60.15299987792969,10.0,25545.70997069025,28100.280967759278
2014-06-25,1322.199951171875,60.189998626708984,10.0,25586.578116697427,28145.235928367172
2014-06-26,1316.0999755859375,59.95000076293945,10.0,25366.982667700275,27903.680934470303
2014-06-27,1319.0,60.08000183105469,10.0,25478.008074705784,28025.808882176363
2014-06-30,1321.800048828125,60.03799819946289,10.0,25514.24404057194,28065.668444629137
2014-07-01,1326.4000244140625,59.970001220703125,10.0,25574.038639783943,28131.44250376234
2014-07-02,1330.699951171875,60.02799987792969,10.0,25681.758164356535,28249.93398079219
2014-07-03,1320.4000244140625,59.439998626708984,10.0,25233.35818730316,27756.694006033482
2014-07-07,1316.5,59.71799850463867,10.0,25276.49461679773,27804.144078477504
2014-07-08,1316.0,59.948001861572266,10.0,25364.209960238913,27900.63095626281
2014-07-09,1323.800048828125,59.74800109863281,10.0,25429.42330340733,27972.365633748064
2014-07-10,1338.699951171875,59.757999420166016,10.0,25719.94499201221,28291.939491213434
2014-07-11,1337.0,60.1879997253418,10.0,25872.122311888368,28459.334543077206
2014-07-14,1306.300048828125,60.0880012512207,10.0,25236.05348866013,27759.658837526145
2014-07-15,1296.9000244140625,60.060001373291016,10.0,25042.782081543795,27547.060289698176
2014-07-16,1299.5999755859375,60.16999816894531,10.0,25140.877441885073,27654.965186073583
2014-07-17,1316.699951171875,60.08000183105469,10.0,25433.579975679866,27976.937973247856
2014-07-18,1309.199951171875,60.599998474121094,10.0,25507.584369390916,28058.34280633001
2014-07-21,1313.699951171875,60.27799987792969,10.0,25459.25876392513,28005.184640317642
2014-07-22,1306.0999755859375,60.25,10.0,25300.214936921162,27830.23643061328
2014-07-23,1304.5,60.097999572753906,10.0,25205.472195301965,27726.019414832164
2014-07-24,1290.5999755859375,59.86000061035156,10.0,24838.142114647526,27321.956326112282
2014-07-25,1303.0999755859375,60.060001373291016,10.0,25162.50143013709,27678.751573150803
2014-07-28,1303.300048828125,60.053001403808594,10.0,25163.43165941428,27679.77482535571
2014-07-29,1298.300048828125,60.04999923706055,10.0,25065.64114701065,27572.20526171172
2014-07-30,1294.9000244140625,60.040000915527344,10.0,24995.83604781992,27495.419652601915
2014-07-31,1281.300048828125,60.25,10.0,24819.820258779408,27301.80228465735
2014-08-01,1293.5999755859375,60.77000045776367,10.0,25274.34890238092,27801.783792619015
2014-08-04,1287.699951171875,61.20800018310547,10.0,25340.408265022594,27874.449091524857
2014-08-05,1284.0,60.900001525878906,10.0,25140.451061529577,27654.496167682537
2014-08-06,1306.699951171875,60.84299850463867,10.0,25560.963613471737,28117.059974818912
2014-08-07,1310.800048828125,61.189998626708984,10.0,25787.404371753353,28366.14480892869
2014-08-08,1308.9000244140625,61.237998962402344,10.0,25770.22468113131,28347.247149244442
2014-08-11,1308.5,61.13800048828125,10.0,25720.280238209853,28292.30826203084
2014-08-12,1308.800048828125,61.119998931884766,10.0,25718.603239643682,28290.463563608053
2014-08-13,1312.800048828125,61.220001220703125,10.0,25839.413761086995,28423.355137195696
2014-08-14,1313.9000244140625,61.02000045776367,10.0,25776.57822791705,28354.236050708758
2014-08-15,1304.5,60.63999938964844,10.0,25432.790265981766,27976.069292579945
2014-08-18,1297.699951171875,60.77299880981445,10.0,25355.705174036568,27891.275691440227
2014-08-19,1295.0999755859375,60.81999969482422,10.0,25324.47477611959,27856.92225373155
2014-08-20,1293.4000244140625,60.7400016784668,10.0,25257.967641532032,27783.764405685237
2014-08-21,1273.699951171875,60.608001708984375,10.0,24819.20324637366,27301.12357101103
2014-08-22,1278.5999755859375,60.439998626708984,10.0,24845.622122437733,27330.184334681508
2014-08-25,1277.300048828125,60.4630012512207,10.0,24829.808365772078,27312.78920234929
2014-08-26,1283.800048828125,60.5099983215332,10.0,24975.561849879945,27473.11803486794
2014-08-27,1281.9000244140625,60.428001403808594,10.0,24904.80379212476,27395.284171337236
2014-08-28,1288.699951171875,60.448001861572266,10.0,25045.199751618173,27549.719726779993
2014-08-29,1285.800048828125,60.61000061035156,10.0,25055.811000132693,27561.392100145964
2014-09-02,1263.699951171875,60.52299880981445,10.0,24589.808426941654,27048.78926963582
2014-09-03,1268.9000244140625,60.678001403808594,10.0,24754.229415560705,27229.652357116778
2014-09-04,1265.0999755859375,60.38999938964844,10.0,24562.95489365474,27019.250383020215
2014-09-05,1265.800048828125,60.369998931884766,10.0,24568.407926996508,27025.24871969616
2014-09-08,1252.699951171875,60.38800048828125,10.0,24321.39317537804,26753.53249291585
2014-09-09,1246.800048828125,60.380001068115234,10.0,24203.638908794288,26624.00279967372
2014-09-10,1243.5,60.790000915527344,10.0,24303.491934495556,26733.841127945114
2014-09-11,1237.4000244140625,60.79999923706055,10.0,24188.249084609033,26607.07399306994
2014-09-12,1229.9000244140625,60.810001373291016,10.0,24045.596853611263,26450.15653897239
2014-09-15,1233.5999755859375,60.64799880981445,10.0,24053.682013639325,26459.05021500326
2014-09-16,1235.199951171875,60.970001220703125,10.0,24212.75500530862,26634.030505839484
2014-09-17,1234.4000244140625,61.053001403808594,10.0,24230.014764709154,26653.01624118007
2014-09-18,1225.699951171875,60.90800094604492,10.0,24002.10065926464,26402.310725191106
2014-09-19,1215.300048828125,60.689998626708984,10.0,23713.266447318878,26084.593092050767
2014-09-22,1216.800048828125,60.85300064086914,10.0,23806.302876251062,26186.93316387617
2014-09-23,1221.0,61.0,10.0,23946.17969038854,26340.797659427397
2014-09-24,1218.5999755859375,60.97999954223633,10.0,23891.27460041464,26280.402060456105
2014-09-25,1221.199951171875,60.810001373291016,10.0,23875.502984495197,26263.05328294472
2014-09-26,1214.0999755859375,61.4900016784668,10.0,24002.12501377845,26402.337515156294
2014-09-29,1217.5,61.13800048828125,10.0,23931.556125350016,26324.71173788502
2014-09-30,1210.5,61.553001403808594,10.0,23955.473885353837,26351.021273889222
2014-10-01,1214.5999755859375,61.81999969482422,10.0,24140.87485976053,26554.962345736585
2014-10-02,1214.199951171875,61.7130012512207,10.0,24091.15472725,26500.270199975002
2014-10-03,1192.199951171875,61.439998626708984,10.0,23550.0067075289,25905.007378281793
2014-10-06,1206.699951171875,61.53799819946289,10.0,23874.451242627616,26261.896366890378
2014-10-07,1211.699951171875,61.209999084472656,10.0,23845.597087750906,26230.156796526
2014-10-08,1205.300048828125,61.27000045776367,10.0,23742.901777433985,26117.191955177386
2014-10-09,1224.5999755859375,60.880001068115234,10.0,23969.536490004586,26366.490139005047
2014-10-10,1221.0,61.02000045776367,10.0,23954.031076544263,26349.43418419869
2014-10-13,1229.300048828125,61.27799987792969,10.0,24218.83332809131,26640.71666090044
2014-10-14,1233.5999755859375,61.00299835205078,10.0,24194.47884571152,26613.926730282674
2014-10-15,1244.0999755859375,61.393001556396484,10.0,24556.41060892192,27012.051669814115
2014-10-16,1240.5,61.37300109863281,10.0,24477.37645694343,26925.114102637777
2014-10-17,1238.300048828125,61.722999572753906,10.0,24573.309558332505,27030.640514165756
2014-10-20,1244.0,61.358001708984375,10.0,24540.438897865693,26994.482787652265
2014-10-21,1251.0,61.22800064086914,10.0,24626.241034522576,27088.865137974837
2014-10-22,1244.800048828125,61.143001556396484,10.0,24470.175807513773,26917.193388265154
2014-10-23,1228.5,61.099998474121094,10.0,24132.765806246167,26546.042386870784
2014-10-24,1231.199951171875,61.130001068115234,10.0,24197.68011001982,26617.448121021804
2014-10-27,1229.0999755859375,61.16299819946289,10.0,24169.447037703983,26586.391741474385
2014-10-28,1229.199951171875,61.29800033569336,10.0,24224.765386393126,26647.241925032442
2014-10-29,1224.300048828125,61.180999755859375,10.0,24082.145414005543,26490.3599554061
2014-10-30,1198.0999755859375,61.28300094604492,10.0,23606.077109421578,25966.68482036374
2014-10-31,1171.0999755859375,61.43299865722656,10.0,23130.574767357037,25443.632244092743
2014-11-03,1169.4000244140625,61.39799880981445,10.0,23083.839859556512,25392.223845512166
2014-11-04,1167.4000244140625,61.41299819946289,10.0,23049.98974308157,25354.98871738973
2014-11-05,1145.4000244140625,61.28799819946289,10.0,22569.574045992835,24826.53145059212
2014-11-06,1142.300048828125,61.369998931884766,10.0,22538.605872803364,24792.466460083702
2014-11-07,1169.5999755859375,61.49300003051758,10.0,23123.510644911155,25435.861709402274
2014-11-10,1159.5999755859375,61.51300048828125,10.0,22933.26277249464,25226.589049744107
2014-11-11,1162.800048828125,61.529998779296875,10.0,23002.90500585493,25303.195506440425
2014-11-12,1158.9000244140625,61.4900016784668,10.0,22910.850690885563,25201.935759974123
2014-11-13,1161.0999755859375,61.36800003051758,10.0,22908.799118167335,25199.679029984072
2014-11-14,1185.0,61.59299850463867,10.0,23466.073987813856,25812.681386595243
2014-11-17,1183.0,61.70800018310547,10.0,23470.208888586098,25817.22977744471
2014-11-18,1196.699951171875,61.823001861572266,10.0,23786.256629974847,26164.882292972332
2014-11-19,1193.5999755859375,61.71799850463867,10.0,23684.344690581333,26052.779159639467
2014-11-20,1190.699951171875,61.9379997253418,10.0,23711.020704630697,26082.12277509377
2014-11-21,1197.5,61.92300033569336,10.0,23840.658736795795,26224.724610475376
2014-11-24,1195.5,61.7599983215332,10.0,23738.18959068688,26112.00854975557
2014-11-25,1197.0999755859375,61.85300064086914,10.0,23805.753550919166,26186.328906011084
2014-11-26,1196.5999755859375,61.84000015258789,10.0,23790.808967743516,26169.88986451787
2014-11-28,1175.199951171875,61.85300064086914,10.0,23370.245577823516,25707.27013560587
2014-12-01,1218.0,62.202999114990234,10.0,24358.43327022943,26794.276597252374
2014-12-02,1199.199951171875,61.948001861572266,10.0,23884.141915730605,26272.556107303666
2014-12-03,1208.5,61.78799819946289,10.0,24007.20041926179,26407.920461187972
2014-12-04,1207.5,61.85599899291992,10.0,24013.734397720775,26415.107837492855
2014-12-05,1190.0999755859375,61.78300094604492,10.0,23639.766559234176,26003.743215157596
2014-12-08,1194.699951171875,61.9109992980957,10.0,23780.303772384756,26158.33414962323
2014-12-09,1231.5,61.81800079345703,10.0,24475.98115232766,26923.579267560428
2014-12-10,1228.9000244140625,61.87300109863281,10.0,24446.03744295053,26890.641187245583
2014-12-11,1225.0999755859375,62.00299835205078,10.0,24421.647649734703,26863.812414708176
2014-12-12,1222.0,62.472999572753906,10.0,24544.50639892786,26998.95703882065
2014-12-15,1207.199951171875,62.518001556396484,10.0,24264.70603830599,26691.17664213659
2014-12-16,1193.9000244140625,63.167999267578125,10.0,24246.877640056267,26671.565404061897
2014-12-17,1194.300048828125,63.65299987792969,10.0,24441.23036387161,26885.353400258773
2014-12-18,1194.699951171875,63.518001556396484,10.0,24397.560839764643,26837.31692374111
2014-12-19,1195.9000244140625,62.983001708984375,10.0,24216.365772805424,26638.002350085968
2014-12-22,1179.699951171875,63.2400016784668,10.0,23985.798026651846,26384.377829317033
2014-12-23,1177.9000244140625,63.222999572753906,10.0,23942.762949596377,26337.039244556017
2014-12-24,1173.5,63.43299865722656,10.0,23932.55547583242,26325.811023415667
2014-12-26,1195.300048828125,63.51300048828125,10.0,24407.89383344746,26848.683216792208
2014-12-29,1181.699951171875,63.59000015258789,10.0,24159.435457531352,26575.379003284488
2014-12-30,1200.199951171875,63.66299819946289,10.0,24565.829353754572,27022.412289130032
2014-12-31,1183.9000244140625,63.37799835205078,10.0,24123.72041612916,26536.092457742077
2015-01-02,1186.0,63.02799987792969,10.0,24033.053468331414,26436.358815164556
2015-01-05,1203.9000244140625,63.27799987792969,10.0,24492.54443966518,26941.7988836317
2015-01-06,1219.300048828125,63.3380012512207,10.0,24829.369047949345,27312.305952744282
2015-01-07,1210.5999755859375,63.56800079345703,10.0,24741.723667306233,27215.896034036858
2015-01-08,1208.4000244140625,63.27299880981445,10.0,24582.150981892948,27040.366080082244
2015-01-09,1216.0,62.667999267578125,10.0,24500.228948309676,26950.251843140646
2015-01-12,1232.699951171875,62.347999572753906,10.0,24709.88024788137,27180.86827266951
2015-01-13,1234.300048828125,62.06800079345703,10.0,24630.841033976278,27093.925137373906
2015-01-14,1234.4000244140625,61.972999572753906,10.0,24595.133083292912,27054.646391622206
2015-01-15,1264.699951171875,62.0880012512207,10.0,25245.612921625587,27770.17421378815
2015-01-16,1276.9000244140625,62.05799865722656,10.0,25476.830581928225,28024.51364012105
2015-01-20,1294.199951171875,61.63800048828125,10.0,25647.24137870838,28211.965516579217
2015-01-21,1293.699951171875,61.64799880981445,10.0,25641.49148812859,28205.640636941454
2015-01-22,1300.699951171875,61.553001403808594,10.0,25740.506991308437,28314.557690439284
2015-01-23,1292.5999755859375,61.597999572753906,10.0,25598.91097268291,28158.8020699512
2015-01-26,1279.4000244140625,61.43299865722656,10.0,25269.62559901128,27796.58815891241
2015-01-27,1291.699951171875,61.472999572753906,10.0,25529.17534892051,28082.092883812566
2015-01-28,1285.9000244140625,61.40299987792969,10.0,25385.605813534316,27924.16639488775
2015-01-29,1254.5999755859375,61.35100173950195,10.0,24746.72152154965,27221.393673704617
2015-01-30,1278.5,61.79600143432617,10.0,25401.060277391938,27941.166305131133
2015-02-02,1276.199951171875,62.01300048828125,10.0,25444.399567626147,27988.839524388764
2015-02-03,1259.699951171875,61.72800064086914,10.0,25000.003019994638,27500.003321994103
2015-02-04,1263.800048828125,61.61399841308594,10.0,25035.05206904497,27538.557275949468
2015-02-05,1262.0,61.86000061035156,10.0,25099.207732333554,27609.12850556691
2015-02-06,1233.9000244140625,61.733001708984375,10.0,24489.961681440735,26938.95784958481
2015-02-09,1240.800048828125,61.9630012512207,10.0,24718.663487405538,27190.529836146095
2015-02-10,1231.5999755859375,62.130001068115234,10.0,24601.51037621007,27061.66141383108
2015-02-11,1219.0,62.34199905395508,10.0,24432.908465854725,26876.1993124402
2015-02-12,1220.0999755859375,62.38199996948242,10.0,24470.646917474707,26917.71160922218
2015-02-13,1226.5,62.16999816894531,10.0,24515.40911929893,26966.950031228826
2015-02-17,1208.0999755859375,62.18600082397461,10.0,24153.843161454763,26569.22747760024
2015-02-18,1199.699951171875,62.11199951171875,10.0,23957.35617579903,26353.09179337893
2015-02-19,1207.0999755859375,62.07400131225586,10.0,24090.383869514844,26499.422256466332
2015-02-20,1204.4000244140625,62.165000915527344,10.0,24071.73746374567,26478.91121012024
2015-02-23,1200.300048828125,62.10100173950195,10.0,23965.09570312012,26361.605273432135
2015-02-24,1196.9000244140625,62.17100143432617,10.0,23924.14780799322,26316.562588792545
2015-02-25,1201.0,62.233001708984375,10.0,24030.040044525613,26433.044048978176
2015-02-26,1209.5999755859375,61.87699890136719,10.0,24063.663690718033,26470.03005978984
2015-02-27,1212.5999755859375,61.75400161743164,10.0,24075.393718916377,26482.933090808016
2015-03-02,1207.699951171875,61.6510009765625,10.0,23938.113353510616,26331.92468886168
2015-03-03,1204.0,61.9010009765625,10.0,23961.549399836433,26357.704339820077
2015-03-04,1200.5999755859375,61.8129997253418,10.0,23859.914788091028,26245.906266900132
2015-03-05,1195.9000244140625,62.30500030517578,10.0,23955.680674547202,26351.248742001924
2015-03-06,1164.0999755859375,62.44300079345703,10.0,23370.326715378014,25707.359386915818
2015-03-09,1166.4000244140625,62.452999114990234,10.0,23420.251641280254,25762.27680540828
2015-03-10,1160.0999755859375,62.67300033569336,10.0,23375.808561523725,25713.3894176761
2015-03-11,1150.699951171875,62.7130012512207,10.0,23201.198410989567,25521.318252088528
2015-03-12,1152.0999755859375,62.755001068115234,10.0,23244.98374731816,25569.48212204998
2015-03-13,1152.5999755859375,62.53499984741211,10.0,23173.546159562044,25490.90077551825
2015-03-16,1153.300048828125,63.07600021362305,10.0,23388.221301864512,25727.043432050967
2015-03-17,1148.300048828125,62.78900146484375,10.0,23180.868213528796,25498.955034881677
2015-03-18,1151.4000244140625,62.61600112915039,10.0,23179.40592821217,25497.34652103339
2015-03-19,1169.0999755859375,62.69300079345703,10.0,23564.67461766032,25921.142079426354
2015-03-20,1184.800048828125,62.483001708984375,10.0,23801.136037980454,26181.2496417785
2015-03-23,1188.0,62.40299987792969,10.0,23834.862267905693,26218.348494696264
2015-03-24,1191.699951171875,62.222999572753906,10.0,23840.129102068393,26224.142012275235
2015-03-25,1197.300048828125,62.27799987792969,10.0,23973.33171339662,26370.664884736285
2015-03-26,1205.0999755859375,62.46200180053711,10.0,24200.799538597283,26620.879492457014
2015-03-27,1199.800048828125,62.82899856567383,10.0,24235.933430937886,26659.526774031678
2015-03-30,1184.800048828125,62.51499938964844,10.0,23813.324651356175,26194.657116491795
2015-03-31,1183.0999755859375,62.50899887084961,10.0,23776.872389925113,26154.559628917625
2015-04-01,1208.0999755859375,62.305999755859375,10.0,24200.452291192676,26620.497520311947
2015-04-02,1200.9000244140625,62.16899871826172,10.0,24003.328268059326,26403.66109486526
2015-04-06,1218.5999755859375,62.060001373291016,10.0,24314.407111211174,26745.847822332293
2015-04-07,1210.5999755859375,62.060001373291016,10.0,24154.785200176622,26570.263720194285
2015-04-08,1203.0999755859375,62.308998107910156,10.0,24101.452924079586,26511.598216487546
2015-04-09,1193.5999755859375,62.18199920654297,10.0,23862.405431804935,26248.64597498543
2015-04-10,1204.5999755859375,62.31399917602539,10.0,24133.438965422643,26546.782861964908
2015-04-13,1199.300048828125,62.26900100708008,10.0,24009.907550040898,26410.89830504499
2015-04-14,1192.800048828125,62.39099884033203,10.0,23926.563397425864,26319.219737168452
2015-04-15,1201.5,62.31399917602539,10.0,24071.33281141817,26478.46609255999
2015-04-16,1198.0,62.38999938964844,10.0,24030.485080070997,26433.5335880781
2015-04-17,1202.9000244140625,62.32600021362305,10.0,24104.022755830705,26514.42503141378
2015-04-20,1193.5,62.542999267578125,10.0,23998.929260647354,26398.822186712092
2015-04-21,1202.9000244140625,63.14500045776367,10.0,24420.76377008051,26862.840147088562
2015-04-22,1186.9000244140625,62.87799835205078,10.0,23994.051402304067,26393.456542534477
2015-04-23,1194.4000244140625,62.935001373291016,10.0,24167.55901321647,26584.314914538118
2015-04-24,1175.199951171875,63.2869987487793,10.0,23912.060648923736,26303.266713816112
2015-04-27,1203.300048828125,63.654998779296875,10.0,24626.18777284941,27088.806550134355
2015-04-28,1214.0,63.13999938964844,10.0,24644.15877924774,27108.574657172518
2015-04-29,1209.800048828125,63.03300094604492,10.0,24517.281856481874,26969.010042130063
2015-04-30,1182.4000244140625,63.44200134277344,10.0,24117.486436115647,26529.235079727212
2015-05-01,1174.5,63.52299880981445,10.0,23986.93462218949,26385.62808440844
2015-05-04,1186.800048828125,63.52299880981445,10.0,24238.139787868477,26661.953766655326
2015-05-05,1193.199951171875,63.59299850463867,10.0,24395.699104797848,26835.269015277634
2015-05-06,1190.300048828125,63.34400177001953,10.0,24241.12025972096,26665.23228569306
2015-05-07,1182.4000244140625,63.65999984741211,10.0,24200.358600729596,26620.39446080256
2015-05-08,1189.0999755859375,64.08200073242188,10.0,24498.82023129901,26948.702254428914
2015-05-11,1183.199951171875,63.70399856567383,10.0,24233.46825674232,26656.815082416553
2015-05-12,1192.5999755859375,64.0199966430664,10.0,24547.155925710224,27001.87151828125
2015-05-13,1218.4000244140625,64.21099853515625,10.0,25153.01563582417,27668.31719940659
2015-05-14,1225.4000244140625,64.04399871826172,10.0,25231.731989304128,27754.90518823454
2015-05-15,1225.5,63.40800094604492,10.0,24983.20290622536,27481.5231968479
2015-05-18,1227.800048828125,63.43299865722656,10.0,25039.95976293895,27543.955739232846
2015-05-19,1206.9000244140625,63.729000091552734,10.0,24728.577737675434,27201.435511442978
2015-05-20,1208.9000244140625,63.78499984741211,10.0,24791.321836059436,27270.454019665383
2015-05-21,1204.4000244140625,63.625,10.0,24637.083142843967,27100.791457128365
2015-05-22,1204.300048828125,63.625999450683594,10.0,24635.42503100825,27098.967534109077
2015-05-26,1187.199951171875,63.57099914550781,10.0,24264.628444224665,26691.091288647134
2015-05-27,1185.9000244140625,63.97600173950195,10.0,24392.477381898974,26831.725120088875
2015-05-28,1188.0999755859375,63.874000549316406,10.0,24398.764927811655,26838.641420592823
2015-05-29,1189.4000244140625,63.82500076293945,10.0,24406.72511635917,26847.39762799509
2015-06-01,1188.300048828125,63.736000061035156,10.0,24350.150942703378,26785.16603697372
2015-06-02,1194.0999755859375,63.61000061035156,10.0,24420.627960146696,26862.690756161366
2015-06-03,1184.699951171875,63.6619987487793,10.0,24248.192907287863,26673.01219801665
2015-06-04,1174.9000244140625,64.05899810791016,10.0,24197.572119190452,26617.3293311095
2015-06-05,1167.800048828125,64.0009994506836,10.0,24029.56911072937,26432.52602180231
2015-06-08,1173.199951171875,63.762001037597656,10.0,24050.533381751447,26455.586719926596
2015-06-09,1177.300048828125,63.97600173950195,10.0,24215.58666122586,26637.14532734845
2015-06-10,1186.0999755859375,64.03800201416016,10.0,24420.233293863257,26862.256623249585
2015-06-11,1179.9000244140625,63.79899978637695,10.0,24201.919850029397,26622.111835032338
2015-06-12,1178.800048828125,63.999000549316406,10.0,24255.15616328882,26680.671779617704
2015-06-15,1185.300048828125,64.09200286865234,10.0,24424.342639801293,26866.776903781425
2015-06-16,1180.5,64.052001953125,10.0,24310.250713155776,26741.275784471356
2015-06-17,1176.4000244140625,64.18199920654297,10.0,24274.986877206902,26702.485564927596
2015-06-18,1201.5,64.00299835205078,10.0,24723.777877084256,27196.155664792685
2015-06-19,1201.5,63.64500045776367,10.0,24585.4865368859,27044.03519057449
2015-06-22,1183.699951171875,63.492000579833984,10.0,24163.029236630653,26579.33216029372
2015-06-23,1176.199951171875,63.50699996948242,10.0,24015.602830285174,26417.163113313694
2015-06-24,1172.5999755859375,63.599998474121094,10.0,23977.159052203147,26374.874957423464
2015-06-25,1171.5,63.5620002746582,10.0,23940.3550474262,26334.390552168825
2015-06-26,1172.9000244140625,63.51100158691406,10.0,23949.734053033604,26344.707458336965
2015-06-29,1178.5,63.444000244140625,10.0,24038.69477316692,26442.564250483614
2015-06-30,1171.5,63.7239990234375,10.0,24001.3711820075,26401.508300208254
2015-07-01,1169.0,63.59000015258789,10.0,23899.789470115982,26289.768417127583
2015-07-02,1163.0,63.57400131225586,10.0,23771.13943001706,26148.253373018768
2015-07-06,1172.9000244140625,63.40399932861328,10.0,23909.383947298447,26300.322342028296
2015-07-07,1152.4000244140625,63.3650016784668,10.0,23477.045824830726,25824.7504073138
2015-07-08,1163.300048828125,63.518001556396484,10.0,23756.32784478305,26131.960629261357
2015-07-09,1159.0,63.5620002746582,10.0,23684.909517684137,26053.400469452554
2015-07-10,1157.699951171875,63.36399841308594,10.0,23584.644129723136,25943.108542695452
2015-07-13,1155.199951171875,63.35200119018555,10.0,23529.258341197263,25882.18417531699
2015-07-14,1153.300048828125,63.513999938964844,10.0,23550.62910311627,25905.6920134279
2015-07-15,1147.199951171875,63.32400131225586,10.0,23355.98605090349,25691.584655993844
2015-07-16,1143.800048828125,63.52399826049805,10.0,23360.31389139981,25696.34528053979
2015-07-17,1131.800048828125,63.481998443603516,10.0,23099.949824996354,25409.94480749599
2015-07-20,1106.699951171875,63.48400115966797,10.0,22588.371399874548,24847.208539862004
2015-07-21,1103.4000244140625,63.625,10.0,22571.037520968614,24828.141273065477
2015-07-22,1091.4000244140625,63.58300018310547,10.0,22310.82931250845,24541.912243759296
2015-07-23,1094.0,63.66400146484375,10.0,22392.469529968996,24631.716482965898
2015-07-24,1085.5999755859375,63.847999572753906,10.0,22284.754698793575,24513.230168672933
2015-07-27,1096.5,64.0999984741211,10.0,22597.343812392104,24857.078193631318
2015-07-28,1096.300048828125,64.21700286865234,10.0,22634.46344639652,24897.909791036174
2015-07-29,1092.699951171875,63.8390007019043,10.0,22427.338707808485,24670.072578589337
2015-07-30,1088.4000244140625,63.882999420166016,10.0,22354.480405276652,24589.92844580432
2015-07-31,1094.9000244140625,64.11799621582031,10.0,22570.706069118405,24827.776676030247
2015-08-03,1089.4000244140625,63.97999954223633,10.0,22408.99354198851,24649.892896187364
2015-08-04,1090.699951171875,64.1240005493164,10.0,22486.229610199716,24734.85257121969
2015-08-05,1085.699951171875,63.819000244140625,10.0,22276.684440304583,24504.352884335043
2015-08-06,1090.199951171875,63.69599914550781,10.0,22325.90388807575,24558.494276883328
2015-08-07,1094.0999755859375,63.733001708984375,10.0,22418.787472091026,24660.666219300132
2015-08-10,1104.199951171875,63.733001708984375,10.0,22625.742239650706,24888.316463615778
2015-08-11,1107.5999755859375,63.8380012512207,10.0,22732.8013333892,25006.081466728123
2015-08-12,1123.199951171875,64.32599639892578,10.0,23229.204434985015,25552.12487848352
2015-08-13,1115.699951171875,64.79900360107422,10.0,23243.76522053938,25568.141742593318
2015-08-14,1112.9000244140625,65.26899719238281,10.0,23353.59961704767,25688.959578752438
2015-08-17,1118.5999755859375,65.12200164794922,10.0,23420.344801550753,25762.37928170583
2015-08-18,1117.0999755859375,65.44300079345703,10.0,23504.227687765473,25854.650456542022
2015-08-19,1128.0999755859375,65.44599914550781,10.0,23736.759540966337,26110.43549506297
2015-08-20,1153.0,65.05400085449219,10.0,24115.37704285032,26526.914747135354
2015-08-21,1159.5999755859375,65.46099853515625,10.0,24405.154501325665,26845.669951458232
2015-08-24,1153.4000244140625,66.0260009765625,10.0,24484.187033076698,26932.60573638437
2015-08-25,1138.199951171875,66.80699920654297,10.0,24447.320473524425,26892.05252087687
2015-08-26,1124.5999755859375,66.28299713134766,10.0,23965.745641383233,26362.32020552156
2015-08-27,1122.4000244140625,66.05599975585938,10.0,23836.94945542202,26220.644400964222
2015-08-28,1133.0999755859375,66.05500030517578,10.0,24063.825367924437,26470.207904716885
2015-08-31,1131.5999755859375,66.14299774169922,10.0,24063.984641499366,26470.383105649304
2015-09-01,1138.699951171875,66.3499984741211,10.0,24290.75185195739,26719.82703715313
2015-09-02,1132.5,66.4229965209961,10.0,24185.07356407738,26603.580920485118
2015-09-03,1123.699951171875,66.22599792480469,10.0,23925.973165210256,26318.570481731284
2015-09-04,1120.5999755859375,66.16000366210938,10.0,23836.1915824667,26219.810740713372
2015-09-08,1120.4000244140625,66.8030014038086,10.0,24063.556964251547,26469.912660676706
2015-09-09,1102.199951171875,66.40599822998047,10.0,23531.97807533046,25885.175882863507
2015-09-10,1109.5,66.59700012207031,10.0,23755.96689614899,26131.56358576389
2015-09-11,1103.5,66.31900024414062,10.0,23528.868702689146,25881.755572958064
2015-09-14,1107.699951171875,66.23400115966797,10.0,23588.149195583173,25946.964115141494
2015-09-15,1102.800048828125,66.31500244140625,10.0,23512.526863671304,25863.779550038438
2015-09-16,1119.199951171875,66.43000030517578,10.0,23903.56490359618,26293.9213939558
2015-09-17,1117.300048828125,66.19599914550781,10.0,23778.92940585542,26156.822346440964
2015-09-18,1138.0999755859375,66.12200164794922,10.0,24194.52745228811,26613.980197516925
2015-09-21,1133.0999755859375,65.86100006103516,10.0,23993.151112004874,26392.466223205363
2015-09-22,1125.0,65.73899841308594,10.0,23777.508388034043,26155.25922683745
2015-09-23,1131.5999755859375,65.875,10.0,23966.48235463007,26363.13059009308
2015-09-24,1153.800048828125,66.16200256347656,10.0,24543.129161768222,26997.442077945045
2015-09-25,1146.0,66.22100067138672,10.0,24398.947632713098,26838.84239598441
2015-09-28,1132.0,66.16300201416016,10.0,24079.77181990107,26487.74900189118
2015-09-29,1127.0999755859375,66.26000213623047,10.0,24010.6890832445,26411.75799156895
2015-09-30,1115.5,65.91999816894531,10.0,23641.63452905895,26005.797981964846
2015-10-01,1114.199951171875,65.5270004272461,10.0,23473.30064991947,25820.63071491142
2015-10-02,1137.0999755859375,65.61799621582031,10.0,23989.011492278172,26387.91264150599
2015-10-05,1138.0999755859375,65.35700225830078,10.0,23914.608540692265,26306.069394761493
2015-10-06,1146.800048828125,65.12300109863281,10.0,24011.14371043328,26412.25808147661
2015-10-07,1149.0,65.18399810791016,10.0,24079.73823717227,26487.7120608895
2015-10-08,1144.699951171875,64.93900299072266,10.0,23899.456187448508,26289.40180619336
2015-10-09,1156.300048828125,64.99500274658203,10.0,24162.46559051455,26578.712149566007
2015-10-12,1164.9000244140625,64.77200317382812,10.0,24258.65516052538,26684.520676577922
2015-10-13,1165.800048828125,64.78199768066406,10.0,24281.143941775572,26709.25833595313
2015-10-14,1180.0999755859375,65.08499908447266,10.0,24693.943070907437,27163.33737799818
2015-10-15,1187.9000244140625,64.8489990234375,10.0,24767.02863766744,27243.731501434188
2015-10-16,1183.5999755859375,64.78399658203125,10.0,24652.639340540984,27117.903274595083
2015-10-19,1173.300048828125,64.69499969482422,10.0,24404.53527766097,26844.988805427067
2015-10-20,1178.0,64.95099639892578,10.0,24599.24888129457,27059.17376942403
2015-10-21,1167.5999755859375,64.99400329589844,10.0,24398.21777662429,26838.03955428672
2015-10-22,1166.5999755859375,65.15899658203125,10.0,24439.205819860093,26883.126401846104
2015-10-23,1163.300048828125,65.05000305175781,10.0,24329.310761290384,26762.241837419424
2015-10-26,1167.0,64.88500213623047,10.0,24344.78354300351,26779.261897303862
2015-10-27,1166.800048828125,64.9010009765625,10.0,24346.614081517295,26781.275489669028
2015-10-28,1177.0999755859375,65.06700134277344,10.0,24624.356002388406,27086.791602627247
2015-10-29,1147.199951171875,64.94599914550781,10.0,23954.232497479446,26349.655747227393
2015-10-30,1141.5,65.44400024414062,10.0,24017.980702714012,26419.778772985417
2015-11-02,1135.800048828125,65.41500091552734,10.0,23887.460007377882,26276.20600811567
2015-11-03,1114.199951171875,65.54100036621094,10.0,23478.315754750452,25826.1473302255
2015-11-04,1106.5,65.53099822998047,10.0,23312.504876130784,25643.755363743865
2015-11-05,1104.4000244140625,65.58499908447266,10.0,23287.435365823098,25616.17890240541
2015-11-06,1087.5999755859375,65.86000061035156,10.0,23029.348805088877,25332.283685597766
2015-11-09,1087.9000244140625,66.13300323486328,10.0,23131.189684049397,25444.30865245434
2015-11-10,1088.199951171875,66.46800231933594,10.0,23254.770967380984,25580.248064119085
2015-11-11,1084.699951171875,66.19300079345703,10.0,23084.072444767542,25392.479689244297
2015-11-12,1080.800048828125,66.06300354003906,10.0,22955.904464708736,25251.494911179612
2015-11-13,1080.800048828125,66.0479965209961,10.0,22950.689750315047,25245.758725346554
2015-11-16,1083.699951171875,66.0510025024414,10.0,23013.316246322487,25314.647870954737
2015-11-17,1068.699951171875,65.89700317382812,10.0,22641.864765779737,24906.051242357713
2015-11-18,1068.800048828125,66.03700256347656,10.0,22692.093032715537,24961.302335987093
2015-11-19,1078.0,66.07499694824219,10.0,22900.588908066642,25190.64779887331
2015-11-20,1076.4000244140625,66.08499908447266,10.0,22870.061127503228,25157.067240253553
2015-11-23,1066.800048828125,66.05000305175781,10.0,22654.089244205006,24919.49816862551
2015-11-24,1074.300048828125,66.37100219726562,10.0,22924.227466778353,25216.65021345619
2015-11-25,1070.5,66.30000305175781,10.0,22818.703125663265,25100.573438229592
2015-11-27,1056.199951171875,66.55799865722656,10.0,22601.493379156822,24861.642717072507
2015-11-30,1065.800048828125,66.9000015258789,10.0,22924.116222574106,25216.52784483152
2015-12-01,1063.800048828125,66.50800323486328,10.0,22747.027533463646,25021.730286810012
2015-12-02,1054.199951171875,66.46099853515625,10.0,22525.819091290618,24778.401000419683
2015-12-03,1061.699951171875,66.55699920654297,10.0,22718.84604875117,24990.730653626288
2015-12-04,1084.5,66.8030014038086,10.0,23292.508888848657,25621.759777733525
2015-12-07,1076.4000244140625,66.63600158691406,10.0,23060.746776089443,25366.82145369839
2015-12-08,1076.300048828125,66.76799774169922,10.0,23104.28062100632,25414.708683106954
2015-12-09,1077.5999755859375,66.83300018310547,10.0,23154.705858070447,25470.176443877495
2015-12-10,1073.0999755859375,66.88999938964844,10.0,23077.678303719877,25385.446134091868
2015-12-11,1076.9000244140625,66.78600311279297,10.0,23123.393953312137,25435.733348643353
2015-12-14,1064.699951171875,67.14099884033203,10.0,22982.94988889753,25281.244877787285
2015-12-15,1062.9000244140625,67.07099914550781,10.0,22920.175102234738,25212.192612458213
2015-12-16,1078.0,66.90299987792969,10.0,23187.56212915209,25506.3183420673
2015-12-17,1050.800048828125,66.4280014038086,10.0,22442.023283127888,24686.225611440677
2015-12-18,1066.199951171875,66.45899963378906,10.0,22781.546181129957,25059.700799242954
2015-12-21,1081.9000244140625,66.24800109863281,10.0,23043.616958218103,25347.978654039915
2015-12-22,1074.800048828125,66.26899719238281,10.0,22899.648405537617,25189.61324609138
2015-12-23,1069.4000244140625,66.24299621582031,10.0,22775.656042072078,25053.22164627929
2015-12-24,1077.199951171875,66.15399932861328,10.0,22910.95370186843,25202.049072055277
2015-12-28,1070.5,65.94000244140625,10.0,22694.80046088877,24964.28050697765
2015-12-29,1077.5,66.13400268554688,10.0,22910.408119239557,25201.448931163515
2015-12-30,1060.0999755859375,66.26000213623047,10.0,22583.38342853444,24841.721771387885
2015-12-31,1060.300048828125,66.45500183105469,10.0,22654.119853502154,24919.53183885237
2016-01-04,1075.0999755859375,66.19300079345703,10.0,22879.77029498468,25167.74732448315
2016-01-05,1078.4000244140625,66.60099792480469,10.0,23091.458449406113,25400.604294346726
2016-01-06,1091.9000244140625,66.52400207519531,10.0,23353.500245961677,25688.850270557847
2016-01-07,1107.699951171875,66.7239990234375,10.0,23762.653868617344,26138.919255479082
2016-01-08,1097.800048828125,66.9209976196289,10.0,23619.809492325767,25981.790441558347
2016-01-11,1096.5,66.83999633789062,10.0,23563.28258379188,25919.61084217107
2016-01-12,1085.5999755859375,66.79299926757812,10.0,23312.642748949267,25643.907023844196
2016-01-13,1087.5,66.91999816894531,10.0,23397.84847645057,25737.63332409563
2016-01-14,1073.9000244140625,66.93599700927734,10.0,23110.765290865194,25421.841819951715
2016-01-15,1091.5,67.30400085449219,10.0,23618.66572336818,25980.532295705
2016-01-19,1089.9000244140625,67.71099853515625,10.0,23726.66065123454,26099.326716357995
2016-01-20,1107.0999755859375,67.76699829101562,10.0,24121.028872479197,26533.13175972712
2016-01-21,1099.0999755859375,67.9489974975586,10.0,24011.041037393083,26412.145141132394
2016-01-22,1097.199951171875,67.80799865722656,10.0,23919.79449765189,26311.773947417078
2016-01-25,1106.199951171875,67.54100036621094,10.0,24021.043068208444,26423.14737502929
2016-01-26,1121.699951171875,67.74099731445312,10.0,24429.750150290543,26872.7251653196
2016-01-27,1116.0999755859375,67.7699966430664,10.0,24318.193000397216,26750.012300436938
2016-01-28,1115.5999755859375,68.19599914550781,10.0,24460.094517268837,26906.10396899572
2016-01-29,1116.4000244140625,68.09300231933594,10.0,24440.66727272926,26884.73400000219
2016-02-01,1127.9000244140625,67.87000274658203,10.0,24611.56389308353,27072.720282391885
2016-02-02,1127.300048828125,67.88200378417969,10.0,24602.821605432422,27063.103765975666
2016-02-03,1141.300048828125,67.98600006103516,10.0,24946.525371513926,27441.177908665322
2016-02-04,1157.5999755859375,67.927001953125,10.0,25280.85128765683,27808.936416422515
2016-02-05,1157.800048828125,67.56400299072266,10.0,25150.09756512363,27665.107321635995
2016-02-08,1197.9000244140625,67.802001953125,10.0,26112.823249785637,28724.105574764202
2016-02-09,1198.699951171875,68.07599639892578,10.0,26235.855630192447,28859.441193211693
2016-02-10,1194.699951171875,67.9280014038086,10.0,26091.462362863724,28700.6085991501
2016-02-11,1247.9000244140625,67.89299774169922,10.0,27239.27324558662,29963.200570145284
2016-02-12,1239.0999755859375,68.4739990234375,10.0,27278.644049130457,30006.508454043505
2016-02-16,1207.9000244140625,68.13700103759766,10.0,26460.90800611353,29106.998806724885
2016-02-17,1211.0999755859375,68.50599670410156,10.0,26674.686429446112,29342.155072390724
2016-02-18,1226.0999755859375,68.35600280761719,10.0,26945.936429524558,29640.530072477017
2016-02-19,1230.4000244140625,68.56600189208984,10.0,27123.51034513865,29835.861379652517
2016-02-22,1209.5,68.53800201416016,10.0,26651.892370995774,29317.081608095355
2016-02-23,1222.300048828125,68.5739974975586,10.0,26948.092815794233,29642.90209737366
2016-02-24,1238.699951171875,68.60299682617188,10.0,27321.211059470283,30053.332165417312
2016-02-25,1238.199951171875,68.3759994506836,10.0,27219.817442141426,29941.799186355573
2016-02-26,1219.800048828125,68.7969970703125,10.0,26980.429979132754,29678.472977046033
2016-02-29,1233.9000244140625,68.7300033569336,10.0,27265.7266288678,29992.29929175458
2016-03-01,1230.300048828125,68.21800231933594,10.0,26983.65508204419,29682.020590248612
2016-03-02,1241.0999755859375,67.74600219726562,10.0,27032.186626286828,29735.405288915514
2016-03-03,1257.4000244140625,67.38800048828125,10.0,27242.48829205064,29966.737121255705
2016-03-04,1269.9000244140625,67.14299774169922,10.0,27413.279686021568,30154.607654623727
2016-03-07,1263.199951171875,66.93000030517578,10.0,27182.141275879443,29900.35540346739
2016-03-08,1262.0999755859375,67.0459976196289,10.0,27205.54019929219,29926.094219221413
2016-03-09,1256.5999755859375,67.35700225830078,10.0,27212.63118083904,29933.894298922944
2016-03-10,1272.0,67.1449966430664,10.0,27459.42923786084,30205.372161646927
2016-03-11,1258.699951171875,67.30899810791016,10.0,27238.681380505197,29962.54951855572
2016-03-14,1244.4000244140625,66.91300201416016,10.0,26770.79471443378,29447.87418587716
2016-03-15,1230.4000244140625,67.17400360107422,10.0,26572.8601831794,29230.146201497344
2016-03-16,1229.300048828125,67.35900115966797,10.0,26622.220462196718,29284.442508416392
2016-03-17,1264.5,66.83000183105469,10.0,27169.462380558027,29886.40861861383
2016-03-18,1253.800048828125,66.61199951171875,10.0,26851.681720813416,29536.84989289476
2016-03-21,1243.800048828125,66.3759994506836,10.0,26543.14509871103,29197.459608582136
2016-03-22,1248.199951171875,66.5199966430664,10.0,26694.82745087491,29364.310195962404
2016-03-23,1223.699951171875,66.76399993896484,10.0,26266.852111611344,28893.53732277248
2016-03-24,1221.4000244140625,66.9020004272461,10.0,26271.675198993038,28898.842718892345
2016-03-28,1219.9000244140625,66.90699768066406,10.0,26241.370940284443,28865.50803431289
2016-03-29,1235.5999755859375,66.90699768066406,10.0,26579.093896428665,29237.003286071533
2016-03-30,1226.9000244140625,66.36799621582031,10.0,26179.335501632406,28797.269051795647
2016-03-31,1234.199951171875,66.36799621582031,10.0,26335.0998083626,28968.60978919886
2016-04-01,1222.199951171875,66.24800109863281,10.0,26031.89470895023,28635.084179845253
2016-04-04,1218.0,66.35800170898438,10.0,25985.514839662086,28584.066323628296
2016-04-05,1228.4000244140625,66.13300323486328,10.0,26118.534180488154,28730.38759853697
2016-04-06,1222.5,66.46800231933594,10.0,26124.755360454026,28737.23089649943
2016-04-07,1236.199951171875,66.53299713134766,10.0,26443.354543729958,29087.689998102956
2016-04-08,1242.5,66.77899932861328,10.0,26676.38904489913,29344.027949389045
2016-04-11,1256.699951171875,66.54399871826172,10.0,26886.311810574636,29574.942991632102
2016-04-12,1259.4000244140625,66.29000091552734,10.0,26841.23290672219,29525.356197394412
2016-04-13,1246.800048828125,66.31500244140625,10.0,26582.715219181937,29240.986741100132
2016-04-14,1225.0,66.5250015258789,10.0,26200.629147588425,28820.69206234727
2016-04-15,1233.0999755859375,66.63700103759766,10.0,26418.27587010522,29060.103457115743
2016-04-18,1233.5999755859375,66.65299987792969,10.0,26435.33332973574,29078.866662709315
2016-04-19,1253.0,66.40899658203125,10.0,26752.76824707353,29428.045071780885
2016-04-20,1253.199951171875,66.22200012207031,10.0,26681.69412428904,29349.863536717945
2016-04-21,1249.0,66.2040023803711,10.0,26585.046368763484,29243.551005639834
2016-04-22,1228.699951171875,66.51200103759766,10.0,26274.629037645263,28902.09194140979
2016-04-25,1238.9000244140625,66.65299987792969,10.0,26548.910307855254,29203.801338640784
2016-04-26,1242.199951171875,66.70500183105469,10.0,26640.39417347114,29304.43359081826
2016-04-27,1249.199951171875,66.45700073242188,10.0,26690.913263771174,29360.00459014829
2016-04-28,1265.5,66.3550033569336,10.0,26997.68731756859,29697.45604932545
2016-04-29,1289.199951171875,66.43800354003906,10.0,27537.69541041208,30291.46495145329
2016-05-02,1294.699951171875,66.41799926757812,10.0,27646.850164343894,30411.535180778286
2016-05-03,1290.699951171875,66.37100219726562,10.0,27541.932353349028,30296.12558868393
2016-05-04,1273.300048828125,66.59200286865234,10.0,27261.112255603926,29987.22348116432
2016-05-05,1271.4000244140625,66.62000274658203,10.0,27231.878444055914,29955.06628846151
2016-05-06,1292.9000244140625,66.60199737548828,10.0,27684.89849463698,30453.38834410068
2016-05-09,1265.5999755859375,66.59400177001953,10.0,27097.068501714148,29806.775351885564
2016-05-10,1263.9000244140625,66.72100067138672,10.0,27112.278160816742,29823.505976898417
2016-05-11,1274.5999755859375,66.66600036621094,10.0,27319.267104726016,30051.193815198618
2016-05-12,1270.300048828125,66.59100341796875,10.0,27196.474638982603,29916.122102880865
2016-05-13,1271.9000244140625,66.7509994506836,10.0,27296.155683761484,30025.771252137634
2016-05-16,1273.4000244140625,66.9000015258789,10.0,27389.349615430747,30128.284576973823
2016-05-17,1276.199951171875,66.875,10.0,27439.31446127257,30183.24590739983
2016-05-18,1273.699951171875,66.86799621582031,10.0,27382.694396145598,30120.96383576016
2016-05-19,1254.199951171875,67.16000366210938,10.0,27081.22022078561,29789.34224286417
2016-05-20,1252.4000244140625,67.47699737548828,10.0,27169.994746716337,29886.994221387973
2016-05-23,1251.0999755859375,67.4229965209961,10.0,27120.069863953882,29832.076850349273
2016-05-24,1228.9000244140625,67.447998046875,10.0,26648.72006252812,29313.592068780934
2016-05-25,1223.5,67.6510009765625,10.0,26611.474494775255,29272.621944252784
2016-05-26,1220.0999755859375,67.30400085449219,10.0,26401.404922083315,29041.54541429165
2016-05-27,1213.800048828125,66.9540023803711,10.0,26128.497229743545,28741.3469527179
2016-05-31,1214.800048828125,67.13300323486328,10.0,26219.93525091729,28841.92877600902
2016-06-01,1211.9000244140625,67.23100280761719,10.0,26195.525887418837,28815.07847616072
2016-06-02,1209.800048828125,67.4260025024414,10.0,26225.981358927096,28848.57949481981
2016-06-03,1240.0999755859375,67.29199981689453,10.0,26829.39454725668,29512.33400198235
2016-06-06,1244.5999755859375,66.99199676513672,10.0,26806.705849291033,29487.37643422014
2016-06-07,1244.4000244140625,66.8010025024414,10.0,26725.98554661756,29398.58410127932
2016-06-08,1259.800048828125,66.76300048828125,10.0,27041.339809040415,29745.47378994446
2016-06-09,1270.199951171875,66.51000213623047,10.0,27161.25242042897,29877.37766247187
2016-06-10,1273.4000244140625,66.74099731445312,10.0,27324.252129066983,30056.677341973682
2016-06-13,1284.4000244140625,66.94499969482422,10.0,27644.52850721997,30408.981357941968
2016-06-14,1285.5999755859375,67.15399932861328,10.0,27756.74116976009,30532.4152867361
2016-06-15,1285.800048828125,67.2979965209961,10.0,27820.58842661815,30602.647269279965
2016-06-16,1296.0999755859375,67.072998046875,10.0,27949.687697857258,30744.656467642988
2016-06-17,1292.5,67.30699920654297,10.0,27969.29492644133,30766.224419085465
2016-06-20,1290.0,67.06600189208984,10.0,27815.243442312247,30596.767786543474
2016-06-21,1270.5,67.12999725341797,10.0,27420.920960813906,30163.0130568953
2016-06-22,1268.0,67.60600280761719,10.0,27561.01775043278,30317.11952547606
2016-06-23,1261.199951171875,67.4219970703125,10.0,27338.601576346206,30072.46173398083
2016-06-24,1320.0,67.24199676513672,10.0,28536.799951767636,31390.4799469444
2016-06-27,1322.5,67.87699890136719,10.0,28860.845579133573,31746.930137046933
2016-06-28,1315.300048828125,67.9209976196289,10.0,28722.327546916862,31594.56030160855
2016-06-29,1323.9000244140625,67.70500183105469,10.0,28818.188813827204,31700.007695209926
2016-06-30,1318.4000244140625,67.41600036621094,10.0,28575.966218821337,31433.562840703475
2016-07-01,1336.699951171875,67.5009994506836,10.0,29009.141308785674,31910.055439664244
2016-07-05,1356.4000244140625,67.23699951171875,10.0,29321.545092746353,32253.69960202099
2016-07-06,1364.9000244140625,67.4260025024414,10.0,29588.23041192307,32547.05345311538
2016-07-07,1360.0999755859375,67.4010009765625,10.0,29473.242491259956,32420.566740385955
2016-07-08,1356.5999755859375,67.49700164794922,10.0,29439.269145829858,32383.196060412847
2016-07-11,1355.0,67.13200378417969,10.0,29245.53993202163,32170.0939252238
2016-07-12,1334.0999755859375,67.1449966430664,10.0,28800.018770309693,31680.020647340665
2016-07-13,1342.4000244140625,66.87000274658203,10.0,28860.51194225092,31746.563136476016
2016-07-14,1331.300048828125,67.00599670410156,10.0,28680.079953686112,31548.087949054727
2016-07-15,1326.5,66.83799743652344,10.0,28505.024707685097,31355.52717845361
2016-07-18,1328.4000244140625,67.13300323486328,10.0,28671.84822807135,31539.033050878486
2016-07-19,1331.5,67.13899993896484,10.0,28741.324422888643,31615.45686517751
2016-07-20,1318.800048828125,67.20600128173828,10.0,28495.596242191226,31345.15586641035
2016-07-21,1330.5,67.16400146484375,10.0,28730.43353608906,31603.47688969797
2016-07-22,1323.0999755859375,67.15399932861328,10.0,28566.38477090562,31423.023247996185
2016-07-25,1319.300048828125,67.14600372314453,10.0,28480.95101533848,31329.04611687233
2016-07-26,1320.699951171875,67.40499877929688,10.0,28621.145079028945,31483.259586931843
2016-07-27,1326.5999755859375,67.28399658203125,10.0,28697.396827703302,31567.136510473636
2016-07-28,1332.300048828125,67.06300354003906,10.0,28726.041407222583,31598.645547944845
2016-07-29,1349.0,67.00700378417969,10.0,29061.825230234026,31968.007753257432
2016-08-01,1351.4000244140625,66.64800262451172,10.0,28957.548949125867,31853.303844038455
2016-08-02,1364.4000244140625,66.7509994506836,10.0,29281.291584604875,32209.420743065366
2016-08-03,1356.0999755859375,66.6760025024414,10.0,29070.466463815552,31977.51311019711
2016-08-04,1358.800048828125,66.76000213623047,10.0,29165.043857596633,32081.548243356297
2016-08-05,1336.4000244140625,66.84100341796875,10.0,28719.056890585907,31590.9625796445
2016-08-08,1333.4000244140625,66.83499908447266,10.0,28652.01324961811,31517.214574579924
2016-08-09,1339.0,66.79399871826172,10.0,28754.694578987073,31630.164036885784
2016-08-10,1344.300048828125,66.78299713134766,10.0,28863.756909852327,31750.13260083756
2016-08-11,1342.5,66.75800323486328,10.0,28814.31972054719,31695.751692601913
2016-08-12,1335.800048828125,66.73999786376953,10.0,28662.784704361984,31529.063174798186
2016-08-15,1340.300048828125,66.89959716796875,10.0,28828.11688421252,31710.928572633773
2016-08-16,1350.5,66.86489868164062,10.0,29032.43868682163,31935.682555503798
2016-08-17,1342.699951171875,66.85769653320312,10.0,28861.647682928247,31747.812451221074
2016-08-18,1351.199951171875,66.90550231933594,10.0,29065.12497532962,31971.637472862585
2016-08-19,1340.4000244140625,66.81999969482422,10.0,28795.964834275896,31675.561317703487
2016-08-22,1337.699951171875,67.12750244140625,10.0,28870.20969928113,31757.230669209246
2016-08-23,1340.5999755859375,67.1874008178711,10.0,28958.61491347295,31854.47640482025
2016-08-24,1324.4000244140625,67.12999725341797,10.0,28584.233286074785,31442.656614682266
2016-08-25,1320.0999755859375,67.16000366210938,10.0,28504.161652129846,31354.577817342833
2016-08-26,1321.5,67.00559997558594,10.0,28468.78980427824,31315.668784706068
2016-08-29,1322.9000244140625,67.12899780273438,10.0,28551.43402900923,31406.577431910155
2016-08-30,1311.699951171875,67.08999633789062,10.0,28293.261182996255,31122.587301295884
2016-08-31,1306.9000244140625,67.12660217285156,10.0,28205.10811276312,31025.618924039434
2016-09-01,1312.199951171875,66.97470092773438,10.0,28255.40511104023,31080.945622144252
2016-09-02,1322.0999755859375,66.79299926757812,10.0,28391.345893862937,31230.480483249234
2016-09-06,1349.4000244140625,66.45999908447266,10.0,28833.129515053282,31716.442466558612
2016-09-07,1344.300048828125,66.25520324707031,10.0,28635.64324277138,31499.20756704852
2016-09-08,1336.800048828125,66.47160339355469,10.0,28568.888601664657,31425.777461831127
2016-09-09,1330.0999755859375,66.44999694824219,10.0,28416.460950871304,31258.107045958437
2016-09-12,1321.0,66.77799987792969,10.0,28361.354136590777,31197.48955024986
2016-09-13,1319.0,66.7229995727539,10.0,28295.091046493933,31124.600151143328
2016-09-14,1321.5,66.99500274658203,10.0,28464.287340527,31310.7160745797
2016-09-15,1313.5,66.75810241699219,10.0,28191.92937280989,31011.12231009088
2016-09-16,1305.800048828125,66.85030364990234,10.0,28065.3719903604,30871.909189396443
2016-09-19,1313.5,67.06529998779297,10.0,28321.658827452236,31153.824710197463
2016-09-20,1313.699951171875,66.9552001953125,10.0,28279.467978614994,31107.414776476497
2016-09-21,1326.9000244140625,66.9749984741211,10.0,28572.06652320256,31429.27317552282
2016-09-22,1340.4000244140625,66.76119995117188,10.0,28770.625185095854,31647.687703605443
2016-09-23,1337.199951171875,66.62259674072266,10.0,28642.349931241777,31506.584924365958
2016-09-26,1339.699951171875,66.69650268554688,10.0,28727.732053036467,31600.505258340116
2016-09-27,1325.9000244140625,66.60649871826172,10.0,28393.447128676333,31232.791841543967
2016-09-28,1319.4000244140625,66.44129943847656,10.0,28184.176089902427,31002.593698892673
2016-09-29,1321.699951171875,66.33280181884766,10.0,28187.201094752876,31005.921204228165
2016-09-30,1313.300048828125,66.81629943847656,10.0,28212.210624227464,31033.431686650212
2016-10-03,1309.0,66.54650115966797,10.0,28006.291902199227,30806.921092419154
2016-10-04,1266.300048828125,66.38030242919922,10.0,27025.05512476753,29727.560637244285
2016-10-05,1265.199951171875,66.5780029296875,10.0,27081.99593478598,29790.19552826458
2016-10-06,1249.800048828125,66.56320190429688,10.0,26746.408921872644,29421.049814059912
2016-10-07,1248.9000244140625,66.68710327148438,10.0,26776.898067375037,29454.587874112545
2016-10-11,1253.0,66.48509979248047,10.0,26783.426315359375,29461.768946895314
2016-10-12,1251.0999755859375,66.79850006103516,10.0,26868.873855205467,29555.761240726017
2016-10-13,1255.0,66.81809997558594,10.0,26960.53996153499,29656.59395768849
2016-10-14,1253.0999755859375,66.78399658203125,10.0,26905.983084371437,29596.581392808584
2016-10-17,1254.4000244140625,66.7052993774414,10.0,26902.1586534023,29592.374518742534
2016-10-18,1260.800048828125,66.78359985351562,10.0,27071.154679129508,29778.27014704246
2016-10-19,1267.9000244140625,66.73799896240234,10.0,27205.01246283396,29925.51370911736
2016-10-20,1265.5999755859375,66.63639831542969,10.0,27114.31963642118,29825.7516000633
2016-10-21,1265.9000244140625,66.84130096435547,10.0,27204.14246713241,29924.556713845654
2016-10-24,1262.0,66.91120147705078,10.0,27148.692675756134,29863.56194333175
2016-10-25,1271.9000244140625,66.83399963378906,10.0,27330.096537658384,30063.106191424224
2016-10-26,1264.800048828125,66.78130340576172,10.0,27156.10648589813,29871.717134487946
2016-10-27,1267.9000244140625,66.86399841308594,10.0,27256.374755372708,29982.012230909982
2016-10-28,1275.5,66.90299987792969,10.0,27435.747213110844,30179.321934421932
2016-10-31,1271.5,66.78140258789062,10.0,27299.999482535062,30029.99943078857
2016-11-01,1286.4000244140625,66.66549682617188,10.0,27571.97638361056,30329.17402197162
2016-11-02,1306.800048828125,66.67849731445312,10.0,28014.681160098815,30816.1492761087
2016-11-03,1302.0999755859375,66.77749633789062,10.0,27955.36719380694,30750.903913187634
2016-11-04,1303.300048828125,66.68450164794922,10.0,27942.165432781327,30736.381976059463
2016-11-07,1278.300048828125,66.7853012084961,10.0,27447.60358024711,30192.36393827182
2016-11-08,1273.4000244140625,66.73500061035156,10.0,27321.797034576222,30053.976738033845
2016-11-09,1272.5999755859375,66.22949981689453,10.0,27097.80566497302,29807.586231470326
2016-11-10,1265.5,66.50749969482422,10.0,27059.733105213254,29765.70641573458
2016-11-14,1221.199951171875,67.54679870605469,10.0,26520.53540008374,29172.588940092115
2016-11-15,1224.0,67.77549743652344,10.0,26671.342087644378,29338.47629640882
2016-11-16,1223.4000244140625,67.74800109863281,10.0,26647.45324419159,29312.19856861075
2016-11-17,1216.5,67.98149871826172,10.0,26588.484637023288,29247.33310072562
2016-11-18,1208.5,67.97480010986328,10.0,26411.02960527586,29052.132565803448
2016-11-21,1209.5999755859375,68.16999816894531,10.0,26510.980475139342,29162.07852265328
2016-11-22,1211.0,68.21549987792969,10.0,26559.380890309083,29215.318979339994
2016-11-23,1189.0999755859375,68.385498046875,10.0,26144.06547750936,28758.4720252603
2016-11-25,1178.199951171875,68.74549865722656,10.0,26040.78099288843,28644.859092177277
2016-11-28,1190.5999755859375,68.50849914550781,10.0,26224.128284620965,28846.541113083065
2016-11-29,1187.9000244140625,68.55549621582031,10.0,26182.608268680735,28800.86909554881
2016-11-30,1170.800048828125,68.60800170898438,10.0,25825.470365354056,28408.017401889465
2016-12-01,1166.9000244140625,68.58799743652344,10.0,25731.938811770655,28305.13269294772
2016-12-02,1175.0999755859375,68.21649932861328,10.0,25772.407187490666,28349.647906239734
2016-12-05,1174.0,68.0114974975586,10.0,25670.90458055646,28237.99503861211
2016-12-06,1167.5999755859375,68.01249694824219,10.0,25531.33562985073,28084.469192835808
2016-12-07,1175.0,67.72200012207031,10.0,25583.40705818722,28141.747764005944
2016-12-08,1169.800048828125,67.43150329589844,10.0,25360.93232211676,27897.02555432844
2016-12-09,1159.4000244140625,67.40599822998047,10.0,25125.955597760254,27638.551157536283
2016-12-12,1163.5,67.46050262451172,10.0,25235.19694041487,27758.71663445636
2016-12-13,1156.699951171875,67.41799926757812,10.0,25071.90395322492,27579.094348547413
2016-12-14,1161.300048828125,67.3864974975586,10.0,25159.851088871386,27675.836197758526
2016-12-15,1127.800048828125,67.81999969482422,10.0,24591.25145637828,27050.37660201611
2016-12-16,1135.300048828125,67.84500122070312,10.0,24763.911842271275,27240.303026498405
2016-12-19,1140.5,67.83499908447266,10.0,24873.66902626427,27361.0359288907
2016-12-20,1131.5,67.84020233154297,10.0,24679.27691036085,27147.204601396938
2016-12-21,1131.0999755859375,67.89700317382812,10.0,24691.20794517508,27160.32873969259
2016-12-22,1128.800048828125,67.82550048828125,10.0,24615.0524098458,27076.557650830382
2016-12-23,1131.9000244140625,67.83799743652344,10.0,24687.199496713227,27155.919446384552
2016-12-27,1137.300048828125,67.77200317382812,10.0,24780.845409286598,27258.92995021526
2016-12-28,1139.4000244140625,67.96800231933594,10.0,24898.401627478073,27388.241790225882
2016-12-29,1156.4000244140625,68.20500183105469,10.0,25358.003370229337,27893.80370725227
2016-12-30,1150.0,67.93299865722656,10.0,25117.092435195573,27628.801678715132
2017-01-03,1160.4000244140625,68.13390350341797,10.0,25419.191823682733,27961.111006051007
2017-01-04,1163.800048828125,68.2697982788086,10.0,25544.518967435717,28098.97086417929
2017-01-05,1179.699951171875,67.885498046875,10.0,25747.75145278726,28322.526598065986
2017-01-06,1171.9000244140625,67.73300170898438,10.0,25520.05605684136,28072.0616625255
2017-01-09,1183.5,68.1426010131836,10.0,25928.51875162049,28521.37062678254
2017-01-10,1184.199951171875,68.09700012207031,10.0,25926.491944477897,28519.14113892569
2017-01-11,1195.5999755859375,68.31800079345703,10.0,26261.031742645453,28887.13491691
2017-01-12,1198.9000244140625,68.13999938964844,10.0,26264.90489231878,28891.39538155066
2017-01-13,1195.300048828125,68.12950134277344,10.0,26182.00404509232,28800.20444960155
2017-01-17,1212.0,68.09459686279297,10.0,26534.200780524727,29187.6208585772
2017-01-18,1211.300048828125,67.89949798583984,10.0,26442.897174161422,29087.186891577567
2017-01-19,1200.9000244140625,68.197998046875,10.0,26331.113064279703,28964.224370707678
2017-01-20,1204.300048828125,68.09030151367188,10.0,26363.96336027675,29000.359696304426
2017-01-23,1215.0,68.07720184326172,10.0,26593.084456592664,29252.392902251933
2017-01-24,1210.300048828125,68.05139923095703,10.0,26480.17483950344,29128.192323453786
2017-01-25,1197.300048828125,68.16449737548828,10.0,26239.283693480385,28863.212062828425
2017-01-26,1189.5,67.9729995727539,10.0,25995.107621904535,28594.618384094993
2017-01-27,1188.0999755859375,68.14900207519531,10.0,26031.74166950522,28634.915836455744
2017-01-30,1193.199951171875,68.11000061035156,10.0,26128.522321471173,28741.374553618294
2017-01-31,1208.5999755859375,67.82099914550781,10.0,26353.451512361833,28988.79666359802
2017-02-01,1205.5999755859375,67.50160217285156,10.0,26164.23551420307,28780.65906562338
2017-02-02,1216.699951171875,67.39540100097656,10.0,26363.58644753713,28999.945092290847
2017-02-03,1218.5,67.2656021118164,10.0,26351.740535067853,28986.91458857464
2017-02-06,1230.0,67.15730285644531,10.0,26557.61651049809,29213.378161547902
2017-02-07,1234.199951171875,67.19529724121094,10.0,26663.376331950476,29329.713965145525
2017-02-08,1237.5999755859375,67.34049987792969,10.0,26794.60543182298,29474.06597500528
2017-02-09,1235.0999755859375,66.96430206298828,10.0,26591.093556392745,29250.202912032022
2017-02-10,1234.4000244140625,66.74530029296875,10.0,26489.109042765143,29138.01994704166
2017-02-13,1224.4000244140625,66.84369659423828,10.0,26313.252123366034,28944.57733570264
2017-02-14,1223.9000244140625,66.91539764404297,10.0,26330.720597431442,28963.79265717459
2017-02-15,1231.699951171875,66.7759017944336,10.0,26443.28611881678,29087.61473069846
2017-02-16,1240.0,66.8655014038086,10.0,26657.19991021032,29322.91990123135
2017-02-17,1237.5999755859375,67.16480255126953,10.0,26724.695933796997,29397.165527176698
2017-02-21,1237.5,66.96499633789062,10.0,26643.04112660622,29307.345239266844
2017-02-22,1232.0,66.96510314941406,10.0,26524.66991820153,29177.136910021683
2017-02-23,1250.199951171875,66.91429901123047,10.0,26896.08994374928,29585.698938124213
2017-02-24,1256.9000244140625,66.68280029296875,10.0,26946.682307852967,29641.350538638268
2017-02-27,1257.4000244140625,66.63500213623047,10.0,26938.07877342656,29631.88665076922
2017-02-28,1252.5999755859375,66.69319915771484,10.0,26858.681382063653,29544.54952027002
2017-03-01,1248.9000244140625,66.7051010131836,10.0,26784.124707479063,29462.537178226972
2017-03-02,1231.9000244140625,66.85800170898438,10.0,26480.098361140477,29128.10819725453
2017-03-03,1225.5,66.84510040283203,10.0,26337.444513855564,28971.188965241123
2017-03-06,1224.5,66.77300262451172,10.0,26287.569474083175,28916.326421491496
2017-03-07,1215.0999755859375,66.66470336914062,10.0,26043.46116555582,28647.807282111404
2017-03-08,1208.5,66.61620330810547,10.0,25883.158389842127,28471.47422882634
2017-03-09,1202.4000244140625,66.76499938964844,10.0,25810.033242599115,28391.036566859028
2017-03-10,1200.699951171875,66.68049621582031,10.0,25740.91936613302,28315.011302746327
2017-03-13,1202.4000244140625,66.48500061035156,10.0,25701.79123155133,28271.970354706467
2017-03-14,1201.9000244140625,66.17009735107422,10.0,25569.41875407494,28126.36062948244
2017-03-15,1200.0999755859375,65.77510070800781,10.0,25378.71839305633,27916.590232361967
2017-03-16,1226.5,65.62049865722656,10.0,25876.04018939617,28463.64420833579
2017-03-17,1229.800048828125,65.40450286865234,10.0,25860.260363447167,28446.286399791887
2017-03-20,1233.5999755859375,65.46810150146484,10.0,25965.38923718061,28561.928160898675
2017-03-21,1246.0999755859375,65.33529663085938,10.0,26175.28944865171,28792.818393516885
2017-03-22,1249.300048828125,65.49500274658203,10.0,26306.656848683626,28937.32253355199
2017-03-23,1246.9000244140625,65.36499786376953,10.0,26204.001939382826,28824.40213332111
2017-03-24,1248.199951171875,65.44439697265625,10.0,26263.183598547537,28889.501958402292
2017-03-27,1255.4000244140625,65.39309692382812,10.0,26393.973499665626,29033.370849632192
2017-03-28,1255.300048828125,65.04499816894531,10.0,26251.383084701836,28876.52139317202
2017-03-29,1253.4000244140625,65.11000061035156,10.0,26237.84344353988,28861.62778789387
2017-03-30,1245.0,64.77999877929688,10.0,25929.910936140503,28522.902029754554
2017-03-31,1247.300048828125,64.79000091552734,10.0,25981.825616252678,28580.00817787795
2017-04-03,1250.800048828125,64.79669952392578,10.0,26057.42599013864,28663.168589152505
2017-04-04,1255.0,64.87750244140625,10.0,26177.525218693987,28795.27774056339
2017-04-05,1245.4000244140625,65.05000305175781,10.0,26046.3534292906,28650.98877221966
2017-04-06,1250.300048828125,65.04000091552734,10.0,26144.812101681528,28759.293311849684
2017-04-07,1254.300048828125,64.58000183105469,10.0,26042.953188551866,28647.248507407054
2017-04-10,1251.0999755859375,64.26000213623047,10.0,25847.794333046197,28432.57376635082
2017-04-11,1271.199951171875,64.57499694824219,10.0,26391.799304750093,29030.979235225106
2017-04-12,1275.300048828125,64.62999725341797,10.0,26499.473902630096,29149.42129289311
2017-04-13,1285.9000244140625,64.5,10.0,26665.986649318253,29332.585314250082
2017-04-17,1289.4000244140625,64.45369720458984,10.0,26719.372015745732,29391.309217320308
2017-04-18,1291.699951171875,64.4083023071289,10.0,26748.179769216254,29422.997746137884
2017-04-19,1281.4000244140625,64.56999969482422,10.0,26601.507606977917,29261.65836767571
2017-04-20,1281.9000244140625,64.64669799804688,10.0,26643.497915663775,29307.847707230154
2017-04-21,1287.4000244140625,64.66000366210938,10.0,26763.319334870026,29439.651268357033
2017-04-24,1275.800048828125,64.63999938964844,10.0,26513.966073774158,29165.362681151575
2017-04-25,1265.5999755859375,64.38999938964844,10.0,26200.26095311383,28820.287048425216
2017-04-26,1262.0999755859375,64.3499984741211,10.0,26111.573135866816,28722.730449453502
2017-04-27,1263.699951171875,64.0199966430664,10.0,26010.599010357877,28611.658911393668
2017-04-28,1266.0999755859375,64.05999755859375,10.0,26076.281236828898,28683.90936051179
2017-05-01,1253.300048828125,64.25830078125,10.0,25892.562414761353,28481.81865623749
2017-05-02,1255.0999755859375,64.18000030517578,10.0,25898.151917350646,28487.967109085712
2017-05-03,1246.4000244140625,64.06999969482422,10.0,25674.554048206115,28242.00945302673
2017-05-04,1226.5,64.20999908447266,10.0,25319.839849890115,27851.823834879127
2017-05-05,1224.800048828125,64.16999816894531,10.0,25268.994450986196,27795.893896084817
2017-05-08,1225.300048828125,64.30799865722656,10.0,25333.674311488645,27867.041742637513
2017-05-09,1214.300048828125,64.41179656982422,10.0,25146.76731552552,27661.444047078076
2017-05-10,1217.300048828125,64.63999938964844,10.0,25298.205801041368,27828.026381145508
2017-05-11,1222.699951171875,64.55000305175781,10.0,25375.04961805863,27912.554579864496
2017-05-12,1226.199951171875,64.36000061035156,10.0,25372.781071530513,27910.05917868357
2017-05-15,1228.5999755859375,64.16549682617188,10.0,25345.613141316673,27880.17445544834
2017-05-16,1235.0,64.03829956054688,10.0,25427.13841119983,27969.852252319815
2017-05-17,1257.5,63.900001525878906,10.0,25834.472621664034,28417.91988383044
2017-05-18,1251.699951171875,64.2300033569336,10.0,25848.117435543634,28432.929179098
2017-05-19,1252.699951171875,64.87110137939453,10.0,26126.97141171678,28739.66855288846
2017-05-22,1260.699951171875,64.44850158691406,10.0,26122.53373534267,28734.78710887694
2017-05-23,1254.800048828125,64.50019836425781,10.0,26021.139761407703,28623.253737548475
2017-05-24,1252.4000244140625,64.88520050048828,10.0,26126.39307181599,28739.032378997592
2017-05-25,1255.800048828125,64.76010131835938,10.0,26146.81254447571,28761.493798923282
2017-05-26,1267.5999755859375,64.54540252685547,10.0,26304.998044344367,28935.497848778807
2017-05-30,1262.0999755859375,64.50859832763672,10.0,26175.928874368914,28793.52176180581
2017-05-31,1272.0,64.61859893798828,10.0,26426.2407282528,29068.86480107808
2017-06-01,1267.0,64.5000991821289,10.0,26274.093161141776,28901.502477255955
2017-06-02,1276.800048828125,64.37229919433594,10.0,26424.85725224068,29067.34297746475
2017-06-05,1279.300048828125,64.40499877929688,10.0,26490.04712753543,29139.051840288972
2017-06-06,1294.4000244140625,64.34400177001953,10.0,26777.332924594262,29455.066217053693
2017-06-07,1290.0999755859375,64.42050170898438,10.0,26720.107924186857,29392.118716605546
2017-06-08,1276.300048828125,64.41829681396484,10.0,26433.383821463172,29076.722203609494
2017-06-09,1268.5,64.243896484375,10.0,26200.71139596177,28820.78253555795
2017-06-12,1266.0999755859375,64.37699890136719,10.0,26205.319895612043,28825.85188517325
2017-06-13,1265.800048828125,64.46910095214844,10.0,26236.59431676011,28860.253748436124
2017-06-14,1272.800048828125,64.35749816894531,10.0,26336.015821978093,28969.617404175904
2017-06-15,1252.199951171875,64.16580200195312,10.0,25832.595731589663,28415.85530474863
2017-06-16,1254.0,64.55999755859375,10.0,26028.65816981258,28631.52398679384
2017-06-19,1244.199951171875,64.3949966430664,10.0,25759.239853719446,28335.163839091394
2017-06-20,1241.0,64.48760223388672,10.0,25729.93855104841,28302.932406153253
2017-06-21,1243.4000244140625,64.53050231933594,10.0,25796.848637392584,28376.533501131846
2017-06-22,1247.5999755859375,64.5416030883789,10.0,25888.43777624344,28477.28155386779
2017-06-23,1256.199951171875,64.59100341796875,10.0,26086.84403356367,28695.528436920038
2017-06-26,1246.300048828125,64.49800109863281,10.0,25843.99245054175,28428.39169559593
2017-06-27,1246.4000244140625,64.42130279541016,10.0,25815.330550254774,28396.863605280254
2017-06-28,1248.0,64.5248031616211,10.0,25889.99769984186,28478.99746982605
2017-06-29,1244.199951171875,64.51190185546875,10.0,25806.004191997366,28386.604611197105
2017-06-30,1240.699951171875,64.78510284423828,10.0,25842.38877795468,28426.627655750148
2017-07-03,1217.9000244140625,64.60679626464844,10.0,25297.673492703296,27827.44084197363
2017-07-05,1220.4000244140625,64.7688980102539,10.0,25413.20581702567,27954.52639872824
2017-07-06,1222.199951171875,64.79139709472656,10.0,25459.527823406486,28005.480605747136
2017-07-07,1208.5999755859375,64.71330261230469,10.0,25145.882603988885,27660.470864387775
2017-07-10,1212.0999755859375,64.61170196533203,10.0,25179.10922396027,27697.0201463563
2017-07-12,1218.0999755859375,64.52559661865234,10.0,25270.02673842123,27797.029412263357
2017-07-13,1216.300048828125,64.36499786376953,10.0,25169.88443246742,27686.872875714165
2017-07-14,1226.5999755859375,64.42579650878906,10.0,25407.00577902334,27947.706356925675
2017-07-17,1232.800048828125,64.26730346679688,10.0,25472.610751818644,28019.871827000512
2017-07-18,1241.0999755859375,64.33000183105469,10.0,25669.125243771694,28236.037768148864
2017-07-19,1241.199951171875,64.3062973022461,10.0,25661.73358997924,28227.90694897717
2017-07-20,1244.800048828125,64.26329803466797,10.0,25718.956558397298,28290.85221423703
2017-07-21,1254.300048828125,64.32499694824219,10.0,25940.11825455308,28534.130080008388
2017-07-24,1253.9000244140625,64.46109771728516,10.0,25986.712749838804,28585.384024822688
2017-07-25,1251.699951171875,64.36509704589844,10.0,25902.483267003416,28492.73159370376
2017-07-26,1249.0,64.4469985961914,10.0,25879.49949254684,28467.449441801527
2017-07-27,1259.5999755859375,64.3447036743164,10.0,26057.706424438835,28663.477066882722
2017-07-28,1268.4000244140625,64.18499755859375,10.0,26174.627443965102,28792.090188361613
2017-07-31,1266.5999755859375,64.12349700927734,10.0,26112.43742551019,28723.68116806121
2017-08-01,1272.5999755859375,64.18949890136719,10.0,26263.13911127476,28889.45302240224
2017-08-02,1271.800048828125,64.05580139160156,10.0,26191.962749389473,28811.159024328423
2017-08-03,1267.800048828125,63.64059829711914,10.0,25940.345500840336,28534.380050924374
2017-08-04,1258.300048828125,63.696998596191406,10.0,25768.78372009345,28345.662092102797
2017-08-07,1258.199951171875,63.66510009765625,10.0,25753.83022303716,28329.213245340878
2017-08-08,1256.4000244140625,63.830101013183594,10.0,25783.638648806707,28362.00251368738
2017-08-09,1273.0,63.70289993286133,10.0,26072.23997766569,28679.46397543226
2017-08-10,1283.699951171875,63.887699127197266,10.0,26367.65516744629,29004.42068419092
2017-08-11,1287.699951171875,64.13860321044922,10.0,26553.692099708303,29209.061309679135
2017-08-14,1284.199951171875,64.08100128173828,10.0,26457.735855145937,29103.50944066053
2017-08-15,1273.699951171875,64.17430114746094,10.0,26279.616196894305,28907.577816583736
2017-08-16,1276.9000244140625,64.26300048828125,10.0,26382.055682610393,29020.261250871434
2017-08-17,1286.4000244140625,64.1604995727539,10.0,26535.942327007917,29189.53655970871
2017-08-18,1285.699951171875,64.18890380859375,10.0,26533.242397956874,29186.566637752563
2017-08-21,1290.800048828125,64.07589721679688,10.0,26591.59620497607,29250.75582547368
2017-08-22,1285.0999755859375,64.15750122070312,10.0,26507.886010378363,29158.6746114162
2017-08-23,1288.9000244140625,64.05750274658203,10.0,26544.83156364186,29199.31472000605
2017-08-24,1286.5,64.00499725341797,10.0,26473.685908827694,29121.054499710466
2017-08-25,1292.5,64.03500366210938,10.0,26609.623429284926,29270.58577221342
2017-08-28,1309.699951171875,63.99549865722656,10.0,26947.096457501382,29641.80610325152
2017-08-29,1313.0999755859375,63.78929901123047,10.0,26930.000473995144,29623.00052139466
2017-08-30,1308.0999755859375,63.98680114746094,10.0,26910.51907946562,29601.570987412182
2017-08-31,1316.199951171875,63.976200103759766,10.0,27072.667530255665,29779.934283281233
2017-09-01,1324.5,63.91189956665039,10.0,27216.008158576507,29937.60897443416
2017-09-05,1339.199951171875,64.02629852294922,10.0,27567.32067312344,30324.052740435785
2017-09-06,1333.9000244140625,64.0999984741211,10.0,27489.828967663285,30238.811864429616
2017-09-07,1345.0999755859375,64.0154037475586,10.0,27684.060642038676,30452.466706242547
2017-09-08,1346.0,63.95009994506836,10.0,27674.324280567143,30441.75670862386
2017-09-11,1331.0,63.930999755859375,10.0,27357.74452233634,30093.518974569975
2017-09-12,1328.0,63.97999954223633,10.0,27317.002714192888,30048.702985612177
2017-09-13,1323.4000244140625,63.98759841918945,10.0,27225.614258894515,29948.175684783968
2017-09-14,1324.699951171875,64.11509704589844,10.0,27306.658712389824,30037.324583628808
2017-09-15,1320.4000244140625,64.15499877929688,10.0,27234.96132411714,29958.457456528857
2017-09-18,1306.300048828125,64.12020111083984,10.0,26929.516563074663,29622.46821938213
2017-09-19,1306.199951171875,64.2146987915039,10.0,26967.13759736977,29663.85135710675
2017-09-20,1312.0,64.29869842529297,10.0,27122.314959404688,29834.54645534516
2017-09-21,1290.5999755859375,64.28369903564453,10.0,26673.69923191171,29341.069155102883
2017-09-22,1293.300048828125,64.80229949951172,10.0,26945.14029189425,29639.65432108368
2017-09-25,1306.800048828125,64.89099884033203,10.0,27263.671436671662,29990.03858033883
2017-09-26,1297.0,65.26509857177734,10.0,27215.21142237858,29936.73256461644
2017-09-27,1283.4000244140625,65.3499984741211,10.0,26964.872003840712,29661.359204224784
2017-09-28,1285.5,65.5250015258789,10.0,27081.32186458673,29789.454051045406
2017-09-29,1281.5,65.36000061035156,10.0,26929.072542371607,29621.979796608768
2017-10-02,1272.699951171875,65.29329681396484,10.0,26716.856838292733,29388.54252212201
2017-10-03,1271.5,65.57170104980469,10.0,26805.477803085396,29486.025583393937
2017-10-04,1273.699951171875,65.44309997558594,10.0,26799.194059652433,29479.11346561768
2017-10-05,1269.9000244140625,65.01950073242188,10.0,26546.29400790673,29200.923408697407
2017-10-06,1271.5999755859375,65.20999908447266,10.0,26659.711364886407,29325.68250137505
2017-10-09,1281.800048828125,65.41419982910156,10.0,26957.71361261437,29653.48497387581
2017-10-10,1290.5999755859375,65.41459655761719,10.0,27142.950703369297,29857.24577370623
2017-10-11,1285.800048828125,65.23889923095703,10.0,26969.369947645017,29666.30694240952
2017-10-12,1293.300048828125,65.20539855957031,10.0,27112.751021894524,29824.02612408398
2017-10-13,1301.5,65.0459976196289,10.0,27217.95486101147,29939.75034711262
2017-10-16,1299.9000244140625,64.6729965209961,10.0,27028.607634694938,29731.468398164434
2017-10-17,1283.0,64.6946029663086,10.0,26686.120727819674,29354.732800601643
2017-10-18,1279.9000244140625,64.92870330810547,10.0,26717.973523628407,29389.77087599125
2017-10-19,1286.9000244140625,65.04010009765625,10.0,26910.189015244876,29601.207916769366
2017-10-20,1277.4000244140625,64.90460205078125,10.0,26655.887679602933,29321.47644756323
2017-10-23,1277.699951171875,65.1041030883789,10.0,26744.09932551335,29418.50925806469
2017-10-24,1275.0,65.03489685058594,10.0,26659.216321152628,29325.13795326789
2017-10-25,1275.4000244140625,65.07949829101562,10.0,26685.8693424265,29354.456276669152
2017-10-26,1266.300048828125,64.83999633789062,10.0,26397.958599092173,29037.754459001393
2017-10-27,1268.5,64.5999984741211,10.0,26345.941152739277,28980.535268013205
2017-10-30,1274.0999755859375,64.87339782714844,10.0,26574.242316056596,29231.66654766226
2017-10-31,1267.0,64.84239959716797,10.0,26413.52911717711,29054.882028894823
2017-11-01,1274.0999755859375,64.67009735107422,10.0,26490.96386456311,29140.060251019422
2017-11-02,1274.9000244140625,64.55509948730469,10.0,26460.46197772501,29106.50817549751
2017-11-03,1266.5,64.50050354003906,10.0,26263.889187216704,28890.278105938378
2017-11-06,1279.4000244140625,64.69339752197266,10.0,26610.74617616682,29271.820793783503
2017-11-07,1273.699951171875,64.59089660644531,10.0,26450.21359453985,29095.23495399384
2017-11-08,1281.5999755859375,65.16449737548828,10.0,26850.617533555924,29535.67928691152
2017-11-09,1285.5999755859375,64.9104995727539,10.0,26829.43612969712,29512.37974266683
2017-11-10,1272.4000244140625,64.96800231933594,10.0,26577.487336555667,29235.236070211235
2017-11-13,1277.300048828125,65.1603012084961,10.0,26758.807180949858,29434.687899044846
2017-11-14,1281.5,65.43840026855469,10.0,26961.374103928123,29657.511514320937
2017-11-15,1276.5,65.41339874267578,10.0,26845.91878567545,29530.510664242996
2017-11-17,1295.800048828125,65.20999908447266,10.0,27167.077659344337,29883.785425278773
2017-11-20,1274.5999755859375,64.90499877929688,10.0,26597.620801355828,29257.382881491412
2017-11-21,1281.0999755859375,65.0250015258789,10.0,26782.68615020143,29460.954765221573
2017-11-22,1291.5999755859375,64.76129913330078,10.0,26892.694513313578,29581.96396464494
2017-11-24,1286.699951171875,64.57939910888672,10.0,26715.420991243293,29386.963090367622
2017-11-27,1293.800048828125,64.54499816894531,10.0,26848.528873789986,29533.38176116899
2017-11-28,1294.699951171875,64.43389892578125,10.0,26820.957703481123,29503.053473829237
2017-11-29,1282.0999755859375,64.47000122070312,10.0,26574.8185866828,29232.30044535108
2017-11-30,1273.199951171875,64.41480255126953,10.0,26367.747508486937,29004.522259335634
2017-12-01,1278.800048828125,64.49939727783203,10.0,26518.505116233297,29170.35562785663
2017-12-04,1274.300048828125,64.50900268554688,10.0,26429.123819520642,29072.03620147271
2017-12-05,1261.5999755859375,64.35140228271484,10.0,26101.798044848292,28711.977849333125
2017-12-06,1262.800048828125,64.35690307617188,10.0,26128.860207699054,28741.74622846896
2017-12-07,1249.800048828125,64.51519775390625,10.0,25923.480413132984,28515.828454446284
2017-12-08,1245.199951171875,64.54239654541016,10.0,25838.95350261563,28422.848852877196
2017-12-11,1243.699951171875,64.4729995727539,10.0,25780.078261462008,28358.08608760821
2017-12-12,1238.5,64.3499984741211,10.0,25623.313488899636,28185.6448377896
2017-12-13,1245.4000244140625,64.55000305175781,10.0,25846.15087581365,28430.76596339502
2017-12-14,1253.800048828125,64.31999969482422,10.0,25927.763357177035,28520.53969289474
2017-12-15,1254.300048828125,64.2750015258789,10.0,25919.956774105074,28511.952451515583
2017-12-18,1262.199951171875,64.07230377197266,10.0,26000.95124100292,28601.046365103215
2017-12-19,1260.699951171875,64.20010375976562,10.0,26021.852098691732,28624.037308560906
2017-12-20,1266.0999755859375,64.04759979248047,10.0,26071.234598549174,28678.358058404094
2017-12-21,1267.300048828125,63.96500015258789,10.0,26062.291323055495,28668.520455361046
2017-12-22,1275.4000244140625,64.00969696044922,10.0,26247.196960500805,28871.91665655089
2017-12-26,1284.0999755859375,64.010498046875,10.0,26426.569028963266,29069.225931859593
2017-12-27,1287.0,64.0281982421875,10.0,26493.575043868153,29142.932548254972
2017-12-28,1294.0999755859375,64.11499786376953,10.0,26675.845859853904,29343.430445839298
2017-12-29,1306.300048828125,64.06199645996094,10.0,26905.071488312937,29595.578637144234
2018-01-02,1313.699951171875,63.86759948730469,10.0,26975.37651001882,29672.914161020704
2018-01-03,1316.199951171875,63.459999084472656,10.0,26854.227883148244,29539.65067146307
2018-01-04,1319.4000244140625,63.41910171508789,10.0,26902.169965182336,29592.386961700573
2018-01-05,1320.300048828125,63.369598388671875,10.0,26899.50772317654,29589.458495494197
2018-01-08,1318.5999755859375,63.26499938964844,10.0,26820.52715952699,29502.579875479692
2018-01-09,1311.699951171875,63.45199966430664,10.0,26759.041542408042,29434.945696648847
2018-01-10,1317.4000244140625,63.63610076904297,10.0,26953.30130266785,29648.631432934635
2018-01-11,1320.5999755859375,63.7599983215332,10.0,27071.375320068855,29778.512852075743
2018-01-12,1333.4000244140625,63.67210006713867,10.0,27296.085580084986,30025.694138093488
2018-01-16,1335.4000244140625,63.52119827270508,10.0,27272.239369903986,29999.463306894388
2018-01-17,1338.0,63.994300842285156,10.0,27528.855121442135,30281.740633586352
2018-01-18,1326.0,63.82500076293945,10.0,27209.783790138637,29930.762169152502
2018-01-19,1331.9000244140625,63.86759948730469,10.0,27349.094898133226,30084.004387946552
2018-01-22,1330.9000244140625,63.83209991455078,10.0,27313.370950110602,30044.708045121664
2018-01-23,1335.699951171875,63.88010025024414,10.0,27432.49048663513,30175.739535298646
2018-01-24,1355.9000244140625,63.7504997253418,10.0,27790.86087867913,30569.946966547046
2018-01-25,1362.4000244140625,63.57789993286133,10.0,27848.484067942547,30633.332474736802
2018-01-26,1351.5999755859375,63.57310104370117,10.0,27625.637570880717,30388.201327968793
2018-01-30,1335.4000244140625,63.66939926147461,10.0,27335.868094652335,30069.45490411757
2018-01-31,1339.0,63.769901275634766,10.0,27452.826147563763,30198.108762320142
2018-02-01,1344.300048828125,63.665000915527344,10.0,27516.15214988218,30267.7673648704
2018-02-02,1333.699951171875,63.974998474121094,10.0,27432.106464274464,30175.31711070191
2018-02-05,1333.0,64.13249969482422,10.0,27485.209733052772,30233.730706358052
2018-02-06,1326.0999755859375,64.314697265625,10.0,27420.6177676989,30162.679544468792
2018-02-07,1311.5999755859375,63.97999954223633,10.0,26979.653684500285,29677.619052950315
2018-02-08,1316.9000244140625,64.19999694824219,10.0,27181.821193281423,29900.003312609566
2018-02-09,1313.0999755859375,64.44049835205078,10.0,27204.91803585562,29925.40983944118
2018-02-12,1324.199951171875,64.2113037109375,10.0,27337.310990308444,30071.04208933929
2018-02-13,1328.0999755859375,64.28350067138672,10.0,27448.652297087883,30193.517526796673
2018-02-14,1355.5,64.2500991821289,10.0,28000.38884414157,30800.42772855573
2018-02-15,1352.0999755859375,64.02519989013672,10.0,27832.389026424236,30615.62792906666
2018-02-16,1353.199951171875,63.890899658203125,10.0,27796.60240738426,30576.262648122687
2018-02-20,1328.800048828125,64.50499725341797,10.0,27557.74864565077,30313.523510215848
2018-02-21,1330.0,64.86499786376953,10.0,27736.5721410174,30510.229355119143
2018-02-22,1330.5999755859375,64.8949966430664,10.0,27761.917774177717,30538.10955159549
2018-02-23,1328.199951171875,64.95140075683594,10.0,27735.9291763867,30509.52209402537
2018-02-26,1330.699951171875,64.7030029296875,10.0,27681.863082678425,30450.04939094627
2018-02-27,1315.5,64.78040313720703,10.0,27398.40221421893,30138.242435640826
2018-02-28,1315.5,64.91000366210938,10.0,27453.215817353317,30198.53739908865
2018-03-01,1302.9000244140625,65.23999786376953,10.0,27328.49833924758,30061.34817317234
2018-03-02,1321.0999755859375,65.1500015258789,10.0,27672.019362857045,30439.22129914275
2018-03-05,1318.0999755859375,65.18669891357422,10.0,27624.73234411241,30387.20557852365
2018-03-06,1333.5999755859375,65.00370025634766,10.0,27871.118386953505,30658.23022564886
2018-03-07,1326.0,64.88999938964844,10.0,27663.81249398744,30430.193743386186
2018-03-08,1319.9000244140625,64.89119720458984,10.0,27537.059422443093,30290.765364687406
2018-03-09,1322.4000244140625,65.09040069580078,10.0,27673.910482501346,30441.301530751483
2018-03-12,1319.4000244140625,64.96489715576172,10.0,27557.891199822872,30313.68031980516
2018-03-13,1325.9000244140625,64.94550323486328,10.0,27685.387279466555,30453.926007413214
2018-03-14,1324.4000244140625,64.8281021118164,10.0,27604.07671792788,30364.48438972067
2018-03-15,1316.800048828125,64.83679962158203,10.0,27449.354866030695,30194.29035263377
2018-03-16,1311.300048828125,65.01439666748047,10.0,27409.57819042816,30150.53600947098
2018-03-19,1316.800048828125,65.06500244140625,10.0,27545.966978586275,30300.563676444905
2018-03-20,1311.0999755859375,65.21009826660156,10.0,27487.889866188016,30236.67885280682
2018-03-21,1320.699951171875,65.2323989868164,10.0,27698.627536037005,30468.490289640707
2018-03-22,1326.5999755859375,65.06559753417969,10.0,27751.224171018443,30526.34658812029
2018-03-23,1349.300048828125,65.16000366210938,10.0,28267.04265530406,31093.746920834466
2018-03-26,1354.4000244140625,65.01499938964844,10.0,28310.742122468564,31141.816334715422
2018-03-27,1341.300048828125,64.69499969482422,10.0,27898.920137477537,30688.81215122529
2018-03-28,1324.199951171875,64.89550018310547,10.0,27628.600695658904,30391.460765224798
2018-03-29,1322.800048828125,65.14920043945312,10.0,27707.288736773,30478.0176104503
2018-04-02,1342.0999755859375,65.10549926757812,10.0,28092.68698941498,30901.95568835648
2018-04-03,1332.800048828125,65.13999938964844,10.0,27912.805429352797,30704.085972288078
2018-04-04,1335.800048828125,64.90499877929688,10.0,27874.708807232037,30662.179687955242
2018-04-05,1324.300048828125,64.99500274658203,10.0,27673.05457935046,30440.36003728551
2018-04-06,1331.9000244140625,64.86150360107422,10.0,27774.700027264957,30552.170029991456
2018-04-09,1336.300048828125,64.90450286865234,10.0,27884.92946213298,30673.42240834628
2018-04-10,1342.0,64.87000274658203,10.0,27988.98634748922,30787.88498223814
2018-04-11,1356.5,64.92530059814453,10.0,28315.517630293394,31147.069393322738
2018-04-12,1338.4000244140625,65.19000244140625,10.0,28051.60218596972,30856.762404566696
2018-04-13,1344.800048828125,65.27570343017578,10.0,28222.79459230974,31045.074051540716
2018-04-16,1347.5,65.19560241699219,10.0,28244.755174464924,31069.23069191142
2018-04-17,1347.199951171875,65.4292984008789,10.0,28339.687691376887,31173.656460514576
2018-04-18,1351.199951171875,65.67500305175781,10.0,28530.570809313387,31383.627890244727
2018-04-19,1346.800048828125,66.01000213623047,10.0,28582.723519931787,31440.99587192497
2018-04-20,1336.699951171875,66.11479949951172,10.0,28413.409829355416,31254.75081229096
2018-04-23,1322.5,66.1968994140625,10.0,28146.47852334871,30961.126375683583
2018-04-24,1331.4000244140625,66.54499816894531,10.0,28484.90111619835,31333.39122781819
2018-04-25,1321.199951171875,66.41410064697266,10.0,28211.071593841294,31032.178753225427
2018-04-26,1316.300048828125,66.90769958496094,10.0,28315.336933355284,31146.870626690816
2018-04-27,1320.300048828125,66.9000015258789,10.0,28398.114450534365,31237.925895587803
2018-04-30,1316.199951171875,66.61000061035156,10.0,28187.2070830946,31005.92779140406
2018-05-01,1303.800048828125,66.44999694824219,10.0,27854.585260741373,30640.043786815513
2018-05-02,1302.5999755859375,66.7886962890625,10.0,27970.792404568427,30767.871645025272
2018-05-03,1310.699951171875,67.08000183105469,10.0,28267.479584153767,31094.227542569148
2018-05-04,1312.699951171875,66.66000366210938,10.0,28133.35590926037,30946.691500186407
2018-05-07,1312.199951171875,66.81050109863281,10.0,28186.132197146457,31004.745416861104
2018-05-08,1312.0,67.1187973022461,10.0,28311.881962012918,31143.070158214214
2018-05-09,1311.300048828125,67.1624984741211,10.0,28315.201674581273,31146.721842039402
2018-05-10,1320.800048828125,67.62000274658203,10.0,28714.615052789395,31586.076558068336
2018-05-11,1319.0,67.38999938964844,10.0,28577.944345474396,31435.73878002184
2018-05-14,1316.5,67.3822021484375,10.0,28520.478122532182,31372.525934785404
2018-05-15,1288.9000244140625,67.6780014038086,10.0,28045.132432576353,30849.645675833992
2018-05-16,1290.199951171875,68.45999908447266,10.0,28397.796864022774,31237.576550425052
2018-05-17,1288.199951171875,68.05999755859375,10.0,28188.109226208755,31006.92014882963
2018-05-18,1290.199951171875,68.13999938964844,10.0,28265.058236332246,31091.564059965473
2018-05-21,1290.199951171875,67.9749984741211,10.0,28196.61443638797,31016.27588002677
2018-05-22,1291.699951171875,68.4000015258789,10.0,28405.89600242222,31246.485602664445
2018-05-23,1289.300048828125,68.43000030517578,10.0,28365.55459506864,31202.110054575507
2018-05-24,1303.699951171875,68.6500015258789,10.0,28774.576377975944,31652.03401577354
2018-05-25,1303.300048828125,68.26010131835938,10.0,28602.373810417004,31462.611191458705
2018-05-29,1298.699951171875,67.40280151367188,10.0,28143.461357935037,30957.807493728542
2018-05-30,1301.5,68.12999725341797,10.0,28508.42877017811,31359.271647195925
2018-05-31,1300.0999755859375,67.43000030517578,10.0,28185.169434474832,31003.686377922317
2018-06-01,1294.800048828125,67.43499755859375,10.0,28072.351385404112,30879.586523944527
2018-06-04,1293.0999755859375,66.92500305175781,10.0,27823.46675207511,30605.813427282625
2018-06-05,1297.5,67.05999755859375,10.0,27974.455232457887,30771.90075570368
2018-06-06,1297.0999755859375,67.08999633789062,10.0,27978.34089794993,30776.174987744926
2018-06-07,1298.699951171875,66.8301010131836,10.0,27904.33517855965,30694.768696415616
2018-06-08,1298.0999755859375,67.41000366210938,10.0,28133.465400367208,30946.81194040393
2018-06-11,1298.9000244140625,67.51000213623047,10.0,28192.564638366475,31011.821102203125
2018-06-12,1295.0999755859375,67.48999786376953,10.0,28101.755296240903,30911.930825864994
2018-06-13,1296.9000244140625,67.91000366210938,10.0,28315.940459224435,31147.534505146883
2018-06-14,1304.0,67.77999877929688,10.0,28416.45422804608,31258.09965085069
2018-06-15,1274.5999755859375,68.12999725341797,10.0,27919.202930820175,30711.123223902196
2018-06-18,1276.199951171875,68.05000305175781,10.0,27921.42703293818,30713.569736232
2018-06-19,1275.5999755859375,68.01000213623047,10.0,27891.89546661152,30681.085013272674
2018-06-20,1271.199951171875,68.05000305175781,10.0,27812.034194428434,30593.23761387128
2018-06-21,1267.199951171875,68.3499984741211,10.0,27846.742240906646,30631.416464997314
2018-06-22,1267.4000244140625,67.83000183105469,10.0,27639.2515236821,30403.17667605031
2018-06-25,1265.5999755859375,67.85489654541016,10.0,27610.12600230116,30371.13860253128
2018-06-26,1256.5999755859375,68.33999633789062,10.0,27609.766659615932,30370.74332557753
2018-06-27,1252.800048828125,68.36499786376953,10.0,27536.345640157902,30289.980204173695
2018-06-28,1247.800048828125,69.23999786376953,10.0,27777.476076734416,30555.22368440786
2018-06-29,1251.300048828125,68.79669952392578,10.0,27677.050323436968,30444.755355780668
2018-07-02,1239.800048828125,68.43499755859375,10.0,27278.509915185477,30006.360906704027
2018-07-03,1251.5999755859375,68.6948013305664,10.0,27642.68062057895,30406.94868263685
2018-07-05,1257.300048828125,68.9800033569336,10.0,27883.859240547474,30672.245164602224
2018-07-06,1254.300048828125,69.06999969482422,10.0,27853.61904280116,30638.98094708128
2018-07-09,1258.0999755859375,68.75499725341797,10.0,27810.587350599242,30591.64608565917
2018-07-10,1253.800048828125,68.65979766845703,10.0,27677.160984853992,30444.877083339394
2018-07-11,1242.800048828125,68.9000015258789,10.0,27530.318215191277,30283.350036710406
2018-07-12,1245.0,68.72000122070312,10.0,27507.001308462197,30257.701439308417
2018-07-13,1239.5999755859375,68.54000091552734,10.0,27315.955908996682,30047.55149989635
2018-07-16,1238.0999755859375,68.48670196533203,10.0,27261.685672428815,29987.8542396717
2018-07-17,1225.699951171875,68.72000122070312,10.0,27080.586474431177,29788.645121874295
2018-07-18,1226.300048828125,68.35600280761719,10.0,26950.33342893128,29645.36677182441
2018-07-19,1222.4000244140625,68.6155014038086,10.0,26966.608449595307,29663.26929455484
2018-07-20,1229.5,68.93509674072266,10.0,27249.57044792982,29974.527492722802
2018-07-23,1224.0,68.7332992553711,10.0,27048.260899440327,29753.086989384363
2018-07-24,1223.9000244140625,69.19999694824219,10.0,27229.693749708767,29952.663124679646
2018-07-25,1231.4000244140625,68.80999755859375,10.0,27242.15367196101,29966.36903915711
2018-07-26,1225.300048828125,68.83999633789062,10.0,27119.02225606293,29830.924481669226
2018-07-27,1222.5999755859375,68.73999786376953,10.0,27019.955860280043,29721.95144630805
2018-07-30,1221.300048828125,68.61499786376953,10.0,26942.144852303896,29636.35933753429
2018-07-31,1223.699951171875,68.68499755859375,10.0,27022.627086563098,29724.88979521941
2018-08-01,1217.9000244140625,68.4968032836914,10.0,26820.85887166814,29502.944758834958
2018-08-02,1210.5999755859375,68.30709838867188,10.0,26586.25930897565,29244.885239873216
2018-08-03,1214.199951171875,68.6155014038086,10.0,26785.711721876352,29464.28289406399
2018-08-06,1208.5999755859375,68.50499725341797,10.0,26619.23513688031,29281.158650568344
2018-08-07,1209.5999755859375,68.80999755859375,10.0,26759.873122620742,29435.86043488282
2018-08-08,1212.5999755859375,68.59600067138672,10.0,26742.813104446923,29417.094414891617
2018-08-09,1211.9000244140625,68.45500183105469,10.0,26672.43827553808,29339.68210309189
2018-08-10,1211.0999755859375,69.0999984741211,10.0,26905.977290335937,29596.575019369535
2018-08-13,1191.300048828125,69.08499908447266,10.0,26460.354231074718,29106.389654182192
2018-08-14,1193.0,69.9490966796875,10.0,26829.544050948345,29512.49845604318
2018-08-15,1177.5,69.94999694824219,10.0,26481.3031994969,29129.43351944659
2018-08-16,1176.199951171875,70.66000366210938,10.0,26720.5596981618,29392.61566797798
2018-08-17,1176.5,70.00499725341797,10.0,26479.617814280144,29127.57959570816
2018-08-20,1186.800048828125,69.78500366210938,10.0,26627.50036287308,29290.25039916039
2018-08-21,1192.5999755859375,69.73999786376953,10.0,26740.373189414335,29414.41050835577
2018-08-22,1196.300048828125,69.80999755859375,10.0,26850.25913097786,29535.285044075652
2018-08-23,1187.0,69.79000091552734,10.0,26633.893641143586,29297.28300525795
2018-08-24,1206.300048828125,70.2750015258789,10.0,27255.04775091687,29980.55252600856
2018-08-27,1209.0,69.76499938964844,10.0,27117.81126306845,29829.5923893753
2018-08-28,1207.4000244140625,69.94499969482422,10.0,27151.797816699844,29866.97759836983
2018-08-29,1204.5,70.54000091552734,10.0,27317.00004911109,30048.700054022203
2018-08-30,1197.699951171875,70.91000366210938,10.0,27305.25758313562,30035.783341449183
2018-08-31,1200.300048828125,71.40499877929688,10.0,27555.55597323846,30311.11157056231
2018-09-04,1192.699951171875,71.06999969482422,10.0,27252.619533429362,29977.8814867723
2018-09-05,1194.9000244140625,71.75,10.0,27564.125179387847,30320.537697326636
2018-09-06,1197.9000244140625,71.88999938964844,10.0,27687.248066612054,30455.972873273262
2018-09-07,1193.5999755859375,71.93890380859375,10.0,27606.627495174693,30367.290244692165
2018-09-10,1193.0,72.09500122070312,10.0,27652.62316340567,30417.88547974624
2018-09-11,1195.4000244140625,72.44499969482422,10.0,27842.768307061786,30627.045137767967
2018-09-12,1204.699951171875,72.98999786376953,10.0,28270.46694504426,31097.513639548688
2018-09-13,1202.0,71.92520141601562,10.0,27795.615317263582,30575.176848989944
2018-09-14,1195.0,72.02749633789062,10.0,27673.045838500264,30440.350422350293
2018-09-17,1199.699951171875,72.09500122070312,10.0,27807.921759356283,30588.713935291915
2018-09-18,1196.800048828125,72.53479766845703,10.0,27909.929554984985,30700.922510483484
2018-09-19,1202.199951171875,73.12000274658203,10.0,28262.048879267055,31088.253767193764
2018-09-20,1206.199951171875,72.34500122070312,10.0,28055.53617436666,30861.08979180333
2018-09-21,1196.199951171875,71.72000122070312,10.0,27582.574937949714,30340.832431744686
2018-09-24,1199.300048828125,72.2300033569336,10.0,27850.70701137367,30635.77771251104
2018-09-25,1200.0,73.30000305175781,10.0,28279.776765350965,31107.754441886063
2018-09-26,1194.0,73.08999633789062,10.0,28057.7605823915,30863.536640630653
2018-09-27,1182.300048828125,72.7699966430664,10.0,27661.186228019324,30427.30485082126
2018-09-28,1191.5,72.94999694824219,10.0,27945.382790949756,30739.921070044733
2018-10-01,1187.0999755859375,72.50499725341797,10.0,27672.34570687895,30439.58027756685
2018-10-02,1202.4000244140625,73.75499725341797,10.0,28512.228687501047,31363.451556251155
2018-10-03,1198.300048828125,73.27999877929688,10.0,28232.008010467114,31055.20881151383
2018-10-04,1197.199951171875,73.8499984741211,10.0,28425.48734620246,31268.03608082271
2018-10-05,1201.199951171875,74.22000122070312,10.0,28663.353591166622,31529.688950283286
2018-10-08,1184.4000244140625,73.76300048828125,10.0,28088.44650253985,30897.291152793838
2018-10-09,1187.199951171875,73.88999938964844,10.0,28203.32234876477,31023.654583641248
2018-10-10,1189.300048828125,74.55000305175781,10.0,28505.57727252317,31356.134999775488
2018-10-11,1223.5,74.5999984741211,10.0,29344.960577776506,32279.45663555416
2018-10-12,1218.0999755859375,74.16000366210938,10.0,29043.129760402677,31947.442736442947
2018-10-15,1226.4000244140625,73.6760025024414,10.0,29050.187685541714,31955.20645409589
2018-10-16,1227.300048828125,74.08000183105469,10.0,29230.919306329193,32154.011236962117
2018-10-17,1223.699951171875,73.45549774169922,10.0,28899.477229193857,31789.424952113244
2018-10-18,1226.5,73.91999816894531,10.0,29148.77031659184,32063.647348251026
2018-10-19,1225.300048828125,74.16000366210938,10.0,29214.80094146207,32136.281035608277
2018-10-22,1221.199951171875,73.46499633789062,10.0,28844.1654285447,31728.581971399173
2018-10-23,1233.4000244140625,73.8594970703125,10.0,29288.763479908634,32217.6398278995
2018-10-24,1227.800048828125,73.22129821777344,10.0,28903.857613143515,31794.24337445787
2018-10-25,1229.0999755859375,73.22049713134766,10.0,28934.14285740499,31827.557143145492
2018-10-26,1232.5,73.22019958496094,10.0,29014.064651394332,31915.47111653377
2018-10-29,1224.5,73.125,10.0,28788.259359879114,31667.08529586703
2018-10-30,1222.5999755859375,73.5905990600586,10.0,28926.604598897924,31819.265058787718
2018-10-31,1212.300048828125,73.6500015258789,10.0,28706.062162140748,31576.668378354825
2018-11-01,1236.0,74.06999969482422,10.0,29434.153591333044,32377.568950466353
2018-11-02,1230.9000244140625,73.30999755859375,10.0,29011.93685105146,31913.130536156612
2018-11-05,1229.800048828125,72.90499877929688,10.0,28825.87845695619,31708.466302651814
2018-11-06,1223.800048828125,72.86000061035156,10.0,28667.53654880173,31534.290203681907
2018-11-07,1226.199951171875,73.2300033569336,10.0,28869.621277537324,31756.583405291058
2018-11-08,1222.9000244140625,72.37999725341797,10.0,28457.729968747764,31303.50296562254
2018-11-09,1206.4000244140625,72.9000015258789,10.0,28275.455694891414,31103.001264380557
2018-11-12,1201.300048828125,72.47000122070312,10.0,27989.845517387093,30788.830069125805
2018-11-13,1199.199951171875,73.18000030517578,10.0,28214.655197236516,31036.12071696017
2018-11-14,1207.9000244140625,72.55000305175781,10.0,28174.691098255364,30992.160208080903
2018-11-15,1212.800048828125,72.4000015258789,10.0,28230.49669192929,31053.546361122222
2018-11-16,1220.800048828125,71.8917007446289,10.0,28217.207638812328,31038.928402693564
2018-11-19,1223.0999755859375,71.7750015258789,10.0,28224.477185520318,31046.92490407235
2018-11-20,1219.0,71.69000244140625,10.0,28096.55279183186,30906.208071015048
2018-11-21,1225.800048828125,71.41500091552734,10.0,28144.90703918016,30959.39774309818
2018-11-23,1221.0,70.83499908447266,10.0,27807.010105660494,30587.711116226546
2018-11-26,1220.199951171875,70.66999816894531,10.0,27724.05945152911,30496.465396682022
2018-11-27,1211.199951171875,70.80999755859375,10.0,27574.088313356806,30331.49714469249
2018-11-28,1221.4000244140625,70.87999725341797,10.0,27833.790530259743,30617.16958328572
2018-11-29,1224.0999755859375,70.5999984741211,10.0,27785.122705978058,30563.634976575864
2018-11-30,1220.199951171875,69.91999816894531,10.0,27429.83212554364,30172.815338098004
2018-12-03,1233.9000244140625,69.76000213623047,10.0,27674.33515167741,30441.768666845153
2018-12-04,1241.0999755859375,70.48500061035156,10.0,28125.10892236633,30937.619814602964
2018-12-06,1238.0999755859375,70.87000274658203,10.0,28210.377825749045,31031.41560832395
2018-12-07,1246.800048828125,70.75,10.0,28360.507163049126,31196.55787935404
2018-12-10,1243.699951171875,71.36499786376953,10.0,28535.902505683003,31389.492756251308
2018-12-11,1241.9000244140625,72.7300033569336,10.0,29039.623497230434,31943.58584695348
2018-12-12,1244.4000244140625,72.62000274658203,10.0,29054.0721111116,31959.479322222764
2018-12-13,1242.699951171875,72.1500015258789,10.0,28826.59616225197,31709.25577847717
2018-12-14,1237.0,71.5469970703125,10.0,28454.558289574023,31300.014118531428
2018-12-17,1247.4000244140625,71.91000366210938,10.0,28839.371878962356,31723.309066858594
2018-12-18,1249.199951171875,71.58999633789062,10.0,28752.46191897622,31627.708110873846
2018-12-19,1252.0999755859375,70.56999969482422,10.0,28408.601892066494,31249.462081273145
2018-12-20,1263.5999755859375,70.68550109863281,10.0,28716.44588631896,31588.09047495086
2018-12-21,1253.800048828125,70.30000305175781,10.0,28338.337247869622,31172.170972656586
2018-12-24,1267.5,70.13999938964844,10.0,28582.779824257526,31441.057806683282
2018-12-26,1269.199951171875,70.23999786376953,10.0,28661.91967431604,31528.111641747644
2018-12-27,1277.300048828125,70.1500015258789,10.0,28807.88347751802,31688.671825269823
2018-12-28,1279.9000244140625,69.98999786376953,10.0,28800.68158714576,31680.749745860336
2018-12-31,1278.300048828125,69.92250061035156,10.0,28736.938268811227,31610.632095692352
2019-01-02,1281.0,69.70999908447266,12.5,28710.115847801524,32298.880328776715
2019-01-03,1291.800048828125,69.95999908447266,12.5,29056.000203622538,32688.000229075355
2019-01-04,1282.699951171875,70.30000305175781,12.5,28991.531654595918,32615.473111420408
2019-01-07,1286.800048828125,69.5250015258789,12.5,28763.57173896071,32359.0182063308
2019-01-08,1283.199951171875,69.80999755859375,12.5,28800.676920120313,32400.761535135352
2019-01-09,1289.300048828125,70.33000183105469,12.5,29153.14186341117,32797.284596337566
2019-01-10,1284.699951171875,70.55049896240234,12.5,29140.200482951986,32782.72554332099
2019-01-11,1287.0999755859375,70.72000122070312,12.5,29264.781083995196,32922.8787194946
2019-01-14,1289.0999755859375,70.37000274658203,12.5,29165.19646425684,32810.84602228894
2019-01-15,1286.199951171875,71.08499908447266,12.5,29395.252094298554,33069.658606085875
2019-01-16,1291.5999755859375,71.09249877929688,12.5,29521.78040660477,33212.00295743036
2019-01-17,1291.0,71.36499786376953,12.5,29621.17197168372,33323.818468144185
2019-01-18,1281.300048828125,71.03019714355469,12.5,29260.69254852604,32918.27911709179
2019-01-22,1282.5,71.5,12.5,29481.810728696128,33167.037069783146
2019-01-23,1283.0999755859375,71.2302017211914,12.5,29384.30404598907,33057.3420517377
2019-01-24,1279.0999755859375,71.15730285644531,12.5,29262.72102703566,32920.56115541512
2019-01-25,1297.4000244140625,70.98999786376953,12.5,29611.595145758143,33313.04453897791
2019-01-28,1302.4000244140625,70.9749984741211,12.5,29719.43342243907,33434.362600243956
2019-01-29,1308.199951171875,71.09010314941406,12.5,29900.194341108567,33637.718633747136
2019-01-30,1309.9000244140625,71.62000274658203,12.5,30162.214331597097,33932.49112304673
2019-01-31,1319.699951171875,71.12000274658203,12.5,30175.724324274735,33947.68986480908
2019-02-01,1316.9000244140625,71.19999694824219,12.5,30145.571308509112,33913.76772207275
2019-02-04,1314.300048828125,71.45169830322266,12.5,30192.41261233559,33966.46418887754
2019-02-05,1314.199951171875,71.68499755859375,12.5,30288.68786189975,34074.77384463722
2019-02-06,1309.5,71.7699966430664,12.5,30216.15271724901,33993.171806905135
2019-02-07,1309.4000244140625,71.54049682617188,12.5,30117.230630245347,33881.88445902601
2019-02-08,1313.699951171875,71.58000183105469,12.5,30232.817821254608,34011.92004891144
2019-02-11,1307.0,71.1500015258789,12.5,29897.938172335504,33635.18044387744
2019-02-12,1309.199951171875,71.2300033569336,12.5,29981.93673280176,33729.678824401984
2019-02-13,1310.800048828125,70.80999755859375,12.5,29841.576754167247,33571.773848438155
2019-02-14,1309.800048828125,70.86509704589844,12.5,29842.013783313,33572.26550622712
2019-02-15,1318.0999755859375,71.01000213623047,12.5,30092.52401887979,33854.089521239766
2019-02-19,1340.0999755859375,71.69999694824219,12.5,30892.074576768257,34753.583898864286
2019-02-20,1343.300048828125,71.5999984741211,12.5,30922.65547169307,34787.987405654705
2019-02-21,1323.5,71.30000305175781,12.5,30339.20749722747,34131.608434380905
2019-02-22,1329.199951171875,71.18499755859375,12.5,30420.722837961275,34223.31319270643
2019-02-25,1325.9000244140625,71.03099822998047,12.5,30279.55126827731,34064.49517681198
2019-02-26,1325.0999755859375,71.08999633789062,12.5,30286.41548756354,34072.217423508984
2019-02-27,1317.699951171875,70.94000244140625,12.5,30053.735995361843,33810.45299478207
2019-02-28,1312.800048828125,71.19000244140625,12.5,30047.499053531745,33803.436435223215
2019-03-01,1296.4000244140625,70.81600189208984,12.5,29516.249483759566,33205.78066922951
2019-03-04,1284.800048828125,70.98999786376953,12.5,29324.01585727638,32989.517839435925
2019-03-05,1282.0,70.9000015258789,12.5,29223.01411615309,32875.890880672225
2019-03-06,1284.9000244140625,70.74250030517578,12.5,29224.055289350777,32877.06220051963
2019-03-07,1283.800048828125,70.36499786376953,12.5,29043.222689825336,32673.625526053504
2019-03-08,1297.0,70.48750305175781,12.5,29392.927309830047,33067.0432235588
2019-03-11,1288.800048828125,69.98690032958984,12.5,28999.66902827801,32624.62765681276
2019-03-12,1296.300048828125,69.79010009765625,12.5,29086.408334853484,32722.20937671017
2019-03-13,1307.5,69.84500122070312,12.5,29360.791903184316,33030.89089108235
2019-03-14,1293.4000244140625,69.72630310058594,12.5,28994.808343948487,32619.159386942047
2019-03-15,1301.800048828125,69.3373031616211,12.5,29020.304673560484,32647.842757755545
2019-03-18,1300.300048828125,68.9530029296875,12.5,28826.207043039693,32429.482923419655
2019-03-19,1305.0,68.61799621582031,12.5,28789.84199901796,32388.572248895205
2019-03-20,1300.5,69.31749725341797,12.5,28983.042158622044,32605.922428449798
2019-03-21,1306.0999755859375,68.82499694824219,12.5,28901.032627775443,32513.661706247374
2019-03-22,1311.5999755859375,68.93000030517578,12.5,29067.013910784066,32700.390649632074
2019-03-25,1321.9000244140625,69.1604995727539,12.5,29393.240655782196,33067.39573775497
2019-03-26,1314.300048828125,68.92340087890625,12.5,29124.06293200023,32764.57079850026
2019-03-27,1309.9000244140625,69.42749786376953,12.5,29238.85773201054,32893.71494851186
2019-03-28,1289.800048828125,69.37000274658203,12.5,28766.35521074756,32362.149612091005
2019-03-29,1293.0,69.5,12.5,28891.764592409214,32503.235166460367
2019-04-01,1288.4000244140625,69.43000030517578,12.5,28759.98330999947,32354.9812237494
2019-04-02,1290.0,69.19529724121094,12.5,28698.356596898135,32285.651171510402
2019-04-03,1289.9000244140625,68.91020202636719,12.5,28577.900003597348,32150.137504047016
2019-04-04,1289.0,68.8499984741211,12.5,28533.010122057676,32099.636387314888
2019-04-05,1290.4000244140625,68.97039794921875,12.5,28613.95122655633,32190.695129875872
2019-04-08,1297.0999755859375,69.16000366210938,12.5,28841.589873051398,32446.78860718282
2019-04-09,1303.5,69.55249786376953,12.5,29148.385540348703,32791.93373289229
2019-04-10,1309.0999755859375,69.26180267333984,12.5,29151.260851257,32795.16845766413
2019-04-11,1288.5999755859375,69.14019775390625,12.5,28644.38315227884,32224.931046313694
2019-04-12,1290.5999755859375,69.43000030517578,12.5,28809.091162985354,32410.227558358525
2019-04-15,1286.800048828125,69.16100311279297,12.5,28612.979948412267,32189.6024419638
2019-04-16,1272.5999755859375,69.80999755859375,12.5,28562.766630353744,32133.112459147964
2019-04-17,1272.199951171875,69.88500213623047,12.5,28584.466798064135,32157.52514782215
2019-04-18,1271.9000244140625,69.4010009765625,12.5,28379.80768609649,31927.283646858552
2019-04-22,1273.5,69.36000061035156,12.5,28398.720651143027,31948.560732535905
2019-04-23,1269.300048828125,70.0625,12.5,28591.74519620638,32165.713345732176
2019-04-24,1275.5,69.75800323486328,12.5,28606.534031883268,32182.350785868675
2019-04-25,1275.800048828125,70.0958023071289,12.5,28751.82150114349,32345.799188786426
2019-04-26,1284.9000244140625,70.16000366210938,12.5,28983.423221931633,32606.351124673085
2019-04-29,1278.5999755859375,69.84200286865234,12.5,28710.589857325336,32299.413589491003
2019-04-30,1282.800048828125,69.81179809570312,12.5,28792.443939089546,32391.49943147574
2019-05-01,1281.4000244140625,69.55599975585938,12.5,28655.636756410928,32237.591350962295
2019-05-02,1269.699951171875,69.63289642333984,12.5,28425.38144860573,31978.554129681448
2019-05-03,1279.199951171875,69.42440032958984,12.5,28552.313891281698,32121.35312769191
2019-05-06,1281.699951171875,69.16799926757812,12.5,28502.458335528532,32065.2656274696
2019-05-07,1283.5,69.40029907226562,12.5,28638.347407607802,32218.140833558777
2019-05-08,1279.4000244140625,69.91000366210938,12.5,28756.525918976942,32351.091658849058
2019-05-09,1283.5,70.01000213623047,12.5,28889.9441354998,32501.187152437276
2019-05-10,1285.699951171875,70.41000366210938,12.5,29104.807584479422,32742.90853253935
2019-05-13,1300.0999755859375,69.92250061035156,12.5,29227.01346678855,32880.39015013712
2019-05-14,1294.699951171875,70.61699676513672,12.5,29394.70550379442,33069.04369176872
2019-05-15,1296.300048828125,70.30699920654297,12.5,29301.836289935407,32964.565826177335
2019-05-16,1285.0,70.20919799804688,12.5,29006.002355841058,32631.75265032119
2019-05-17,1274.5,70.23500061035156,12.5,28779.56123198131,32377.006385978977
2019-05-20,1276.0999755859375,70.28150177001953,12.5,28834.768657181652,32439.114739329358
2019-05-21,1272.0,70.12750244140625,12.5,28679.14643222427,32264.0397362523
2019-05-23,1284.800048828125,69.97250366210938,12.5,28903.716984167146,32516.68160718804
2019-05-24,1283.0,69.94499969482422,12.5,28851.876672547936,32458.36125661643
2019-05-28,1276.5,69.72000122070312,12.5,28613.365556361034,32190.036250906163
2019-05-29,1280.5999755859375,69.875,12.5,28769.084924226336,32365.220539754628
2019-05-30,1287.0999755859375,69.81500244140625,12.5,28890.281781106998,32501.567003745375
2019-05-31,1305.800048828125,69.9800033569336,12.5,29379.295513519777,33051.70745270975
2019-06-03,1322.699951171875,69.5696029663086,12.5,29585.00183149263,33283.12706042921
2019-06-04,1323.4000244140625,69.16190338134766,12.5,29427.191352548274,33105.590271616806
2019-06-05,1328.300048828125,69.55999755859375,12.5,29706.157877269226,33419.42761192788
2019-06-06,1337.5999755859375,69.625,12.5,29942.09600211259,33684.85800237666
2019-06-07,1341.199951171875,69.36000061035156,12.5,29908.412053911856,33646.96356065084
2019-06-10,1324.699951171875,69.34500122070312,12.5,29534.07807194658,33225.837830939905
2019-06-11,1326.4000244140625,69.52349853515625,12.5,29648.100745698164,33354.113338910436
2019-06-12,1331.9000244140625,69.3864974975586,12.5,29712.37246965923,33426.41902836663
2019-06-13,1339.199951171875,69.69999694824219,12.5,30010.20223118484,33761.47751008294
2019-06-14,1340.0999755859375,69.80000305175781,12.5,30073.458737942357,33832.64108018515
2019-06-17,1338.699951171875,69.77050018310547,12.5,30029.342417528762,33783.01021971986
2019-06-18,1346.5999755859375,70.11250305175781,12.5,30354.62082973493,34148.9484334518
2019-06-19,1344.5999755859375,69.76499938964844,12.5,30159.312127597936,33929.226143547676
2019-06-20,1392.9000244140625,69.87000274658203,12.5,31289.703258965947,35200.91616633669
2019-06-21,1396.199951171875,69.77999877929688,12.5,31323.430124721588,35238.858890311785
2019-06-24,1414.300048828125,69.56990051269531,12.5,31633.968425441763,35588.21447862198
2019-06-25,1414.9000244140625,69.60250091552734,12.5,31662.21815701109,35619.99542663748
2019-06-26,1411.5999755859375,69.63749694824219,12.5,31604.25321652048,35554.78486858554
2019-06-27,1408.4000244140625,69.60250091552734,12.5,31516.7630616196,35456.35844432205
2019-06-28,1409.699951171875,69.32499694824219,12.5,31420.079673646822,35347.58963285267
2019-07-01,1385.5999755859375,68.94049835205078,12.5,30711.641080098358,34550.59621511065
2019-07-02,1404.5999755859375,69.1675033569336,12.5,31235.286551831523,35139.69737081046
2019-07-03,1417.699951171875,69.0824966430664,12.5,31487.855745400506,35423.83771357557
2019-07-05,1396.699951171875,68.73999786376953,12.5,30867.636008771264,34726.090509867674
2019-07-08,1397.0,68.44000244140625,12.5,30739.525587359793,34581.96628577977
2019-07-09,1397.5,68.8499984741211,12.5,30934.741385240963,34801.58405839608
2019-07-10,1410.0999755859375,68.76499938964844,12.5,31175.11661404995,35072.0061908062
2019-07-11,1404.300048828125,68.36759948730469,12.5,30867.466136699622,34725.89940378707
2019-07-12,1409.9000244140625,68.66999816894531,12.5,31127.6326120564,35018.58668856345
2019-07-15,1411.4000244140625,68.55030059814453,12.5,31106.433661103256,34994.73786874116
2019-07-16,1409.199951171875,68.74749755859375,12.5,31147.288955506265,35040.70007494455
2019-07-17,1421.300048828125,68.8949966430664,12.5,31482.1361238458,35417.403139326525
2019-07-18,1426.0999755859375,68.78600311279297,12.5,31538.48195856038,35480.79220338043
2019-07-19,1425.0999755859375,68.8499984741211,12.5,31545.688152317845,35488.899171357574
2019-07-22,1425.300048828125,68.83000183105469,12.5,31540.953580993195,35483.572778617345
2019-07-23,1420.0999755859375,69.16000366210938,12.5,31576.549106076447,35523.61774433601
2019-07-24,1422.800048828125,69.0199966430664,12.5,31572.54154480104,35519.10923790117
2019-07-25,1413.9000244140625,69.18499755859375,12.5,31450.052160426498,35381.30868047981
2019-07-26,1418.5,69.15049743652344,12.5,31536.63755323629,35478.71724739083
2019-07-29,1419.5999755859375,68.87000274658203,12.5,31433.071589258863,35362.20553791622
2019-07-30,1429.699951171875,68.94999694824219,12.5,31693.4773482736,35655.1620168078
2019-07-31,1426.0999755859375,69.07749938964844,12.5,31672.133423285242,35631.1501011959
2019-08-01,1420.9000244140625,69.40499877929688,12.5,31706.259572061314,35669.54201856898
2019-08-02,1445.5999755859375,69.29720306396484,12.5,32207.319130464846,36233.23402177295
2019-08-05,1464.5999755859375,69.65689849853516,12.5,32800.00380675703,36900.00428260166
2019-08-06,1472.4000244140625,71.5199966430664,12.5,33856.65433258143,38088.73612415411
2019-08-07,1507.300048828125,71.2300033569336,12.5,34518.61929941438,38833.44671184118
2019-08-08,1497.699951171875,71.16510009765625,12.5,34267.51553407217,38550.95497583119
2019-08-09,1496.5999755859375,70.47090148925781,12.5,33908.322037179816,38146.862291827296
2019-08-12,1505.300048828125,71.03500366210938,12.5,34378.444381204456,38675.74992885501
2019-08-13,1502.199951171875,71.58000183105469,12.5,34570.860274725695,38892.21780906641
2019-08-14,1515.9000244140625,71.08000183105469,12.5,34642.46033759783,38972.76787979756
2019-08-15,1519.5999755859375,71.63520050048828,12.5,34998.26351749344,39373.04645718012
2019-08-16,1512.5,71.72000122070312,12.5,34875.97918122188,39235.476578874615
2019-08-19,1500.4000244140625,71.13200378417969,12.5,34313.32815098121,38602.49416985386
2019-08-20,1504.5999755859375,71.99500274658203,12.5,34826.84565235965,39180.201358904604
2019-08-21,1504.5999755859375,71.80999755859375,12.5,34737.351286346035,39079.52019713929
2019-08-22,1497.300048828125,71.43779754638672,12.5,34389.64031519878,38688.345354598634
2019-08-23,1526.5999755859375,71.92040252685547,12.5,35299.46299986444,39711.89587484749
2019-08-26,1526.300048828125,71.50250244140625,12.5,35087.45734970389,39473.38951841687
2019-08-27,1541.0,72.16000366210938,12.5,35751.14236124891,40220.03515640502
2019-08-28,1537.800048828125,71.53500366210938,12.5,35367.89497147006,39788.881842903815
2019-08-29,1526.5,72.08499908447266,12.5,35377.93209846079,39800.17361076839
2019-08-30,1519.0999755859375,71.6801986694336,12.5,35008.7250787634,39384.81571360882
2019-09-03,1545.9000244140625,71.96209716796875,12.5,35766.45964886589,40237.26710497413
2019-09-04,1550.300048828125,72.45999908447266,12.5,36116.43066495535,40630.984498074766
2019-09-05,1515.4000244140625,71.95570373535156,12.5,35057.686497430455,39439.89730960926
2019-09-06,1506.199951171875,72.22000122070312,12.5,34972.836597892776,39344.44117262938
2019-09-09,1502.199951171875,71.66999816894531,12.5,34614.32563855451,38941.116343373826
2019-09-10,1490.300048828125,72.09249877929688,12.5,34542.5609500306,38860.38106878442
2019-09-11,1494.4000244140625,71.85900115966797,12.5,34525.404886066826,38841.080496825176
2019-09-12,1498.699951171875,71.56009674072266,12.5,34480.72194163863,38790.81218434346
2019-09-13,1490.9000244140625,71.28500366210938,12.5,34169.4065620253,38440.582382278466
2019-09-16,1503.0999755859375,71.02069854736328,12.5,34321.28546711398,38611.44615050322
2019-09-17,1505.0999755859375,71.74909973144531,12.5,34719.42651280767,39059.35482690863
2019-09-18,1507.5,71.70999908447266,12.5,34755.83893125936,39100.318797666776
2019-09-19,1498.4000244140625,71.5425033569336,12.5,34465.34595035043,38773.51419414423
2019-09-20,1507.300048828125,71.71749877929688,12.5,34754.86341146983,39099.22133790356
2019-09-23,1523.699951171875,71.19159698486328,12.5,34875.378285300365,39234.80057096291
2019-09-24,1532.0999755859375,70.78959655761719,12.5,34869.62533401825,39228.328500770534
2019-09-25,1504.5999755859375,71.28500366210938,12.5,34483.390862653156,38793.8147204848
2019-09-26,1507.5,71.30999755859375,12.5,34561.96933450579,38882.21550131901
2019-09-27,1499.0999755859375,71.21499633789062,12.5,34323.59678862008,38614.046387197595
2019-09-30,1465.699951171875,70.49870300292969,12.5,33221.324143287595,37373.989661198546
2019-10-01,1482.0,70.92250061035156,12.5,33792.706899397504,38016.79526182219
2019-10-02,1501.0,71.0999984741211,12.5,34311.60406695573,38600.5545753252
2019-10-03,1507.0999755859375,71.1416015625,12.5,34471.202912208675,38780.10327623476
2019-10-04,1506.199951171875,71.0199966430664,12.5,34391.7293796561,38690.69555211311
2019-10-07,1497.699951171875,70.81500244140625,12.5,34098.93603572921,38361.30304019536
2019-10-08,1497.199951171875,71.36000061035156,12.5,34349.892915409306,38643.62952983547
2019-10-09,1506.0999755859375,71.20999908447266,12.5,34481.4499598434,38791.631204823825
2019-10-10,1494.800048828125,71.41000366210938,12.5,34318.86345939771,38608.72139182242
2019-10-11,1482.699951171875,70.9800033569336,12.5,33836.07874081855,38065.58858342087
2019-10-14,1491.699951171875,70.91400146484375,12.5,34009.80999646654,38261.03624602486
2019-10-15,1477.5999755859375,71.45249938964844,12.5,33944.15784516172,38187.177575806934
2019-10-16,1488.0,71.76000213623047,12.5,34330.18251280754,38621.455326908486
2019-10-17,1492.300048828125,71.62000274658203,12.5,34362.220841961454,38657.498447206635
2019-10-18,1488.199951171875,71.42250061035156,12.5,34173.312302762846,38444.976340608206
2019-10-21,1482.4000244140625,71.02999877929688,12.5,33853.06217131851,38084.694942733324
2019-10-22,1481.699951171875,71.1050033569336,12.5,33872.8053119567,38106.90597595128
2019-10-23,1489.9000244140625,71.07499694824219,12.5,34045.8918412447,38301.62832140029
2019-10-24,1498.9000244140625,70.71499633789062,12.5,34078.065085056216,38337.823220688246
2019-10-25,1499.5,71.19000244140625,12.5,34320.706242348504,38610.79452264207
2019-10-28,1490.0,70.83000183105469,12.5,33930.81252215072,38172.16408741956
2019-10-29,1487.0,70.73500061035156,12.5,33817.07714809998,38044.211791612484
2019-10-30,1493.199951171875,70.88459777832031,12.5,34029.8930800154,38283.62971501732
2019-10-31,1511.4000244140625,70.98999786376953,12.5,34495.887763259925,38807.87373366742
2019-11-01,1508.0,70.97000122070312,12.5,34408.59126491241,38709.66517302646
2019-11-04,1508.0,70.51210021972656,12.5,34186.58579624404,38459.90902077455
2019-11-05,1480.800048828125,71.0,12.5,33802.24201996459,38027.52227246017
2019-11-06,1490.199951171875,70.8949966430664,12.5,33966.50554948086,38212.31874316597
2019-11-07,1464.199951171875,71.0,12.5,33423.31137434794,37601.225296141434
2019-11-08,1461.300048828125,71.37650299072266,12.5,33534.0033454511,37725.753763632485
2019-11-11,1455.5,71.37650299072266,12.5,33400.90346841893,37576.0164019713
2019-11-12,1452.0999755859375,71.5739974975586,12.5,33415.08191000781,37591.967148758784
2019-11-13,1461.699951171875,71.77999877929688,12.5,33732.8020032522,37949.40225365873
2019-11-14,1471.800048828125,72.1415023803711,12.5,34136.951380379855,38404.070302927335
2019-11-15,1467.300048828125,71.95580291748047,12.5,33944.97504598712,38188.09692673551
2019-11-18,1470.9000244140625,71.70580291748047,12.5,33910.0317526812,38148.78572176635
2019-11-19,1473.300048828125,71.93509674072266,12.5,34073.9728778313,38333.219487560214
2019-11-20,1473.300048828125,71.85099792480469,12.5,34034.13723566938,38288.40439012805
2019-11-21,1463.0999755859375,71.76820373535156,12.5,33759.56311445319,37979.50850375983
2019-11-22,1463.0999755859375,71.7405014038086,12.5,33746.53201486498,37964.8485167231
2019-11-25,1456.5999755859375,71.78260040283203,12.5,33616.3242060412,37818.36473179635
2019-11-26,1459.800048828125,71.67949676513672,12.5,33641.787219355385,37847.01062177481
2019-11-27,1453.4000244140625,71.42839813232422,12.5,33376.96258921902,37549.0829128714
2019-11-29,1465.5999755859375,71.54740142822266,12.5,33713.20584064186,37927.35657072209
2019-12-02,1462.300048828125,71.7229995727539,12.5,33719.853321117436,37934.83498625712
2019-12-03,1478.199951171875,71.625,12.5,34039.922035361145,38294.91228978129
2019-12-04,1474.0,71.95999908447266,12.5,34101.96236774405,38364.707663712055
2019-12-05,1476.9000244140625,71.4801025390625,12.5,33941.185135133055,38183.833277024685
2019-12-06,1459.0999755859375,71.38500213623047,12.5,33487.50297367691,37673.44084538652
2019-12-09,1459.300048828125,71.28679656982422,12.5,33446.01916669992,37626.77156253741
2019-12-10,1462.5999755859375,70.96019744873047,12.5,33368.07209995225,37539.081112446285
2019-12-11,1469.4000244140625,71.01000213623047,12.5,33546.73875050065,37740.08109431323
2019-12-12,1466.699951171875,70.72930145263672,12.5,33352.72975292269,37521.820972038026
2019-12-13,1475.5999755859375,70.55989837646484,12.5,33474.74860438785,37659.092179936335
2019-12-16,1475.0,70.68900299072266,12.5,33522.36224582954,37712.657526558236
2019-12-17,1474.5999755859375,70.92050170898438,12.5,33623.02316093392,37825.90105605066
2019-12-18,1472.5999755859375,71.21499633789062,12.5,33716.849186917985,37931.455335282735
2019-12-19,1478.199951171875,70.98989868164062,12.5,33738.08888546225,37955.349996145036
2019-12-20,1474.699951171875,71.22270202636719,12.5,33768.583985922065,37989.65698416232
2019-12-23,1482.5,71.02400207519531,12.5,33852.48704373368,38084.04792420039
2019-12-24,1499.0999755859375,71.21070098876953,12.5,34321.52655287087,38611.71737197973
2019-12-26,1509.300048828125,71.54000091552734,12.5,34714.847806507154,39054.20378232055
2019-12-27,1513.800048828125,71.30030059814453,12.5,34701.6890468697,39039.400177728414
2019-12-30,1514.5,71.31300354003906,12.5,34723.91977153348,39064.409742975164
2019-12-31,1519.5,71.31099700927734,12.5,34837.57775028435,39192.27496906989
2020-01-02,1524.5,71.0250015258789,12.5,34812.03556712344,39163.54001301387
2020-01-03,1549.199951171875,71.41500091552734,12.5,35570.31071463802,40016.599553967775
2020-01-06,1566.199951171875,71.73100280761719,12.5,36119.7592215666,40634.72912426243
2020-01-07,1571.800048828125,71.78700256347656,12.5,36277.20807449232,40811.859083803865
2020-01-08,1557.4000244140625,72.16000366210938,12.5,36131.6223142373,40648.07510351696
2020-01-09,1551.699951171875,71.41190338134766,12.5,35626.166505354,40079.43731852325
2020-01-10,1557.5,71.19429779052734,12.5,35650.366939008905,40106.66280638502
2020-01-13,1548.4000244140625,70.9530029296875,12.5,35321.951378005426,39737.195300256106
2020-01-14,1542.4000244140625,70.71890258789062,12.5,35068.99129618795,39452.61520821145
2020-01-15,1552.0999755859375,70.84510040283203,12.5,35352.50971936242,39771.57343428272
2020-01-16,1549.0,70.71800231933594,12.5,35218.60420616695,39620.92973193782
2020-01-17,1558.800048828125,70.94560241699219,12.5,35555.4868460939,39999.92270185564
2020-01-21,1556.4000244140625,71.03099822998047,12.5,35543.47497204393,39986.40934354942
2020-01-22,1555.300048828125,71.16999816894531,12.5,35587.86041032624,40036.34296161702
2020-01-23,1564.5999755859375,71.0781021118164,12.5,35754.43176132677,40223.73573149262
2020-01-24,1571.0999755859375,71.32099914550781,12.5,36025.6627120009,40528.87055100101
2020-01-27,1576.800048828125,71.32499694824219,12.5,36158.39332250523,40678.192487818385
2020-01-28,1569.199951171875,71.44000244140625,12.5,36042.132989140555,40547.39961278313
2020-01-29,1569.800048828125,71.23040008544922,12.5,35950.129577759755,40443.89577497973
2020-01-30,1583.5,71.30000305175781,12.5,36299.30870559857,40836.72229379839
2020-01-31,1582.9000244140625,71.63999938964844,12.5,36458.58401237737,41015.90701392454
2020-02-03,1577.199951171875,71.49649810791016,12.5,36254.52869444145,40786.344781246626
2020-02-04,1550.4000244140625,71.31410217285156,12.5,35547.57045022458,39991.01675650265
2020-02-05,1557.800048828125,71.0999984741211,12.5,35610.00565681208,40061.25636391359
2020-02-06,1565.0999755859375,71.18000030517578,12.5,35817.13207190112,40294.27358088876
2020-02-07,1568.5999755859375,71.47000122070312,12.5,36043.48133487288,40548.91650173199
2020-02-10,1574.699951171875,71.5155029296875,12.5,36206.68380452714,40732.51928009304
2020-02-11,1565.5999755859375,71.27999877929688,12.5,35878.908916563356,40363.77253113378
2020-02-12,1567.4000244140625,71.27529907226562,12.5,35917.79237255896,40407.51641912883
2020-02-13,1575.0999755859375,71.29620361328125,12.5,36104.82697144994,40617.93034288118
2020-02-14,1582.699951171875,71.26850128173828,12.5,36264.93915433951,40798.05654863195
2020-02-18,1600.0,71.34919738769531,12.5,36702.852032829906,41290.70853693364
2020-02-19,1607.5,71.57499694824219,12.5,36991.59502766548,41615.54440612366
2020-02-20,1616.5999755859375,71.82749938964844,12.5,37332.2403458468,41998.770389077654
2020-02-21,1644.5999755859375,72.11000061035156,12.5,38128.21876743329,42894.24611336245
2020-02-24,1672.4000244140625,71.88680267333984,12.5,38652.720930423406,43484.31104672633
2020-02-25,1646.9000244140625,72.04669952392578,12.5,38148.02552925105,42916.52872040743
2020-02-26,1640.0,71.87000274658203,12.5,37895.029338947235,42631.90800631564
2020-02-27,1640.0,71.66339874267578,12.5,37786.092863500344,42509.35447143789
2020-02-28,1564.0999755859375,71.93000030517578,12.5,36171.399270571455,40692.82417939289
2020-03-02,1592.300048828125,72.1500015258789,12.5,36936.18112193363,41553.20376217533
2020-03-03,1642.0999755859375,72.82499694824219,12.5,38447.73922894673,43253.706632565074
2020-03-04,1641.0999755859375,73.34200286865234,12.5,38697.11097373901,43534.24984545638
2020-03-05,1666.4000244140625,74.0425033569336,12.5,39668.985613089346,44627.608814725514
2020-03-06,1670.800048828125,73.8551025390625,12.5,39673.062172576014,44632.19494414802
2020-03-09,1674.5,73.99530029296875,12.5,39836.39472746674,44815.94406840008
2020-03-10,1659.0999755859375,74.40599822998047,12.5,39689.099248254344,44650.236654286135
2020-03-11,1641.4000244140625,74.20500183105469,12.5,39159.609631436564,44054.56083536614
2020-03-12,1589.300048828125,74.76000213623047,12.5,38200.22667722341,42975.25501187633
2020-03-13,1515.699951171875,75.30000305175781,12.5,36694.33052511497,41281.12184075434
2020-03-16,1485.9000244140625,73.90399932861328,12.5,35305.97984364568,39719.22732410139
2020-03-17,1524.9000244140625,75.15499877929688,12.5,36845.968933846234,41451.71505057701
2020-03-18,1477.300048828125,74.01239776611328,12.5,35153.123871514705,39547.26435545404
2020-03-19,1478.5999755859375,74.98200225830078,12.5,35644.987447878295,40100.61087886308
2020-03-20,1484.0,75.15969848632812,12.5,35859.94905837315,40342.4426906698
2020-03-23,1567.0,75.62210083007812,12.5,38098.55225319736,42860.87128484703
2020-03-24,1660.199951171875,76.50599670410156,12.5,40836.32131191186,45940.86147590084
2020-03-25,1632.300048828125,77.26000213623047,12.5,40545.76020686741,45613.98023272584
2020-03-26,1650.0999755859375,75.84549713134766,12.5,40237.48226557785,45267.167548775076
2020-03-27,1623.9000244140625,74.72560119628906,12.5,39013.9069902131,43890.64536398974
2020-03-30,1622.0,75.46499633789062,12.5,39353.84251291931,44273.07282703423
2020-03-31,1583.4000244140625,75.4000015258789,12.5,38384.22179397721,43182.24951822436
2020-04-01,1578.199951171875,75.32499694824219,12.5,38220.10593847556,42997.619180785005
2020-04-02,1625.699951171875,77.56999969482422,12.5,40543.843849173914,45611.824330320655
2020-04-03,1633.699951171875,77.13999938964844,12.5,40517.50228632377,45582.19007211424
2020-04-06,1677.0,76.2300033569336,12.5,41100.749314250046,46238.342978531306
2020-04-07,1664.800048828125,75.96489715576172,12.5,40659.85001499368,45742.33126686789
2020-04-08,1665.4000244140625,76.66000366210938,12.5,41046.68991285838,46177.52615196568
2020-04-09,1736.199951171875,75.95899963378906,12.5,42400.37663132736,47700.42371024328
2020-04-13,1744.800048828125,76.16649627685547,12.5,42726.80129982948,48067.65146230817
2020-04-14,1756.699951171875,76.91000366210938,12.5,43438.13386848949,48867.90060205067
2020-04-15,1727.199951171875,75.93099975585938,12.5,42165.03579042615,47435.665264229414
2020-04-16,1720.4000244140625,77.2125015258789,12.5,42707.85908665999,48046.34147249249
2020-04-17,1689.199951171875,77.56999969482422,12.5,42127.49037789941,47393.42667513684
2020-04-20,1701.5999755859375,76.55999755859375,12.5,41884.1898746323,47119.713608961334
2020-04-21,1678.199951171875,77.20999908447266,12.5,41658.91835116386,46866.283145059344
2020-04-22,1728.699951171875,76.96939849853516,12.5,42778.78548270976,48126.13366804848
2020-04-23,1733.300048828125,76.4000015258789,12.5,42575.31350982196,47897.2276985497
2020-04-24,1723.5,76.42250061035156,12.5,42347.06055651001,47640.44312607376
2020-04-27,1711.9000244140625,76.27149963378906,12.5,41978.935516961326,47226.30245658149
2020-04-28,1710.5,76.1863021850586,12.5,41897.75102079918,47134.969898399075
2020-04-29,1703.4000244140625,76.46499633789062,12.5,41876.46940980407,47111.02808602958
2020-04-30,1684.199951171875,75.25849914550781,12.5,40751.156810691034,45845.05141202742
2020-05-01,1694.5,75.72000122070312,12.5,41251.801909264694,46408.27714792278
2020-05-04,1706.9000244140625,75.60050201416016,12.5,41488.09578783267,46674.10776131176
2020-05-05,1704.4000244140625,75.8499984741211,12.5,41564.04882122546,46759.55492387864
2020-05-06,1684.199951171875,76.16999816894531,12.5,41244.71753882988,46400.307231183615
2020-05-07,1721.800048828125,76.15129852294922,12.5,42155.1624463932,47424.557752192355
2020-05-08,1709.9000244140625,76.08000183105469,12.5,41824.61684001554,47052.693945017476
2020-05-11,1695.300048828125,75.5250015258789,12.5,41164.99389926109,46310.61813666873
2020-05-12,1704.4000244140625,76.30999755859375,12.5,41816.11770440762,47043.13241745857
2020-05-13,1713.9000244140625,75.68000030517578,12.5,41702.04458363111,46914.800156585
2020-05-14,1738.0999755859375,75.42620086669922,12.5,42149.04363976721,47417.67409473811
2020-05-15,1753.4000244140625,75.48500061035156,12.5,42553.2180986339,47872.37036096314
2020-05-18,1731.800048828125,75.81999969482422,12.5,42215.531748402915,47492.47321695328
2020-05-19,1744.199951171875,75.60009765625,12.5,42394.485071011375,47693.795704887794
2020-05-20,1750.5999755859375,76.0,12.5,42775.12117431519,48122.01132110458
2020-05-21,1720.5,75.77999877929688,12.5,41917.94746564865,47157.69089885473
2020-05-22,1734.5999755859375,75.625,12.5,42175.03597784382,47446.9154750743
2020-05-26,1704.800048828125,76.11000061035156,12.5,41716.312555447446,46930.85162487838
2020-05-27,1710.300048828125,75.81999969482422,12.5,41691.43317639696,46902.86232344658
2020-05-28,1713.300048828125,76.12999725341797,12.5,41935.32175207486,47177.23697108422
2020-05-29,1736.9000244140625,75.95999908447266,12.5,42418.03149623442,47720.28543326372
2020-06-01,1737.800048828125,75.51319885253906,12.5,42190.37749870925,47464.1746860479
2020-06-02,1725.199951171875,75.7300033569336,12.5,42004.72554330791,47255.3162362214
2020-06-03,1697.800048828125,75.06580352783203,12.5,40975.042967793226,46096.92333876738
2020-06-04,1718.9000244140625,75.54499816894531,12.5,41749.095502744196,46967.73244058722
2020-06-05,1676.199951171875,75.49089813232422,12.5,40682.82983050874,45768.18355932233
2020-06-08,1698.300048828125,75.5177001953125,12.5,41233.85275904221,46388.08435392249
2020-06-09,1714.699951171875,75.625,12.5,41691.18710350059,46902.58549143816
2020-06-10,1713.300048828125,75.50980377197266,12.5,41593.69540068574,46792.90732577146
2020-06-11,1732.0,75.875,12.5,42251.032841963126,47532.411947208515
2020-06-12,1729.300048828125,76.38999938964844,12.5,42471.499887311555,47780.4373732255
2020-06-15,1720.300048828125,75.95680236816406,12.5,42010.863993692314,47262.221992903855
2020-06-16,1729.5999755859375,75.97799682617188,12.5,42249.7601413395,47530.98015900694
2020-06-17,1729.199951171875,76.65499877929688,12.5,42616.3679798866,47943.413977372424
2020-06-18,1724.800048828125,76.55000305175781,12.5,42449.7079111563,47755.92140005084
2020-06-19,1745.9000244140625,76.40039825439453,12.5,42885.03132367467,48245.660239134006
2020-06-22,1756.699951171875,76.2520980834961,12.5,43066.55423988638,48449.873519872184
2020-06-23,1772.0999755859375,75.78980255126953,12.5,43180.705467477215,48578.293650911866
2020-06-24,1765.800048828125,75.60780334472656,12.5,42923.87121639219,48289.35511844121
2020-06-25,1762.0999755859375,75.97000122070312,12.5,43039.12334504625,48419.013763177034
2020-06-26,1772.5,75.53980255126953,12.5,43047.98496057525,48428.98308064716
2020-06-29,1774.800048828125,75.61979675292969,12.5,43149.49088349302,48543.17724392965
2020-06-30,1793.0,75.69999694824219,12.5,43638.20615949917,49092.981929436566
2020-07-01,1773.199951171875,75.75,12.5,43184.81723962561,48582.919394578814
2020-07-02,1784.0,75.45490264892578,12.5,43278.58482990133,48688.407933639
2020-07-06,1788.5,74.6792984008789,12.5,42941.76706479076,48309.487947889604
2020-07-07,1804.199951171875,74.60759735107422,12.5,43277.130708074335,48686.772046583625
2020-07-08,1815.5,75.125,12.5,43850.189689263265,49331.46340042117
2020-07-09,1799.199951171875,74.93990325927734,12.5,43349.42057482818,48768.0981466817
2020-07-10,1798.199951171875,75.33999633789062,12.5,43556.63437750869,49001.21367469728
2020-07-13,1811.0,75.15850067138672,12.5,43761.005904763566,49231.131642859014
2020-07-14,1810.5999755859375,75.44999694824219,12.5,43921.025811386615,49411.154037809945
2020-07-15,1811.4000244140625,75.57499694824219,12.5,44013.230445814326,49514.884251541116
2020-07-16,1798.699951171875,75.1249008178711,12.5,43444.35688359725,48874.901494046906
2020-07-17,1808.300048828125,75.17449951171875,12.5,43705.065712113064,49168.198926127196
2020-07-20,1815.9000244140625,74.89730072021484,12.5,43726.91504376855,49192.77942423962
2020-07-21,1842.4000244140625,74.98999786376953,12.5,44419.94434549793,49972.43738868517
2020-07-22,1864.0999755859375,74.7699966430664,12.5,44811.27491018719,50412.684273960585
2020-07-23,1889.0999755859375,74.81999969482422,12.5,45442.622083312905,51122.949843727016
2020-07-24,1897.300048828125,74.80729675292969,12.5,45632.12750398943,51336.14344198811
2020-07-27,1931.0,74.75980377197266,12.5,46413.16285423801,52214.808211017764
2020-07-28,1944.699951171875,75.0,12.5,46892.63148452445,52754.21042009001
2020-07-29,1953.5,75.08999633789062,12.5,47161.35092387331,53056.51978935747
2020-07-30,1942.300048828125,74.8311996459961,12.5,46729.3528787067,52570.521988545035
2020-07-31,1962.800048828125,74.98999786376953,12.5,47322.76800637479,53238.114007171636
2020-08-03,1966.0,74.91780090332031,12.5,47354.28378668887,53273.56926002498
2020-08-04,2001.199951171875,75.33000183105469,12.5,48467.34161302872,54525.75931465731
2020-08-05,2031.0999755859375,75.25,12.5,49139.25222654743,55281.658754865864
2020-08-06,2051.5,74.8822021484375,12.5,49390.209367923075,55563.98553891346
2020-08-07,2010.0999755859375,74.8998031616211,12.5,48404.87164035111,54455.480595395005
2020-08-10,2024.4000244140625,75.0248031616211,12.5,48830.586060104484,54934.409317617545
2020-08-11,1932.5999755859375,75.0999984741211,12.5,46662.99780333093,52495.8725287473
2020-08-12,1934.9000244140625,74.9000015258789,12.5,46594.11795490424,52418.38269926727
2020-08-13,1956.699951171875,74.77210235595703,12.5,47038.61913576272,52918.44652773306
2020-08-14,1937.0,75.02999877929688,12.5,46725.64426366745,52566.34979662588
2020-08-17,1985.0,74.90280151367188,12.5,47802.356970964254,53777.65159233478
2020-08-18,1999.4000244140625,75.0,12.5,48211.616644768175,54238.068725364195
2020-08-19,1958.699951171875,74.79499816894531,12.5,47101.117000149075,52988.75662516771
2020-08-20,1933.800048828125,74.966796875,12.5,46609.1582803746,52435.30306542142
2020-08-21,1934.5999755859375,74.9999008178711,12.5,46649.028659540294,52480.15724198283
2020-08-24,1927.699951171875,74.92179870605469,12.5,46434.24299753104,52238.523372222415
2020-08-25,1911.800048828125,74.4000015258789,12.5,45730.5211792846,51446.83632669518
2020-08-26,1940.699951171875,74.45249938964844,12.5,46454.566826921335,52261.3876802865
2020-08-27,1921.5999755859375,74.24009704589844,12.5,45866.146469334984,51599.414778001854
2020-08-28,1964.5999755859375,73.77449798583984,12.5,46598.41398615775,52423.21573442747
2020-08-31,1967.5999755859375,73.12830352783203,12.5,46260.79001913075,52043.38877152209
2020-09-01,1968.199951171875,73.66999816894531,12.5,46617.67543811799,52444.88486788274
2020-09-02,1934.4000244140625,73.2699966430664,12.5,45568.3390278155,51264.381406292436
2020-09-03,1927.5999755859375,73.24849700927734,12.5,45394.827285286105,51069.18069594687
2020-09-04,1923.9000244140625,73.4478988647461,12.5,45431.03329819686,51109.91246047147
2020-09-08,1933.0,73.6500015258789,12.5,45771.52183822526,51492.96206800341
2020-09-09,1944.699951171875,73.78679656982422,12.5,46134.094132964536,51900.855899585105
2020-09-10,1954.199951171875,73.55000305175781,12.5,46210.68766294352,51987.02362081146
2020-09-11,1937.800048828125,73.52729797363281,12.5,45808.73586686571,51534.827850223926
2020-09-14,1953.0999755859375,73.47859954833984,12.5,46139.83988424178,51907.31986977201
2020-09-15,1956.300048828125,73.61499786376953,12.5,46301.227808887954,52088.88128499895
2020-09-16,1960.199951171875,73.80000305175781,12.5,46510.123419724434,52323.888847189985
2020-09-17,1940.0,73.55069732666016,12.5,45875.33647779855,51609.753537523364
2020-09-18,1952.0999755859375,73.58360290527344,12.5,46182.11758641619,51954.88228471822
2020-09-21,1901.199951171875,73.53479766845703,12.5,44948.109935121196,50566.62367701135
2020-09-22,1898.5999755859375,73.57980346679688,12.5,44914.11354531761,50528.37773848231
2020-09-23,1859.9000244140625,73.50299835205078,12.5,43952.68327663641,49446.76868621596
2020-09-24,1868.300048828125,73.77839660644531,12.5,44316.61452321525,49856.19133861715
2020-09-25,1857.699951171875,73.68240356445312,12.5,44007.843973800685,49508.82447052577
2020-09-28,1872.800048828125,73.69930267333984,12.5,44375.731877515274,49922.69836220468
2020-09-29,1894.300048828125,73.9749984741211,12.5,45053.078663683526,50684.71349664396
2020-09-30,1887.5,73.84500122070312,12.5,44812.4615570843,50414.01925171984
2020-10-01,1908.4000244140625,73.70500183105469,12.5,45222.765056608834,50875.61068868494
2020-10-02,1900.199951171875,73.21700286865234,12.5,44730.31822012449,50321.60799764005
2020-10-05,1912.5,73.32240295410156,12.5,45084.66752928746,50720.25097044839
2020-10-06,1901.0999755859375,73.1082992553711,12.5,44685.06307313177,50270.695957273245
2020-10-07,1883.5999755859375,73.81500244140625,12.5,44701.70135081542,50289.41401966735
2020-10-08,1888.5999755859375,73.5425033569336,12.5,44654.9005881761,50236.76316169811
2020-10-09,1919.5,73.28050231933594,12.5,45223.82503639955,50876.80316594949
2020-10-12,1922.5,73.01480102539062,12.5,45130.27632623771,50771.560867017426
2020-10-13,1888.5,73.35079956054688,12.5,44536.14061764521,50103.15819485086
2020-10-14,1901.300048828125,73.62000274658203,12.5,45002.56074615497,50627.880839424346
2020-10-15,1903.199951171875,73.29620361328125,12.5,44849.39995109254,50455.57494497911
2020-10-16,1900.800048828125,73.37100219726562,12.5,44838.55661232047,50443.37618886053
2020-10-19,1906.4000244140625,73.44380187988281,12.5,45015.27663988624,50642.18621987202
2020-10-20,1910.4000244140625,73.57499694824219,12.5,45190.308475311926,50839.09703472591
2020-10-21,1924.5999755859375,73.64749908447266,12.5,45571.06915297038,51267.45279709168
2020-10-22,1901.0999755859375,73.6812973022461,12.5,45035.28943766465,50664.700617372735
2020-10-23,1902.0,73.72000122070312,12.5,45080.277885696894,50715.31262140901
2020-10-26,1902.699951171875,73.8228988647461,12.5,45159.81354680941,50804.79024016059
2020-10-27,1908.800048828125,73.94850158691406,12.5,45381.67840913989,51054.38821028237
2020-10-28,1876.199951171875,73.80500030517578,12.5,44520.050145099754,50085.056413237224
2020-10-29,1865.5999755859375,74.44000244140625,12.5,44649.4017513478,50230.57697026628
2020-10-30,1877.4000244140625,74.26399993896484,12.5,44825.577603323916,50428.774803739405
2020-11-02,1890.4000244140625,74.55049896240234,12.5,45310.09856080696,50973.86088090783
2020-11-03,1908.5,74.45680236816406,12.5,45686.436355921716,51397.24090041193
2020-11-04,1894.5999755859375,74.65560150146484,12.5,45474.78604723866,51159.134303143495
2020-11-05,1945.300048828125,74.37999725341797,12.5,46519.33457292902,52334.25139454515
2020-11-06,1950.300048828125,74.12000274658203,12.5,46475.87730506204,52285.36196819479
2020-11-09,1853.199951171875,73.97979736328125,12.5,44078.433893721936,49588.23813043718
2020-11-10,1875.4000244140625,73.95320129394531,12.5,44590.42728701372,50164.23069789044
2020-11-11,1860.699951171875,74.28160095214844,12.5,44437.369191451544,49992.040340382984
2020-11-12,1872.5999755859375,74.56999969482422,12.5,44895.19816354146,50507.09793398414
2020-11-13,1885.699951171875,74.86499786376953,12.5,45388.11478328572,51061.62913119643
2020-11-16,1887.300048828125,74.48770141601562,12.5,45197.692388168885,50847.403936689996
2020-11-17,1884.5,74.41809844970703,12.5,45088.46481215069,50724.52291366953
2020-11-18,1873.5,74.47969818115234,12.5,44862.38350744737,50470.18144587829
2020-11-19,1861.0999755859375,74.41999816894531,12.5,44529.73355903022,50095.950253908995
2020-11-20,1872.5999755859375,74.09960174560547,12.5,44611.99299749176,50188.49212217823
2020-11-23,1837.800048828125,74.16239929199219,12.5,43820.039879767275,49297.544864738185
2020-11-24,1804.800048828125,74.24490356445312,12.5,43081.06984048883,48466.20357054994
2020-11-25,1805.699951171875,73.96080017089844,12.5,42937.61578511232,48304.81775825136
2020-11-27,1781.9000244140625,74.04879760742188,12.5,42422.09213255647,47724.85364912603
2020-11-30,1775.699951171875,73.94090270996094,12.5,42212.88836680181,47489.49941265203
2020-12-01,1814.0999755859375,74.02519989013672,12.5,43174.92028660478,48571.785322430376
2020-12-02,1825.699951171875,73.65499877929688,12.5,43233.69642481612,48637.90847791813
2020-12-03,1836.800048828125,73.66259765625,12.5,43501.04103133298,48938.6711602496
2020-12-04,1835.9000244140625,73.86489868164062,12.5,43599.134918245945,49049.02678302669
2020-12-07,1861.800048828125,73.79029846191406,12.5,44169.556892129025,49690.75150364515
2020-12-08,1870.800048828125,74.0199966430664,12.5,44521.23180159991,50086.3857767999
2020-12-09,1834.5999755859375,73.72640228271484,12.5,43486.570909353504,48922.39227302269
2020-12-10,1833.5999755859375,73.93499755859375,12.5,43585.83751615859,49034.06720567841
2020-12-11,1839.800048828125,73.72669982910156,12.5,43610.00721639609,49061.2581184456
2020-12-14,1828.699951171875,73.73799896240234,12.5,43353.53741606473,48772.72959307283
2020-12-15,1852.300048828125,73.86000061035156,12.5,43985.68737826918,49483.89830055282
2020-12-16,1856.0999755859375,73.75980377197266,12.5,44016.13001121481,49518.14626261666
2020-12-17,1887.199951171875,73.6166000366211,12.5,44666.755829585345,50250.100308283516
2020-12-18,1885.699951171875,73.52980041503906,12.5,44578.629753023575,50150.95847215152
2020-12-21,1879.199951171875,73.60359954833984,12.5,44469.55509100728,50028.249477383186
2020-12-22,1866.5999755859375,73.935302734375,12.5,44370.45164657459,49916.758102396416
2020-12-23,1874.699951171875,74.2699966430664,12.5,44764.72393148421,50360.314422919735
2020-12-24,1879.9000244140625,73.83979797363281,12.5,44628.88035538179,50207.49039980452
2020-12-28,1877.199951171875,73.68900299072266,12.5,44473.77073836987,50032.99208066611
2020-12-29,1879.699951171875,73.5448989868164,12.5,44445.91220745552,50001.651233387456
2020-12-30,1891.0,73.45359802246094,12.5,44657.5960456134,50239.795551315074
2020-12-31,1893.0999755859375,73.13400268554688,12.5,44512.66857379738,50076.752145522056
2021-01-04,1944.699951171875,73.09200286865234,10.75,45699.684733140246,50612.40084195282
2021-01-05,1952.699951171875,73.31999969482422,10.75,46030.81962608875,50979.13273589328
2021-01-06,1906.9000244140625,73.37480163574219,10.75,44984.780179263995,49820.64404853487
2021-01-07,1912.300048828125,73.36000061035156,10.75,45103.069670360754,49951.64965992453
2021-01-08,1834.0999755859375,73.44599914550781,10.75,43309.37201268689,47965.129504050725
2021-01-11,1849.5999755859375,73.37339782714844,10.75,43632.20693161574,48322.66917676443
2021-01-12,1842.9000244140625,73.51349639892578,10.75,43557.16376238797,48239.55886684468
2021-01-13,1853.5999755859375,73.16500091552734,10.75,43602.37398066667,48289.62918358833
2021-01-14,1850.300048828125,73.1698989868164,10.75,43527.66333951336,48206.88714851104
2021-01-15,1829.300048828125,73.08760070800781,10.75,42985.243314703876,47606.156971034536
2021-01-19,1839.5,73.1886978149414,10.75,43284.7138201761,47937.82055584503
2021-01-20,1865.9000244140625,73.19190216064453,10.75,43907.84703601148,48627.940592382714
2021-01-21,1865.300048828125,72.91089630126953,10.75,43725.20726955501,48425.66705103217
2021-01-22,1855.699951171875,72.95490264892578,10.75,43526.42284095374,48205.513296356265
2021-01-25,1854.9000244140625,72.99590301513672,10.75,43532.111268797285,48211.81323019299
2021-01-26,1850.699951171875,72.97000122070312,10.75,43418.129051768105,48085.577924833175
2021-01-27,1844.9000244140625,72.91999816894531,10.75,43252.401306013984,47902.034446410486
2021-01-28,1837.9000244140625,73.03710174560547,10.75,43157.48744719426,47796.91734776764
2021-01-29,1847.300048828125,72.93879699707031,10.75,43319.833219461696,47976.715290553824
2021-02-01,1860.800048828125,72.90660095214844,10.75,43617.15132112156,48305.995088142125
2021-02-02,1830.5,73.11979675292969,10.75,43032.38798085032,47658.369688791725
2021-02-03,1832.199951171875,72.91629791259766,10.75,42952.47720516833,47569.86850472393
2021-02-04,1788.9000244140625,72.85800170898438,10.75,41903.86324238814,46408.52854094486
2021-02-05,1810.9000244140625,72.9457015991211,10.75,42470.25987646062,47035.812813180135
2021-02-08,1831.9000244140625,72.78479766845703,10.75,42867.996407420076,47476.30602121773
2021-02-09,1835.300048828125,72.92990112304688,10.75,43033.17989684706,47659.24673575812
2021-02-10,1840.5999755859375,72.85489654541016,10.75,43113.06470422877,47747.71915993336
2021-02-11,1824.9000244140625,72.80729675292969,10.75,42717.39116882128,47309.51071946957
2021-02-12,1821.5999755859375,72.70950317382812,10.75,42582.86983982862,47160.5283476102
2021-02-16,1797.199951171875,72.63870239257812,10.75,41971.5698854244,46483.51364810752
2021-02-17,1771.0999755859375,72.93499755859375,10.75,41530.75132875265,45995.30709659356
2021-02-18,1773.4000244140625,72.79730224609375,10.75,41506.17698345863,45968.09100918043
2021-02-19,1775.800048828125,72.60540008544922,10.75,41452.78602630774,45908.960524135815
2021-02-22,1806.699951171875,72.5530014038086,10.75,42143.65074465381,46674.09319970409
2021-02-23,1804.4000244140625,72.44400024414062,10.75,42026.76734424733,46544.64483375392
2021-02-24,1796.4000244140625,72.37699890136719,10.75,41801.740187899304,46295.427258098476
2021-02-25,1774.4000244140625,72.4000015258789,10.75,41302.92876206784,45742.99360399013
2021-02-26,1728.0999755859375,73.1509017944336,10.75,40642.39445883904,45011.45186316423
2021-03-01,1722.5,73.59590148925781,10.75,40757.1303278559,45138.52183810041
2021-03-02,1733.0999755859375,73.30940246582031,10.75,40848.30441067174,45239.49713481895
2021-03-03,1715.300048828125,73.27749633789062,10.75,40411.17335553444,44755.37449125439
2021-03-04,1700.199951171875,72.88069915771484,10.75,39838.52658039092,44121.16818778294
2021-03-05,1698.0,73.13179779052734,10.75,39924.05762962864,44215.89382481371
2021-03-08,1677.699951171875,73.1333999633789,10.75,39447.61893278699,43688.237968061585
2021-03-09,1716.5999755859375,73.33000183105469,10.75,40470.77639265846,44821.38485486924
2021-03-10,1721.5,72.7759017944336,10.75,40279.619637377604,44609.678748395694
2021-03-11,1722.300048828125,72.70600128173828,10.75,40259.63301803191,44587.54356747034
2021-03-12,1719.5,72.63899993896484,10.75,40157.13999873006,44474.03254859354
2021-03-15,1728.9000244140625,72.68299865722656,10.75,40401.124681455876,44744.24558471238
2021-03-16,1730.5999755859375,72.51529693603516,10.75,40347.54002189768,44684.900574251675
2021-03-17,1726.800048828125,72.5156021118164,10.75,40259.117227156254,44586.97232907555
2021-03-18,1732.199951171875,72.29560089111328,10.75,40262.490180696,44590.70787512082
2021-03-19,1741.4000244140625,72.6688003540039,10.75,40685.27680505507,45058.94406159849
2021-03-22,1737.800048828125,72.40499877929688,10.75,40453.77864679616,44802.55985132675
2021-03-23,1724.699951171875,72.38050079345703,10.75,40135.2407877799,44449.77917246623
2021-03-24,1732.9000244140625,72.61219787597656,10.75,40455.15117978315,44804.079931609835
2021-03-25,1724.9000244140625,72.64559936523438,10.75,40286.91180049415,44617.754819047266
2021-03-26,1732.199951171875,72.61280059814453,10.75,40439.14339240248,44786.351307085744
2021-03-29,1712.0999755859375,72.44719696044922,10.75,39878.74166806138,44165.70639737798
2021-03-30,1683.9000244140625,72.74189758300781,10.75,39381.44681979587,43614.95235292392
2021-03-31,1713.800048828125,73.44529724121094,10.75,40468.292635292964,44818.63409358695
2021-04-01,1726.5,73.20349884033203,10.75,40633.961048702964,45002.11186143853
2021-04-05,1727.0,73.3759994506836,10.75,40741.50852840696,45121.2206952107
2021-04-06,1741.5,73.27950286865234,10.75,41029.5478790998,45440.22427610303
2021-04-07,1740.0999755859375,73.48999786376953,10.75,41114.32587604481,45534.11590771962
2021-04-08,1756.800048828125,74.40149688720703,10.75,42023.74439028756,46541.29691224347
2021-04-09,1743.300048828125,74.54450225830078,10.75,41780.968195464826,46272.42227647729
2021-04-12,1731.199951171875,74.72949981689453,10.75,41593.93844233172,46065.28682488237
2021-04-13,1746.199951171875,74.99099731445312,10.75,42101.13840848402,46627.010787396044
2021-04-14,1734.9000244140625,75.18150329589844,10.75,41934.95648513515,46442.96430728718
2021-04-15,1765.4000244140625,75.0261001586914,10.75,42583.9789900962,47161.75673153154
2021-04-16,1779.0,74.72740173339844,10.75,42741.1859384686,47335.863426853975
2021-04-19,1769.4000244140625,74.56320190429688,10.75,42417.13352833397,46976.97538262987
2021-04-20,1777.300048828125,74.8781967163086,10.75,42786.51041846005,47386.0602884445
2021-04-21,1792.300048828125,75.44920349121094,10.75,43476.65410688202,48150.394423371836
2021-04-22,1781.199951171875,75.42949676513672,10.75,43196.10846206396,47839.69012173583
2021-04-23,1777.0,75.0916976928711,10.75,42901.26410218526,47513.14999317018
2021-04-26,1779.199951171875,74.86810302734375,10.75,42826.474593078245,47430.320611834155
2021-04-27,1778.0,74.81490325927734,10.75,42767.17989775913,47364.65173676823
2021-04-28,1773.199951171875,74.57499694824219,10.75,42514.9519980921,47085.309337887
2021-04-29,1768.0999755859375,74.31179809570312,10.75,42243.05573287888,46784.18422416336
2021-04-30,1767.300048828125,74.10579681396484,10.75,42106.894184823956,46633.38530969253
2021-05-03,1791.4000244140625,74.09480285644531,10.75,42674.75738935852,47262.29380871456
2021-05-04,1775.800048828125,73.8375015258789,10.75,42156.232840356395,46688.02787069471
2021-05-05,1784.0999755859375,73.77890014648438,10.75,42319.65339916733,46869.01613957781
2021-05-06,1815.5,73.79940032958984,10.75,43076.44197545947,47707.15948782136
2021-05-07,1831.0999755859375,73.61519622802734,10.75,43338.14008580863,47996.99014503305
2021-05-10,1837.5,73.29029846191406,10.75,43297.67499598666,47952.17505805522
2021-05-11,1835.9000244140625,73.5,10.75,43383.75160172765,48047.50489891337
2021-05-12,1822.5999755859375,73.3750991821289,10.75,42996.27179512398,47618.37101309981
2021-05-13,1823.800048828125,73.68160247802734,10.75,43204.305045143075,47848.76783749595
2021-05-14,1837.9000244140625,73.44490051269531,10.75,43398.454979462476,48063.78888975469
2021-05-17,1867.5,73.27890014648438,10.75,43997.73209560325,48727.4882958806
2021-05-18,1867.800048828125,73.26969909667969,10.75,43999.27582117779,48729.1979719544
2021-05-19,1881.300048828125,73.1281967163086,10.75,44231.70384461687,48986.61200791319
2021-05-20,1881.800048828125,73.222900390625,10.75,44300.756355527534,49063.08766374674
2021-05-21,1876.699951171875,73.02189636230469,10.75,44059.41110730784,48795.797801343426
2021-05-24,1884.5999755859375,72.90979766845703,10.75,44176.95851140539,48925.98155138147
2021-05-25,1898.0999755859375,72.83660125732422,10.75,44448.744053977774,49226.984039780386
2021-05-26,1901.300048828125,72.80490112304688,10.75,44504.30403657976,49288.516720512074
2021-05-27,1895.699951171875,72.67250061035156,10.75,44292.52523303857,49053.97169559021
2021-05-28,1902.5,72.68299865722656,10.75,44457.82787961919,49237.04437667825
2021-06-01,1902.9000244140625,72.48719787597656,10.75,44347.385537930706,49114.729483258256
2021-06-02,1907.5,72.8550033569336,10.75,44680.15461390224,49483.271234896725
2021-06-03,1871.199951171875,72.96510314941406,10.75,43896.12019561606,48614.953116644785
2021-06-04,1889.800048828125,73.04419708251953,10.75,44380.51255104943,49151.41765028724
2021-06-07,1896.800048828125,72.90969848632812,10.75,44462.88027035898,49242.63989942257
2021-06-08,1892.199951171875,72.80940246582031,10.75,44294.0337231111,49055.64234834554
2021-06-09,1893.199951171875,72.97530364990234,10.75,44418.42278417152,49193.40323346995
2021-06-10,1894.199951171875,72.98529815673828,10.75,44447.971515989644,49226.128453958525
2021-06-11,1877.4000244140625,73.01229858398438,10.75,44070.05357728201,48807.58433683982
2021-06-14,1864.0,73.23159790039062,10.75,43886.925422003354,48604.769904868714
2021-06-15,1854.5,73.18080139160156,10.75,43632.96612301673,48323.509981241026
2021-06-16,1859.5,73.3447036743164,10.75,43848.59468625439,48562.318615026736
2021-06-17,1773.800048828125,73.8240966796875,10.75,42101.10961632032,46626.97890007475
2021-06-18,1767.9000244140625,74.25389862060547,10.75,42205.368908389,46742.446066040815
2021-06-21,1781.800048828125,74.1438980102539,10.75,42474.19135948621,47040.16693063098
2021-06-22,1776.300048828125,74.13520050048828,10.75,42338.11637561695,46889.46388599577
2021-06-23,1782.300048828125,74.33219909667969,10.75,42594.01098896076,47172.86717027404
2021-06-24,1775.5999755859375,74.24690246582031,10.75,42385.19723042167,46941.60593269199
2021-06-25,1776.5999755859375,74.19029998779297,10.75,42376.73739194186,46932.23666157561
2021-06-28,1779.5999755859375,74.21299743652344,10.75,42461.28198633477,47025.86979986575
2021-06-29,1762.800048828125,74.285400390625,10.75,42101.470071152944,46627.378103801886
2021-06-30,1770.800048828125,74.28759765625,10.75,42293.78737345045,46840.36951609637
2021-07-01,1775.9000244140625,74.37100219726562,10.75,42463.216235414766,47028.01198072185
2021-07-02,1782.5999755859375,74.54499816894531,10.75,42723.13788352297,47315.875206001685
2021-07-06,1793.5,74.31780242919922,10.75,42853.369767636694,47460.10701765763
2021-07-07,1801.5,74.76290130615234,10.75,43302.31861463612,47957.3178657095
2021-07-08,1799.5999755859375,74.8218994140625,10.75,43290.78346772561,47944.54269050611
2021-07-09,1810.0,74.72139739990234,10.75,43482.479236685016,48156.84575462865
2021-07-12,1805.5,74.4905014038086,10.75,43240.34281819616,47888.67967115224
2021-07-13,1809.4000244140625,74.54170227050781,10.75,43363.53076281532,48025.11031981796
2021-07-14,1824.300048828125,74.65910339355469,10.75,43789.478986713984,48496.847977785736
2021-07-15,1828.4000244140625,74.46910095214844,10.75,43776.200748790805,48482.142329285816
2021-07-16,1814.5,74.53700256347656,10.75,43483.01353591339,48157.43749102408
2021-07-19,1808.699951171875,74.63179779052734,10.75,43399.14447557222,48064.55250669623
2021-07-20,1810.9000244140625,74.99340057373047,10.75,43662.465937872614,48356.18102619392
2021-07-21,1802.9000244140625,74.5270004272461,10.75,43199.231883803695,47843.14931131259
2021-07-22,1805.0,74.44020080566406,10.75,43199.177730552394,47843.089336586774
2021-07-23,1801.4000244140625,74.4520034790039,10.75,43119.85496318855,47755.23937173131
2021-07-26,1798.699951171875,74.44889831542969,10.75,43053.427995165584,47681.671504645885
2021-07-27,1799.5,74.28949737548828,10.75,42980.35607799481,47600.74435637925
2021-07-28,1799.5,74.5022964477539,10.75,43103.47146068229,47737.09464270563
2021-07-29,1831.199951171875,74.38999938964844,10.75,43796.66701496617,48504.80871907503
2021-07-30,1812.5999755859375,74.25199890136719,10.75,43271.39112827342,47923.06567456281
2021-08-02,1818.0999755859375,74.37909698486328,10.75,43476.98310874468,48150.75879293473
2021-08-03,1810.0999755859375,74.33200073242188,10.75,43258.26762615485,47908.53139596649
2021-08-04,1810.5,74.21440124511719,10.75,43199.37417148703,47843.30689492188
2021-08-05,1805.0999755859375,74.18399810791016,10.75,43052.882528800896,47681.067400646985
2021-08-06,1760.0,74.08200073242188,10.75,41919.501435228354,46425.8478395154
2021-08-09,1723.4000244140625,74.49140167236328,10.75,41274.61007950508,45711.630663051874
2021-08-10,1728.800048828125,74.46620178222656,10.75,41389.93144731567,45839.3490779021
2021-08-11,1750.4000244140625,74.43550109863281,10.75,41889.78826830416,46392.94050714686
2021-08-12,1749.0,74.10299682617188,10.75,41669.31099360992,46148.76192542299
2021-08-13,1775.199951171875,74.26010131835938,10.75,42383.181389351696,46939.373388707
2021-08-16,1786.9000244140625,74.216796875,10.75,42637.64404259039,47221.19077716886
2021-08-17,1785.0,74.13500213623047,10.75,42545.365895533105,47118.99272930291
2021-08-18,1781.5999755859375,74.364501953125,10.75,42595.78338905522,47174.830103378656
2021-08-19,1780.199951171875,74.2697982788086,10.75,42508.10721284745,47077.72873822854
2021-08-20,1781.0,74.4292984008789,10.75,42618.54146702633,47200.03467473165
2021-08-23,1803.199951171875,74.30149841308594,10.75,43075.6854728483,47706.32166117949
2021-08-24,1805.5999755859375,74.10590362548828,10.75,43019.47297794637,47644.066323075596
2021-08-25,1788.199951171875,74.1447982788086,10.75,42627.26852663335,47209.699893246434
2021-08-26,1792.199951171875,74.0999984741211,10.75,42696.80699829789,47286.713750614916
2021-08-27,1816.5999755859375,74.15599822998047,10.75,43310.81215108697,47966.72445732881
2021-08-30,1809.0,73.49659729003906,10.75,42746.10397469116,47341.31015197046
2021-08-31,1815.0,73.41120147705078,10.75,42838.05059907958,47443.14103848063
2021-09-01,1813.0999755859375,72.99669647216797,10.75,42551.58055895376,47125.87546904129
2021-09-02,1808.699951171875,72.98509979248047,10.75,42441.572951897324,47004.042044226284
2021-09-03,1830.9000244140625,73.0542984008789,10.75,43003.23652506033,47626.08445150431
2021-09-07,1795.9000244140625,73.11000061035156,10.75,42213.33672449805,46751.27042238158
2021-09-08,1790.699951171875,73.3904037475586,10.75,42252.54148479668,46794.68969441232
2021-09-09,1797.4000244140625,73.78900146484375,10.75,42640.97385644685,47224.87854601489
2021-09-10,1789.5999755859375,73.53800201416016,10.75,42311.5104760492,46859.99785222449
2021-09-13,1792.0,73.52429962158203,10.75,42360.359741468004,46914.09841367581
2021-09-14,1804.699951171875,73.54080200195312,10.75,42670.14380441601,47257.18426339073
2021-09-15,1792.4000244140625,73.65080261230469,10.75,42442.71557876452,47005.3075034817
2021-09-16,1754.5999755859375,73.43800354003906,10.75,41427.59471391726,45881.061145663356
2021-09-17,1749.4000244140625,73.56490325927734,10.75,41376.193533781705,45824.134338663236
2021-09-20,1761.800048828125,73.69609832763672,10.75,41743.787558336735,46231.24472085793
2021-09-21,1776.0,73.65899658203125,10.75,42059.053781628274,46580.40206315331
2021-09-22,1776.699951171875,73.7927017211914,10.75,42152.00525499751,46683.34581990974
2021-09-23,1747.699951171875,73.8749008178711,10.75,41510.17105863341,45972.51444743649
2021-09-24,1749.699951171875,73.83999633789062,10.75,41538.03848021562,46003.37761683879
2021-09-27,1750.0,73.81289672851562,10.75,41529.914406707394,45994.38020542844
2021-09-28,1735.800048828125,73.82530212402344,10.75,41199.85308136736,45628.83728761435
2021-09-29,1721.5,74.16329956054688,10.75,41047.50918497322,45460.11642235784
2021-09-30,1755.300048828125,74.3219985961914,10.75,41942.99926532339,46451.87168634566
2021-10-01,1757.0,74.25440216064453,10.75,41945.435271352886,46454.56956302332
2021-10-04,1766.199951171875,74.152099609375,10.75,42106.97661336188,46633.47659929828
2021-10-05,1759.5999755859375,74.57279968261719,10.75,42187.6304920373,46722.80076993131
2021-10-06,1760.5,74.56320190429688,10.75,42203.77673011547,46740.68272860288
2021-10-07,1757.9000244140625,74.76000213623047,10.75,42252.675609007,46794.83823697524
2021-10-08,1756.300048828125,74.83000183105469,10.75,42253.74503502501,46796.02262629019
2021-10-11,1754.5999755859375,75.30580139160156,10.75,42481.250432646986,47047.98485415654
2021-10-12,1758.300048828125,75.40260314941406,10.75,42625.55686639204,47207.80422952918
2021-10-13,1793.699951171875,75.48390197753906,10.75,43530.62237091466,48210.16427578798
2021-10-14,1796.699951171875,75.3062973022461,10.75,43500.8345317666,48177.174243931506
2021-10-15,1767.199951171875,74.99500274658203,10.75,42609.72726281428,47190.272943566815
2021-10-18,1764.800048828125,75.00589752197266,10.75,42558.043824384615,47133.03353550596
2021-10-19,1769.699951171875,75.2354965209961,10.75,42806.839911777955,47408.57520229408
2021-10-20,1784.0999755859375,75.12010192871094,10.75,43088.96812803264,47721.032201796144
2021-10-21,1781.199951171875,74.80919647216797,10.75,42840.88192757496,47446.276734789266
2021-10-22,1795.5,74.86540222167969,10.75,43217.26805312131,47863.12436883185
2021-10-25,1806.0,74.99369812011719,10.75,43544.494608301844,48225.52777869429
2021-10-26,1792.699951171875,75.08989715576172,10.75,43279.262772561015,47931.78352061132
2021-10-27,1797.9000244140625,74.88890075683594,10.75,43288.61912616189,47942.14568222429
2021-10-28,1801.5999755859375,75.05000305175781,10.75,43471.01890969551,48144.15344248777
2021-10-29,1783.0,74.79720306396484,10.75,42877.30096710959,47486.610821073875
2021-11-01,1795.0999755859375,74.92829895019531,10.75,43243.93962614865,47892.66313595962
2021-11-02,1788.699951171875,74.82990264892578,10.75,43033.17736406826,47659.24393070559
2021-11-03,1763.5999755859375,74.71199798583984,10.75,42362.46011664403,46916.424579183265
2021-11-04,1793.0,74.43550109863281,10.75,42909.27177643951,47522.01849240676
2021-11-05,1816.4000244140625,74.47810363769531,10.75,43494.149939981944,48169.77105853
2021-11-08,1827.4000244140625,74.19110107421875,10.75,43588.927263598474,48274.73694443531
2021-11-09,1830.199951171875,73.91850280761719,10.75,43495.310890799774,48171.056811560746
2021-11-10,1847.5999755859375,74.17479705810547,10.75,44061.07133719599,48797.63650594455
2021-11-11,1863.199951171875,74.40489959716797,10.75,44570.93423453683,49362.30966474953
2021-11-12,1867.9000244140625,74.32209777832031,10.75,44633.641954966115,49431.75846512497
2021-11-15,1866.0999755859375,74.33999633789062,10.75,44601.368126158275,49396.015199720285
2021-11-16,1853.5999755859375,74.43509674072266,10.75,44359.28223554919,49127.90507587072
2021-11-17,1869.699951171875,74.45860290527344,10.75,44758.70761049907,49570.26867862772
2021-11-18,1861.0,74.25980377197266,10.75,44431.493182323895,49207.87869942371
2021-11-19,1851.199951171875,74.17440032958984,10.75,44146.68647204972,48892.455267795056
2021-11-22,1806.0,74.30259704589844,10.75,43143.21226385859,47781.10758222339
2021-11-23,1783.5,74.42980194091797,10.75,42678.65409411391,47266.609409231154
2021-11-24,1784.0999755859375,74.4469985961914,10.75,42702.87536062225,47293.43446188914
2021-11-26,1785.300048828125,74.50579833984375,10.75,42765.34969186795,47362.624783743755
2021-11-29,1782.300048828125,74.98159790039062,10.75,42966.13101389781,47584.990097891816
2021-11-30,1773.5999755859375,75.05490112304688,10.75,42798.19660148887,47399.00273614892
2021-12-01,1781.5999755859375,75.0509033203125,10.75,42988.95221540062,47610.26457855618
2021-12-02,1760.699951171875,75.01789855957031,10.75,42465.9637439041,47031.054846373794
2021-12-03,1782.0,74.9834976196289,10.75,42959.98609744199,47578.184602917005
2021-12-06,1777.5,75.23400115966797,10.75,42994.658820168086,47616.58464333615
2021-12-07,1782.5999755859375,75.39129638671875,10.75,43208.167279681395,47853.04526224714
2021-12-08,1783.4000244140625,75.40859985351562,10.75,43237.48093294646,47885.510133238204
2021-12-09,1774.5999755859375,75.38330078125,10.75,43009.694640794005,47633.23681467936
2021-12-10,1782.9000244140625,75.59919738769531,10.75,43334.61213953591,47993.082944536014
2021-12-13,1786.300048828125,75.70999908447266,10.75,43480.8864151529,48155.081704781835
2021-12-14,1770.4000244140625,75.82689666748047,10.75,43160.396647113674,47800.13928667839
2021-12-15,1762.5999755859375,76.04720306396484,10.75,43095.085203891285,47727.8068633096
2021-12-16,1796.5999755859375,76.2114028930664,10.75,44021.22094846341,48753.50220042322
2021-12-17,1803.800048828125,76.1675033569336,10.75,44172.181996994936,48920.69156167189
2021-12-20,1793.699951171875,76.00599670410156,10.75,43831.70787111311,48543.616467257765
2021-12-21,1787.9000244140625,75.75869750976562,10.75,43547.82488378721,48229.21605879433
2021-12-22,1801.5999755859375,75.6864013671875,10.75,43839.63825785281,48552.39937057198
2021-12-23,1811.199951171875,75.45850372314453,10.75,43940.53346371377,48664.140811063
2021-12-27,1808.0999755859375,75.31500244140625,10.75,43781.90688365022,48488.46187364261
2021-12-28,1810.199951171875,74.98030090332031,10.75,43637.962619654674,48329.04360126755
2021-12-29,1805.0999755859375,74.74500274658203,10.75,43378.46307747554,48041.64785830416
2021-12-30,1812.699951171875,74.57029724121094,10.75,43459.280842353844,48131.15353290688
2021-12-31,1827.5,74.43119812011719,10.75,43732.38206777828,48433.61314006444
2022-01-03,1799.4000244140625,74.51380157470703,10.75,43107.73269011926,47741.81395430707
2022-01-04,1814.0,74.4032974243164,10.75,43393.05272001863,48057.80588742063
2022-01-05,1824.5999755859375,74.53489685058594,10.75,43723.81596086597,48424.12617665906
2022-01-06,1788.699951171875,74.43009948730469,10.75,42803.25857818564,47404.60887534059
2022-01-07,1797.0,74.41929626464844,10.75,42995.63566401635,47617.666497898106
2022-01-10,1798.4000244140625,74.2699966430664,10.75,42942.80829363994,47559.16018520623
2022-01-11,1818.5999755859375,74.05699920654297,10.75,43300.61149034251,47955.427225554326
2022-01-12,1827.199951171875,73.81529998779297,10.75,43363.38757163426,48024.95173558494
2022-01-13,1821.199951171875,73.79910278320312,10.75,43211.51072557677,47856.74812857627
2022-01-14,1816.5,73.97229766845703,10.75,43201.14415250766,47845.26714890223
2022-01-18,1812.300048828125,74.25509643554688,10.75,43266.03594318283,47917.13480707498
2022-01-19,1843.0999755859375,74.61969757080078,10.75,44217.39121673541,48970.76077253446
2022-01-20,1842.5,74.44920349121094,10.75,44102.00055702932,48842.96561690997
2022-01-21,1831.800048828125,74.45220184326172,10.75,43847.6528274465,48561.275506396996
2022-01-24,1841.699951171875,74.41320037841797,10.75,44061.53246530947,48798.147205330235
2022-01-25,1852.699951171875,74.6447982788086,10.75,44462.65343976824,49242.38868454332
2022-01-26,1829.9000244140625,74.77999877929688,10.75,43995.02357995689,48724.488614802256
2022-01-27,1793.300048828125,74.8949966430664,10.75,43181.37866702887,47823.376873734465
2022-01-28,1784.9000244140625,75.20929718017578,10.75,43159.47606316338,47799.11973995344
2022-01-31,1795.0,75.03900146484375,10.75,43305.418242125335,47960.750703153804
2022-02-01,1800.300048828125,74.55580139160156,10.75,43153.60422001392,47792.61667366541
2022-02-02,1809.199951171875,74.74549865722656,10.75,43477.278287321926,48151.08570320903
2022-02-03,1803.0,74.82240295410156,10.75,43372.865602342215,48035.448654594
2022-02-04,1806.5999755859375,74.6438980102539,10.75,43355.78450108956,48016.531334956686
2022-02-07,1820.5999755859375,74.64219665527344,10.75,43690.76837277849,48387.52597285218
2022-02-08,1826.5999755859375,74.6583023071289,10.75,43844.21469335901,48557.4677728951
2022-02-09,1835.199951171875,74.69519805908203,10.75,44072.41108904171,48810.19528111369
2022-02-10,1836.199951171875,74.80889892578125,10.75,44163.549618126985,48911.13120207563
2022-02-11,1840.800048828125,75.53839874267578,10.75,44705.92958796147,49511.81701866733
2022-02-14,1868.0,75.34100341796875,10.75,45247.96064261759,50112.116411698975
2022-02-15,1854.800048828125,75.6854019165039,10.75,45133.59820287354,49985.46000968244
2022-02-16,1870.199951171875,75.17479705810547,10.75,45201.31232415145,50060.45339899773
2022-02-17,1900.699951171875,75.04199981689453,10.75,45857.3232555215,50786.985505490054
2022-02-18,1898.5999755859375,75.06300354003906,10.75,45819.47905815272,50745.07305690413
2022-02-22,1906.0999755859375,74.51699829101562,10.75,45665.873172871936,50574.954538955666
2022-02-23,1909.199951171875,74.62300109863281,10.75,45805.20843435901,50729.2683410526
2022-02-24,1925.0999755859375,74.63300323486328,10.75,46192.869839516614,51158.603347264645
2022-02-25,1886.5,75.4083023071289,10.75,45736.89851701535,50653.615107594494
2022-02-28,1899.4000244140625,75.06800079345703,10.75,45841.83855186945,50769.836196195414
2022-03-01,1942.4000244140625,75.28479766845703,10.75,47015.02815735165,52069.14368426695
2022-03-02,1920.9000244140625,75.80120086669922,10.75,46813.55107800016,51846.00781888517
2022-03-03,1934.4000244140625,75.63099670410156,10.75,47036.700651333114,52093.14597135142
2022-03-04,1965.0999755859375,75.8917007446289,10.75,47947.90916792179,53102.30940347338
2022-03-07,1993.9000244140625,76.41799926757812,10.75,48988.007975082495,54254.21883240386
2022-03-08,2040.0999755859375,77.08080291748047,10.75,50557.82923146796,55992.79587385076
2022-03-09,1985.9000244140625,76.91449737548828,10.75,49108.46117503738,54387.6207513539
2022-03-10,1998.0999755859375,76.13490295410156,10.75,48909.33423371262,54167.087663836726
2022-03-11,1982.699951171875,76.310302734375,10.75,48644.18264997711,53873.432284849645
2022-03-14,1959.5999755859375,76.75370025634766,10.75,48356.792370141375,53555.14754993157
2022-03-15,1928.5,76.49009704589844,10.75,47425.90131432641,52524.185705616495
2022-03-16,1908.0,76.26589965820312,10.75,46784.232175752426,51813.537134645805
2022-03-17,1942.0999755859375,76.02420043945312,10.75,47469.44807414032,52572.413742110395
2022-03-18,1928.199951171875,75.98159790039062,10.75,47103.28849212926,52166.89200503315
2022-03-21,1928.5999755859375,75.94640350341797,10.75,47091.23794509674,52153.546024194635
2022-03-22,1920.699951171875,76.30709838867188,10.75,47121.076454157745,52186.5921729797
2022-03-23,1936.5999755859375,76.10189819335938,10.75,47383.39228167353,52477.10695195343
2022-03-24,1961.5999755859375,76.55239868164062,10.75,48279.19153309152,53469.204622898855
2022-03-25,1953.800048828125,76.32350158691406,10.75,47943.43438109736,53097.35357706532
2022-03-28,1939.5999755859375,76.27850341796875,10.75,47566.92441918885,52680.36879425165
2022-03-29,1912.0,76.03410339355469,10.75,46739.822106347056,51764.35298277936
2022-03-30,1933.5,75.66670227050781,10.75,47037.011538902974,52093.49027933504
2022-03-31,1949.199951171875,75.82779693603516,10.75,47519.90550426498,52628.295345973456
2022-04-01,1919.0999755859375,75.9092025756836,10.75,46836.32028863066,51871.22471965845
2022-04-04,1929.199951171875,75.99479675292969,10.75,47135.90373593599,52203.01338754911
2022-04-05,1922.9000244140625,75.47799682617188,10.75,46662.47912285448,51678.695628561334
2022-04-06,1918.4000244140625,75.45069885253906,10.75,46536.44204696224,51539.10956701068
2022-04-07,1933.800048828125,75.94509887695312,10.75,47217.398658192404,52293.269013948084
2022-04-08,1941.5999755859375,75.91320037841797,10.75,47387.93640631656,52482.13956999559
2022-04-11,1944.300048828125,75.91729736328125,10.75,47456.39718048677,52557.95987738909
2022-04-12,1972.0999755859375,75.83699798583984,10.75,48084.02330168166,53253.05580661243
2022-04-13,1981.0,76.1498031616211,10.75,48500.25240348237,53714.029536856724
2022-04-14,1970.9000244140625,76.12169647216797,10.75,48235.1675648836,53420.44807810859
2022-04-18,1982.9000244140625,76.3313980102539,10.75,48662.53990004083,53893.762939295215
2022-04-19,1955.699951171875,76.28019714355469,10.75,47962.826636562095,53118.83049999252
2022-04-20,1952.300048828125,76.44539642333984,10.75,47983.137322157236,53141.324584289134
2022-04-21,1944.9000244140625,76.27619934082031,10.75,47695.462555716666,52822.72478045621
2022-04-22,1931.0,76.28520202636719,10.75,47360.17654377001,52451.395522225284
2022-04-25,1893.199951171875,76.4635009765625,10.75,46541.60988803792,51544.832951002
2022-04-26,1901.4000244140625,76.52780151367188,10.75,46782.50475555813,51811.62401678063
2022-04-27,1885.9000244140625,76.79409790039062,10.75,46562.60263481685,51568.08241805966
2022-04-28,1888.699951171875,76.47219848632812,10.75,46436.2652264645,51428.16373830943
2022-04-29,1909.300048828125,76.58899688720703,10.75,47014.44387173196,52068.49658794314
2022-05-02,1861.800048828125,76.52310180664062,10.75,45805.364245208126,50729.440901568
2022-05-03,1868.800048828125,76.52410125732422,10.75,45978.18385912064,50920.8386239761
2022-05-04,1867.0,76.46730041503906,10.75,45899.802232828435,50834.03097285749
2022-05-05,1874.0,76.00160217285156,10.75,45791.31045442598,50713.87632827677
2022-05-06,1881.199951171875,76.54180145263672,10.75,46293.96471628838,51270.565923289374
2022-05-09,1857.0999755859375,76.9574966430664,10.75,45949.094197435494,50888.62182365981
2022-05-10,1839.9000244140625,77.3655014038086,10.75,45764.877882448476,50684.60225481168
2022-05-11,1852.5999755859375,77.27140045166016,10.75,46024.722166391824,50972.37979927894
2022-05-12,1823.800048828125,77.41840362548828,10.75,45395.43405480445,50275.44321569592
2022-05-13,1807.4000244140625,77.44380187988281,10.75,45001.986724458024,49839.70029733726
2022-05-16,1813.5,77.48629760742188,10.75,45178.64571866818,50035.350133425
2022-05-17,1818.199951171875,77.8053970336914,10.75,45482.26697560277,50371.610675480064
2022-05-18,1815.9000244140625,77.37239837646484,10.75,45171.938881732625,50027.92231151888
2022-05-19,1841.199951171875,77.81999969482422,10.75,46066.256092820964,51018.37862279922
2022-05-20,1841.800048828125,77.42109680175781,10.75,45845.059195847585,50773.4030594012
2022-05-23,1847.800048828125,77.81839752197266,10.75,46230.43668424053,51200.20862779638
2022-05-24,1865.0999755859375,77.52680206298828,10.75,46488.413405222964,51485.91784628443
2022-05-25,1846.199951171875,77.47879791259766,10.75,45988.82856369649,50932.62763429386
2022-05-26,1847.4000244140625,77.49729919433594,10.75,46029.71126196091,50977.9052226217
2022-05-27,1851.300048828125,77.63020324707031,10.75,46205.98937799236,51173.13323612653
2022-05-31,1842.699951171875,77.5208969116211,10.75,45926.584774653704,50863.69263792897
2022-06-01,1843.300048828125,77.5989990234375,10.75,45987.827314905386,50931.51875125771
2022-06-02,1866.5,77.58409881591797,10.75,46557.69300558165,51562.645003681675
2022-06-03,1845.4000244140625,77.3604965209961,10.75,45898.7130607585,50832.82471479003
2022-06-06,1839.199951171875,77.69419860839844,10.75,45941.82850383538,50880.57506799768
2022-06-07,1847.5,77.82099914550781,10.75,46224.47503378259,51193.606099914214
2022-06-08,1851.9000244140625,77.67060089111328,10.75,46245.01669796248,51216.35599299344
2022-06-09,1848.800048828125,77.72429656982422,10.75,46199.52201309264,51165.970629500094
2022-06-10,1871.5,77.8187026977539,10.75,46823.57358459544,51857.10774493945
2022-06-13,1828.0,78.17759704589844,10.75,45946.162779077065,50885.37527782784
2022-06-14,1809.5,78.16059875488281,10.75,45471.282475271415,50359.44534136309
2022-06-15,1815.300048828125,77.9854965209961,10.75,45514.83776502637,50407.68282476671
2022-06-16,1845.699951171875,77.90019989013672,10.75,46226.435974570275,51195.77784183658
2022-06-17,1835.5999755859375,77.97769927978516,10.75,46019.21420233131,50966.27972908193
2022-06-21,1834.5999755859375,77.93399810791016,10.75,45968.367233940386,50909.966711588975
2022-06-22,1834.300048828125,78.13490295410156,10.75,46079.333934730596,51032.86233271413
2022-06-23,1825.699951171875,78.19309997558594,10.75,45897.451671806964,50831.427726526206
2022-06-24,1826.5,78.14240264892578,10.75,45887.79347605991,50820.73127473635
2022-06-27,1820.9000244140625,78.2522964477539,10.75,45811.43874874903,50736.168414239546
2022-06-28,1817.5,78.44110107421875,10.75,45836.22460571723,50763.61875083183
2022-06-29,1813.699951171875,79.07319641113281,10.75,46108.97566829317,51065.69055263468
2022-06-30,1804.0999755859375,78.89830017089844,10.75,45763.47401806544,50683.04747500747
2022-07-01,1798.9000244140625,78.96299743652344,15.0,45668.98838277672,52519.33664019322
2022-07-05,1761.800048828125,78.93949890136719,15.0,44713.81452855673,51420.88670784023
2022-07-06,1734.9000244140625,79.36840057373047,15.0,44270.336165727356,50910.88659058646
2022-07-07,1737.9000244140625,79.04389953613281,15.0,44165.57459245034,50790.41078131789
2022-07-08,1740.5999755859375,79.22160339355469,15.0,44333.63477830473,50983.679995050436
2022-07-11,1730.0,79.3313980102539,15.0,44124.71861936414,50743.42641226875
2022-07-12,1723.300048828125,79.47779846191406,15.0,44034.945896818164,50640.18778134089
2022-07-13,1734.199951171875,79.47640228271484,15.0,44312.68923368765,50959.59261874079
2022-07-14,1704.5,79.80750274658203,15.0,43735.235080151455,50295.52034217417
2022-07-15,1702.4000244140625,79.87830352783203,15.0,43720.10412845344,50278.11974772145
2022-07-18,1709.199951171875,79.72049713134766,15.0,43808.018327293394,50379.221076387395
2022-07-19,1710.0,80.0302963256836,15.0,43998.84473352483,50598.67144355355
2022-07-20,1699.5,79.85590362548828,15.0,43633.38795039701,50178.39614295655
2022-07-21,1712.699951171875,80.00340270996094,15.0,44053.50649120966,50661.532464891105
2022-07-22,1727.0999755859375,79.7759017944336,15.0,44297.57359831286,50942.20963805979
2022-07-25,1719.0,79.87680053710938,15.0,44145.584941659625,50767.42268290857
2022-07-26,1717.699951171875,79.72250366210938,15.0,44026.98752478175,50631.035653499006
2022-07-27,1719.0999755859375,79.84120178222656,15.0,44128.47687063437,50747.74840122952
2022-07-28,1750.300048828125,79.84739685058594,15.0,44932.85405384579,51672.78216192265
2022-07-29,1762.9000244140625,79.57150268554688,15.0,45099.941815877384,51864.933088258986
2022-08-01,1769.0,79.1948013305664,15.0,45041.74885584322,51798.0111842197
2022-08-02,1771.0999755859375,78.95570373535156,15.0,44959.0705091233,51702.93108549179
2022-08-03,1758.0,78.60449981689453,15.0,44428.026002893756,51092.22990332782
2022-08-04,1788.5,79.11830139160156,15.0,45494.26335906872,52318.40286292902
2022-08-05,1772.9000244140625,79.15489959716797,15.0,45118.30611613219,51886.05203355201
2022-08-08,1786.800048828125,79.41059875488281,15.0,45618.93733267808,52461.77793257978
2022-08-09,1794.0,79.60189819335938,15.0,45913.09831976682,52800.06306773183
2022-08-10,1795.5999755859375,79.57839965820312,15.0,45940.48016571689,52831.55219057442
2022-08-11,1789.699951171875,79.0978012084961,15.0,45512.99080831679,52339.93942956431
2022-08-12,1798.5999755859375,79.61399841308594,15.0,46037.820696087336,52943.49380050043
2022-08-15,1781.4000244140625,79.62760162353516,15.0,45605.35356991939,52446.15660540729
2022-08-16,1773.199951171875,79.55290222167969,15.0,45352.83885577616,52155.764684142574
2022-08-17,1760.300048828125,79.14600372314453,15.0,44792.61633526847,51511.50878555873
2022-08-18,1755.300048828125,79.35970306396484,15.0,44785.98571323581,51503.88357022117
2022-08-19,1747.5999755859375,79.7667007446289,15.0,44818.19868306919,51540.92848552956
2022-08-22,1734.0,79.91790008544922,15.0,44553.71220221806,51236.76903255077
2022-08-23,1746.800048828125,79.88379669189453,15.0,44863.4462237296,51592.96315728904
2022-08-24,1747.800048828125,79.85449981689453,15.0,44872.666638517774,51603.566634295436
2022-08-25,1757.699951171875,79.79679870605469,15.0,45094.227077114876,51858.36113868211
2022-08-26,1736.0999755859375,79.88289642333984,15.0,44588.131409743044,51276.3511212045
2022-08-29,1736.5999755859375,79.95909881591797,15.0,44643.51891317592,51340.0467501523
2022-08-30,1723.199951171875,79.96790313720703,15.0,44303.91653072882,50949.50401033814
2022-08-31,1712.800048828125,79.68229675292969,15.0,43879.255315046576,50461.14361230356
2022-09-01,1696.5999755859375,79.54879760742188,15.0,43391.41513933887,49900.12741023969
2022-09-02,1709.800048828125,79.716796875,15.0,43821.36518054133,50394.56995762253
2022-09-06,1700.4000244140625,79.78299713134766,15.0,43616.63808573654,50159.13379859702
2022-09-07,1715.300048828125,79.89510345458984,15.0,44060.66032979763,50669.75937926727
2022-09-08,1708.0,79.6498031616211,15.0,43738.44223320489,50299.208568185626
2022-09-09,1716.199951171875,79.706298828125,15.0,43979.599130939925,50576.53900058091
2022-09-12,1728.0999755859375,79.65579986572266,15.0,44256.49390044003,50894.96798550603
2022-09-13,1705.0,79.35530090332031,15.0,43500.18102148026,50025.2081747023
2022-09-14,1696.5,79.60240173339844,15.0,43418.09588654346,49930.810269524976
2022-09-15,1665.4000244140625,79.45369720458984,15.0,42542.539992062455,48923.92099087182
2022-09-16,1671.699951171875,79.8490982055664,15.0,42915.984879953576,49353.38261194661
2022-09-19,1666.199951171875,79.68949890136719,15.0,42689.291937682,49092.6857283343
2022-09-20,1659.699951171875,79.7074966430664,15.0,42532.36075892736,48912.21487276646
2022-09-21,1664.5999755859375,79.76270294189453,15.0,42687.47676941374,49090.5982848258
2022-09-22,1670.800048828125,80.05069732666016,15.0,43001.176395617615,49451.352854960256
2022-09-23,1645.300048828125,81.06220245361328,15.0,42879.94780492398,49311.93997566257
2022-09-26,1623.300048828125,81.25479888916016,15.0,42407.098559420374,48768.16334333343
2022-09-27,1626.699951171875,81.61579895019531,15.0,42684.71913679691,49087.427007316444
2022-09-28,1660.4000244140625,81.72460174560547,15.0,43627.09364979274,50171.157697261646
2022-09-29,1658.5,81.42870330810547,15.0,43419.391527157044,49932.3002562306
2022-09-30,1662.4000244140625,81.48059844970703,15.0,43549.23042489283,50081.614988626745
2022-10-03,1692.9000244140625,81.52130126953125,15.0,44370.38047469114,51025.937545894805
2022-10-04,1721.0999755859375,81.49500274658203,15.0,45094.940195643016,51859.181224989465
2022-10-05,1711.4000244140625,81.46549987792969,15.0,44824.55623321899,51548.23966820183
2022-10-06,1711.699951171875,81.6488037109375,15.0,44933.28831972406,51673.281567682665
2022-10-07,1700.5,82.3489990234375,15.0,45022.09488943542,51775.40912285073
2022-10-10,1667.300048828125,82.8322982788086,15.0,44402.17176999482,51062.49753549404
2022-10-11,1678.699951171875,82.42070007324219,15.0,44483.619267446884,51156.162157563915
2022-10-12,1670.300048828125,82.2739028930664,15.0,44182.19943722386,50809.52935280744
2022-10-13,1670.0,82.19999694824219,15.0,44134.58128621038,50754.76847914193
2022-10-14,1641.699951171875,82.19210052490234,15.0,43382.50274677963,49889.87815879657
2022-10-17,1657.0,82.41280364990234,15.0,43904.38878193393,50490.047099224015
2022-10-18,1649.0,82.1947021484375,15.0,43576.78841377126,50113.306675836946
2022-10-19,1627.5,82.2863998413086,15.0,43056.60640819513,49515.0973694244
2022-10-20,1630.800048828125,82.99700164794922,15.0,43516.48989344079,50043.96337745691
2022-10-21,1651.0,82.82569885253906,15.0,43964.57916489848,50559.26603963325
2022-10-24,1648.699951171875,82.54129791259766,15.0,43752.578918180574,50315.46575590766
2022-10-25,1652.800048828125,82.7614974975586,15.0,43978.396998747274,50575.15654855936
2022-10-26,1664.0,82.44529724121094,15.0,44107.24664728246,50723.33364437483
2022-10-27,1660.699951171875,82.04959869384766,15.0,43808.498897083846,50379.77373164642
2022-10-28,1639.5999755859375,82.44249725341797,15.0,43459.00509072864,49977.85585433793
2022-10-31,1635.9000244140625,82.23919677734375,15.0,43254.00807492711,49742.10928616617
2022-11-01,1645.0,82.72899627685547,15.0,43753.66080197639,50316.70992227284
2022-11-02,1645.699951171875,82.68450164794922,15.0,43748.735777227914,50311.0461438121
2022-11-03,1627.300048828125,82.88839721679688,15.0,43366.274804500645,49871.21602517574
2022-11-04,1672.5,82.68180084228516,15.0,44459.72701101867,51128.68606267147
2022-11-07,1676.5,81.9749984741211,15.0,44185.08686863665,50812.849898932145
2022-11-08,1712.0999755859375,81.82599639892578,15.0,45041.32539325023,51797.52420223776
2022-11-09,1710.0999755859375,81.40519714355469,15.0,44757.3506672115,51470.953267293226
2022-11-10,1750.300048828125,81.34380340576172,15.0,45774.93306958064,52641.17303001774
2022-11-11,1766.0,80.48290252685547,15.0,45696.72411864477,52551.23273644148
2022-11-14,1773.5999755859375,80.49700164794922,15.0,45901.419505053746,52786.632430811806
2022-11-15,1773.800048828125,80.99199676513672,15.0,46188.888008322814,53117.22120957123
2022-11-16,1773.0,81.07140350341797,15.0,46213.31953367308,53145.31746372404
2022-11-17,1760.800048828125,81.49530029296875,15.0,46135.29947919754,53055.59440107717
2022-11-18,1751.9000244140625,81.52490234375,15.0,45918.78033223582,52806.597382071195
2022-11-21,1737.4000244140625,81.5198974609375,15.0,45535.92741616368,52366.31652858823
2022-11-22,1738.300048828125,81.72769927978516,15.0,45675.6518233192,52526.99959681707
2022-11-23,1744.9000244140625,81.71499633789062,15.0,45841.94676000463,52718.23877400532
2022-11-25,1753.300048828125,81.65540313720703,15.0,46029.03927453352,52933.39516571354
2022-11-28,1740.0999755859375,81.6697006225586,15.0,45690.49915907375,52544.074032934805
2022-11-29,1748.4000244140625,81.65029907226562,15.0,45897.53078957825,52782.160408014985
2022-11-30,1746.0,81.63089752197266,15.0,45823.636270311785,52697.181710858546
2022-12-01,1801.0999755859375,81.3052978515625,15.0,47081.18699678705,54143.3650463051
2022-12-02,1795.9000244140625,81.16220092773438,15.0,46862.63559651397,53892.03093599106
2022-12-05,1767.4000244140625,81.42250061035156,15.0,46266.860503348296,53206.88957885054
2022-12-06,1769.300048828125,81.89900207519531,15.0,46587.65359866824,53575.801638468474
2022-12-07,1785.5,82.37220001220703,15.0,47285.856293277495,54378.734737269115
2022-12-08,1788.699951171875,82.25350189208984,15.0,47302.340514121184,54397.69159123936
2022-12-09,1798.0999755859375,82.2791976928711,15.0,47565.7798520366,54700.64682984208
2022-12-12,1780.5,82.41300201416016,15.0,47176.79685122644,54253.3163789104
2022-12-13,1813.9000244140625,82.64469909667969,15.0,48196.89800477764,55426.432705494284
2022-12-14,1807.5,82.40249633789062,15.0,47886.09388999222,55069.00797349105
2022-12-15,1777.199951171875,82.50800323486328,15.0,47143.63956477179,54215.185499487554
2022-12-16,1790.0,82.85790252685547,15.0,47684.55174596791,54837.23450786309
2022-12-19,1787.699951171875,82.72599792480469,15.0,47547.46650724773,54679.58648333488
2022-12-20,1815.9000244140625,82.58190155029297,15.0,48213.376964437026,55445.383509102576
2022-12-21,1815.9000244140625,82.63690185546875,15.0,48245.487516468624,55482.310643938916
2022-12-22,1787.0,82.87860107421875,15.0,47616.52550987153,54759.004336352256
2022-12-23,1795.9000244140625,82.8749008178711,15.0,47851.53966663807,55029.270616633774
2022-12-27,1814.800048828125,82.90290069580078,15.0,48371.465664871306,55627.185514601995
2022-12-28,1807.9000244140625,82.7761001586914,15.0,48113.85004832224,55330.92755557057
2022-12-29,1819.5,82.85199737548828,15.0,48466.96006066871,55737.00406976901
2022-12-30,1819.699951171875,82.83509826660156,15.0,48462.39949557199,55731.75941990779
2023-01-03,1839.699951171875,82.70600128173828,15.0,48918.68327346921,56256.48576448958
2023-01-04,1852.800048828125,82.78569793701172,15.0,49314.49681867498,56711.67134147623
2023-01-05,1834.800048828125,82.66649627685547,15.0,48765.087982132056,56079.85117945186
2023-01-06,1864.199951171875,82.64520263671875,15.0,49533.71251465617,56963.769391854585
2023-01-09,1872.699951171875,82.27339935302734,15.0,49535.70850584612,56966.064781723035
2023-01-10,1871.5999755859375,82.18009948730469,15.0,49450.47090973343,56868.04154619344
2023-01-11,1874.5999755859375,81.63739776611328,15.0,49202.65046031972,56583.048029367674
2023-01-12,1895.5,81.63179779052734,15.0,49747.80095871673,57209.971102524236
2023-01-13,1918.4000244140625,81.1156005859375,15.0,50030.43713550689,57535.002705832914
2023-01-17,1907.199951171875,81.65260314941406,15.0,50067.62606768338,57577.76997783588
2023-01-18,1904.4000244140625,81.52549743652344,15.0,49916.29858648828,57403.74337446152
2023-01-19,1922.0999755859375,81.43599700927734,15.0,50324.92416073704,57873.66278484759
2023-01-20,1926.4000244140625,81.23979949951172,15.0,50315.99393613353,57863.39302655355
2023-01-23,1927.0999755859375,80.97599792480469,15.0,50170.83081451864,57696.45543669643
2023-01-24,1933.9000244140625,81.48799896240234,15.0,50666.20900633144,58266.14035728115
2023-01-25,1941.199951171875,81.60189819335938,15.0,50928.54527255181,58567.827063434575
2023-01-26,1929.0999755859375,81.50270080566406,15.0,50549.570991815875,58132.00664058825
2023-01-27,1928.5999755859375,81.44509887695312,15.0,50500.75255379172,58075.86543686047
2023-01-30,1922.9000244140625,81.50800323486328,15.0,50390.38738735515,57948.945495458414
2023-01-31,1929.5,81.57990264892578,15.0,50607.94513836137,58199.13690911557
2023-02-01,1927.800048828125,81.76840209960938,15.0,50680.19019088679,58282.2187195198
2023-02-02,1916.300048828125,81.71029663085938,15.0,50342.0661415842,57893.37606282182
2023-02-03,1862.9000244140625,82.0458984375,15.0,49140.227370647175,56511.261476244246
2023-02-06,1866.199951171875,82.22599792480469,15.0,49335.3331015253,56735.63306675409
2023-02-07,1871.699951171875,82.75499725341797,15.0,49799.06580238593,57268.92567274381
2023-02-08,1877.4000244140625,82.74189758300781,15.0,49942.81689919293,57434.23943407186
2023-02-09,1866.199951171875,82.65950012207031,15.0,49595.43301933841,57034.747972239165
2023-02-10,1862.800048828125,82.533203125,15.0,49429.43874843396,56843.85456069905
2023-02-13,1851.9000244140625,82.51300048828125,15.0,49128.17773521488,56497.404395497106
2023-02-14,1854.0,82.59739685058594,15.0,49234.193502656075,56619.32252805448
2023-02-15,1834.199951171875,82.86759948730469,15.0,48867.73094132324,56197.89058252172
2023-02-16,1842.0,82.73770141601562,15.0,48998.616235568596,56348.40867090388
2023-02-17,1840.4000244140625,82.69529724121094,15.0,48930.96502376028,56270.60977732432
2023-02-21,1833.0,82.69750213623047,15.0,48735.51896593967,56045.84681083062
2023-02-22,1832.0,82.86119842529297,15.0,48805.34843832261,56126.150704071
2023-02-23,1818.0,82.83529663085938,15.0,48417.24219939954,55679.82852930947
2023-02-24,1808.800048828125,82.6178970336914,15.0,48045.80069401129,55252.67079811298
2023-02-27,1817.0,82.91799926757812,15.0,48438.923165942564,55704.761640833945
2023-02-28,1828.9000244140625,82.6520004272461,15.0,48599.75423963911,55889.71737558497
2023-03-01,1837.699951171875,82.6353988647461,15.0,48823.78782413951,56147.35599776043
2023-03-02,1833.5,82.4198989868164,15.0,48585.170412438434,55872.945974304195
2023-03-03,1847.699951171875,82.35569763183594,15.0,48923.31039692285,56261.80695646127
2023-03-06,1847.9000244140625,81.7125015258789,15.0,48546.47662308285,55828.448116545274
2023-03-07,1813.9000244140625,81.85440063476562,15.0,47736.010194929775,54896.41172416924
2023-03-08,1812.699951171875,82.07460021972656,15.0,47832.759596427895,55007.67353589208
2023-03-09,1829.300048828125,81.9645004272461,15.0,48206.0426105532,55436.94900213618
2023-03-10,1862.0,82.01840209960938,15.0,49100.02562717143,56465.029471247144
2023-03-13,1911.699951171875,81.95800018310547,15.0,50373.464384454244,57929.48404212238
2023-03-14,1906.199951171875,82.41739654541016,15.0,50510.083196609354,58086.595676100755
2023-03-15,1926.5999755859375,82.30490112304688,15.0,50980.957285921235,58628.10087880942
2023-03-16,1919.0,82.7156982421875,15.0,51033.3000873721,58688.29510047792
2023-03-17,1969.800048828125,82.622802734375,15.0,52325.429890683816,60174.24437428638
2023-03-20,1979.199951171875,82.53299713134766,15.0,52517.981543051996,60395.67877450979
2023-03-21,1938.0,82.52909851074219,15.0,51422.313538289374,59135.66056903278
2023-03-22,1946.800048828125,82.677001953125,15.0,51748.38569270556,59510.64354661139
2023-03-23,1993.800048828125,82.52580261230469,15.0,52900.782637964636,60835.90003365932
2023-03-24,1982.0999755859375,82.26529693603516,15.0,52424.33907710874,60287.98993867505
2023-03-27,1952.4000244140625,82.33879852294922,15.0,51684.94614639209,59437.6880683509
2023-03-28,1972.4000244140625,82.21489715576172,15.0,52135.82560072791,59956.199440837096
2023-03-29,1966.0999755859375,82.16429901123047,15.0,51937.3145401694,59727.9117211948
2023-03-30,1980.300048828125,82.25540161132812,15.0,52370.43285395217,60225.997782044986
2023-03-31,1969.0,82.10050201416016,15.0,51973.53624700801,59769.5666840592
2023-04-03,1983.9000244140625,82.18479919433594,15.0,52420.603831757806,60283.69440652147
2023-04-04,2022.199951171875,82.14089965820312,15.0,53404.061690173854,61414.67094369993
2023-04-05,2020.9000244140625,82.11479949951172,15.0,53352.773904325586,61355.68998997442
2023-04-06,2011.9000244140625,81.94999694824219,15.0,53008.5684443554,60959.853711008705
2023-04-10,1989.0999755859375,81.88480377197266,15.0,52366.15209982481,60221.074914798526
2023-04-11,2004.800048828125,81.98390197753906,15.0,52843.35547050671,60769.85879108271
2023-04-12,2010.9000244140625,82.07009887695312,15.0,53059.86909361633,61018.84945765878
2023-04-13,2041.300048828125,81.96060180664062,15.0,53790.14595459611,61858.667847785524
2023-04-14,2002.199951171875,81.68070220947266,15.0,52579.644726635466,60466.591435630784
2023-04-17,1994.199951171875,81.84480285644531,15.0,52474.770318451294,60345.98586621898
2023-04-18,2007.4000244140625,82.00370025634766,15.0,52924.66439360064,60863.364052640725
2023-04-19,1995.199951171875,82.10790252685547,15.0,52669.854875627214,60570.333106971295
2023-04-20,2007.5999755859375,82.34010314941406,15.0,53147.0699672086,61119.13046228988
2023-04-21,1979.5,82.14089965820312,15.0,52276.40325796553,60117.863746660354
2023-04-24,1989.0999755859375,82.05480194091797,15.0,52474.86763142054,60346.09777613361
2023-04-25,1994.0,81.85230255126953,15.0,52474.3168091152,60345.46433048247
2023-04-26,1985.699951171875,81.9916000366211,15.0,52344.821704702816,60196.54496040823
2023-04-27,1989.9000244140625,81.76689910888672,15.0,52311.78308969597,60158.550553150366
2023-04-28,1990.0999755859375,81.76509857177734,15.0,52315.88749545095,60163.27061976859
2023-05-01,1983.4000244140625,81.74479675292969,15.0,52126.812698083275,59945.83460279576
2023-05-02,2014.300048828125,81.77469635009766,15.0,52958.276351827546,60902.01780460167
2023-05-03,2028.5999755859375,81.77870178222656,15.0,53336.85033480942,61337.37788503082
2023-05-04,2048.0,81.77999877929688,15.0,53847.77838506921,61924.94514282958
2023-05-05,2017.4000244140625,81.71610260009766,15.0,53001.77387768548,60952.0399593383
2023-05-08,2026.300048828125,81.72979736328125,15.0,53244.51987330351,61231.197854299025
2023-05-09,2036.199951171875,81.78710174560547,15.0,53542.171325056996,61573.49702381554
2023-05-10,2030.5,82.1050033569336,15.0,53599.82295119638,61639.79639387583
2023-05-11,2014.699951171875,81.9198989868164,15.0,53062.84388854758,61022.27047182971
2023-05-12,2014.5,82.10030364990234,15.0,53174.421432548836,61150.584647431155
2023-05-15,2018.0,82.20030212402344,15.0,53331.686043782625,61331.43895035001
2023-05-16,1988.4000244140625,82.2667007446289,15.0,52591.86579294436,60480.64566188601
2023-05-17,1980.699951171875,82.2959976196289,15.0,52406.86047127806,60267.889541969766
2023-05-18,1956.5,82.45030212402344,15.0,51863.62181286731,59643.16508479741
2023-05-19,1978.699951171875,82.72509765625,15.0,52626.92195190588,60520.96024469176
2023-05-22,1974.800048828125,82.90480041503906,15.0,52637.29287948466,60532.886811407356
2023-05-23,1972.4000244140625,82.82499694824219,15.0,52522.71480791793,60401.122029105616
2023-05-24,1962.800048828125,82.8906021118164,15.0,52308.47906906487,60154.7509294246
2023-05-25,1943.0999755859375,82.71369934082031,15.0,51672.95872482857,59423.90253355285
2023-05-26,1944.0999755859375,82.74210357666016,15.0,51717.30562261936,59474.901466012256
2023-05-30,1958.0,82.57969665527344,15.0,51984.839664676125,59782.56561437754
2023-05-31,1963.9000244140625,82.68389892578125,15.0,52207.27928335772,60038.37117586137
2023-06-01,1978.0,82.66680145263672,15.0,52571.23258582328,60456.91747369677
2023-06-02,1952.4000244140625,82.27670288085938,15.0,51645.96804645728,59392.86325342587
2023-06-05,1958.0,82.40979766845703,15.0,51877.8863583966,59659.56931215608
2023-06-06,1965.5,82.51119995117188,15.0,52140.679828324246,59961.78180257288
2023-06-07,1942.699951171875,82.51719665527344,15.0,51539.58683525639,59270.52486054484
2023-06-08,1963.5999755859375,82.61810302734375,15.0,52157.76523138832,59981.430016096565
2023-06-09,1962.199951171875,82.48829650878906,15.0,52038.68740874726,59844.49052005934
2023-06-12,1955.300048828125,82.4448013305664,15.0,51828.35502991032,59602.60828439687
2023-06-13,1944.5999755859375,82.33719635009766,15.0,51477.45752478481,59199.07615350253
2023-06-14,1955.300048828125,82.29039764404297,15.0,51731.29021861946,59490.98375141238
2023-06-15,1957.800048828125,82.04499816894531,15.0,51642.96668261275,59389.411685004656
2023-06-16,1958.4000244140625,81.9126968383789,15.0,51575.490696578505,59311.81430106528
2023-06-20,1935.5,81.98139953613281,15.0,51015.15868059384,58667.43248268291
2023-06-21,1933.300048828125,81.9917984008789,15.0,50963.636842131906,58608.182368451686
2023-06-22,1912.699951171875,81.94149780273438,15.0,50389.66638681832,57948.11634484106
2023-06-23,1919.0999755859375,81.91929626464844,15.0,50544.57519620107,58126.261475631225
2023-06-26,1923.699951171875,81.98480224609375,15.0,50706.24208775423,58312.178400917364
2023-06-27,1914.0,82.00650024414062,15.0,50463.91610824671,58033.50352448371
2023-06-28,1912.300048828125,81.99839782714844,15.0,50414.114221449025,57976.23135466637
2023-06-29,1909.199951171875,82.02649688720703,15.0,50349.633916393854,57902.07900385293
2023-06-30,1921.0999755859375,82.07540130615234,15.0,50693.66837991071,58297.71863689731
2023-07-03,1921.699951171875,82.09629821777344,15.0,50722.4113930866,58330.773102049585
2023-07-05,1919.5999755859375,82.0071029663086,15.0,50611.9352651629,58203.72555493733
2023-07-06,1908.699951171875,82.39409637451172,15.0,50562.02926580008,58146.33365567009
2023-07-07,1926.199951171875,82.76840209960938,15.0,51257.412214973134,58946.0240472191
2023-07-10,1925.0,82.61530303955078,15.0,51130.72752299107,58800.33665143972
2023-07-11,1931.300048828125,82.52529907226562,15.0,51242.1798600872,58928.50683910027
2023-07-12,1956.199951171875,82.39990234375,15.0,51823.969952388325,59597.56544524657
2023-07-13,1959.199951171875,82.00180053710938,15.0,51652.68333412977,59400.58583424923
2023-07-14,1960.0999755859375,82.03079986572266,15.0,51694.68671181633,59448.889718588776
2023-07-17,1952.4000244140625,82.07679748535156,15.0,51520.48528758129,59248.558080718474
2023-07-18,1977.199951171875,82.06159973144531,15.0,52165.25181477956,59990.03958699649
2023-07-19,1977.5,82.07540130615234,15.0,52181.94289482414,60009.23432904776
2023-07-20,1968.300048828125,82.06169891357422,15.0,51930.50492018809,59720.0806582163
2023-07-21,1964.300048828125,82.0823974609375,15.0,51838.04309497294,59613.74955921888
2023-07-24,1960.300048828125,81.99030303955078,15.0,51674.44019221765,59425.60622105029
2023-07-25,1962.0999755859375,81.81420135498047,15.0,51610.797010365444,59352.416561920254
2023-07-26,1968.9000244140625,81.95010375976562,15.0,51875.69286200508,59657.04679130584
2023-07-27,1945.4000244140625,81.97550201416016,15.0,51272.41102117196,58963.27267434775
2023-07-28,1960.4000244140625,82.3749008178711,15.0,51919.48095052341,59707.403093101915
2023-07-31,1970.5,82.25279998779297,15.0,52109.615437473614,59926.057753094654
2023-08-01,1940.699951171875,82.2332992553711,15.0,51309.38957017727,59005.79800570386
2023-08-02,1937.4000244140625,82.30729675292969,15.0,51268.236288064516,58958.47173127419
2023-08-03,1932.0,82.7332992553711,15.0,51389.95102203191,59098.4436753367
2023-08-04,1939.5999755859375,82.7843017578125,15.0,51623.91038576109,59367.49694362525
2023-08-07,1933.5,82.69529724121094,15.0,51406.22669985094,59117.16070482857
2023-08-08,1924.0999755859375,82.74829864501953,15.0,51189.09428284918,58867.458425276556
2023-08-09,1915.4000244140625,82.84500122070312,15.0,51017.190142819236,58669.76866424212
2023-08-10,1914.4000244140625,82.86630249023438,15.0,51003.665667981986,58654.21551817928
2023-08-11,1912.9000244140625,82.79989624023438,15.0,50922.86190924693,58561.29119563397
2023-08-14,1910.5999755859375,82.89730072021484,15.0,50921.465665337535,58559.68551513816
2023-08-15,1902.5,83.2333984375,15.0,50911.16450796333,58547.83918415783
2023-08-16,1896.0999755859375,83.19419860839844,15.0,50716.002363166815,58323.40271764183
2023-08-17,1884.0999755859375,83.23699951171875,15.0,50420.95865348787,57984.10245151105
2023-08-18,1886.0999755859375,83.09829711914062,15.0,50390.3728415272,57948.928767756275
2023-08-21,1893.300048828125,83.16729736328125,15.0,50624.736174000864,58218.446600100986
2023-08-22,1896.4000244140625,83.1135025024414,15.0,50674.82700492489,58276.05105566362
2023-08-23,1918.5,83.07330322265625,15.0,51240.57814479593,58926.66486651532
2023-08-24,1918.199951171875,82.5447006225586,15.0,50906.56701132957,58542.552063029005
2023-08-25,1911.0999755859375,82.64140319824219,15.0,50777.55996416746,58394.19395879258
2023-08-28,1917.9000244140625,82.66429901123047,15.0,50972.353944671915,58618.207036372696
2023-08-29,1936.5,82.69149780273438,15.0,51483.622581058444,59206.1659682172
2023-08-30,1944.300048828125,82.49469757080078,15.0,51567.972901753616,59303.16883701665
2023-08-31,1938.199951171875,82.70040130615234,15.0,51534.365513038385,59264.52033999414
2023-09-01,1939.800048828125,82.68240356445312,15.0,51565.68568539004,59300.53853819854
2023-09-05,1926.199951171875,82.7345962524414,15.0,51236.476686442824,58921.948189409246
2023-09-06,1918.0999755859375,83.08609771728516,15.0,51237.78417318163,58923.45179915887
2023-09-07,1917.5,83.25740051269531,15.0,51327.36363531219,59026.468180609016
2023-09-08,1918.4000244140625,83.24150085449219,15.0,51341.64877635026,59042.896092802795
2023-09-11,1923.300048828125,83.03130340576172,15.0,51342.81026076306,59044.23179987751
2023-09-12,1911.300048828125,82.94329833984375,15.0,50968.38946321446,58613.64788269662
2023-09-13,1909.0999755859375,82.84300231933594,15.0,50848.159758647744,58475.3837224449
2023-09-14,1910.0,82.93679809570312,15.0,50929.72956830999,58569.18900355648
2023-09-15,1923.699951171875,83.0282974243164,15.0,51351.62656969196,59054.370555145746
2023-09-18,1931.5,83.08580017089844,15.0,51595.55131418983,59334.884011318296
2023-09-19,1932.0,83.25489807128906,15.0,51713.94314907662,59471.03462143811
2023-09-20,1945.5999755859375,83.19499969482422,15.0,52040.50649448521,59846.58246865799
2023-09-21,1919.199951171875,83.08699798583984,15.0,51267.72307857363,58957.881540359675
2023-09-22,1925.4000244140625,82.89129638671875,15.0,51312.20090558991,59009.031041428396
2023-09-25,1916.5999755859375,82.97480010986328,15.0,51129.13333380874,58798.50333388005
2023-09-26,1900.4000244140625,83.0282974243164,15.0,50729.65372135899,58339.101779562836
2023-09-27,1871.5999755859375,83.29869842529297,15.0,50123.56871063343,57642.10401722844
2023-09-28,1860.4000244140625,83.22270202636719,15.0,49778.16544172128,57244.89025797947
2023-09-29,1848.0999755859375,83.19300079345703,15.0,49431.40892031727,56846.120258364856
2023-10-02,1830.0,83.03479766845703,15.0,48854.206032528935,56182.33693740827
2023-10-03,1824.5999755859375,83.3593978881836,15.0,48900.463083459494,56235.532545978414
2023-10-04,1818.5,83.22979736328125,15.0,48661.20742203513,55960.38853534039
2023-10-05,1816.5999755859375,83.44979858398438,15.0,48738.85642140512,56049.68488461588
2023-10-06,1830.199951171875,83.22489929199219,15.0,48971.40406079326,56317.11466991225
2023-10-09,1849.5,83.12460327148438,15.0,49428.184529268525,56842.412208658796
2023-10-10,1861.0,83.27030181884766,15.0,49822.69895184641,57296.10379462337
2023-10-11,1872.800048828125,83.25029754638672,15.0,50126.5649556574,57645.549699006006
2023-10-12,1869.300048828125,83.21800231933594,15.0,50013.47623222907,57515.49766706343
2023-10-13,1927.4000244140625,83.26239776611328,15.0,51595.46272515316,59334.78213392613
2023-10-16,1921.0999755859375,83.28230285644531,15.0,51439.10813389417,59154.974353978294
2023-10-17,1922.699951171875,83.19950103759766,15.0,51430.76392769733,59145.378516851924
2023-10-18,1955.300048828125,83.26429748535156,15.0,52343.5256285458,60195.054472827665
2023-10-19,1968.4000244140625,83.26860046386719,15.0,52696.93609593807,60601.47651032878
2023-10-20,1982.5,83.12229919433594,15.0,52981.16229773852,60928.33664239929
2023-10-23,1976.300048828125,83.15979766845703,15.0,52839.298533190355,60765.1933131689
2023-10-24,1975.0,83.02940368652344,15.0,52721.74265947041,60630.004058390965
2023-10-25,1984.0999755859375,82.98780059814453,15.0,52938.12372906882,60878.84228842914
2023-10-26,1987.199951171875,83.1709976196289,15.0,53137.87914821248,61108.561020444344
2023-10-27,1988.5999755859375,83.28250122070312,15.0,53246.605653455736,61233.596501474094
2023-10-30,1996.199951171875,83.41339874267578,15.0,53534.11111200011,61564.227778800116
2023-10-31,1985.199951171875,83.29650115966797,15.0,53164.50239843133,61139.17775819603
2023-11-01,1978.800048828125,83.2771987915039,15.0,52980.83014287698,60927.95466430852
2023-11-02,1985.5999755859375,85.19400024414062,15.0,54386.54968245824,62544.532134826964
2023-11-03,1991.5,83.24729919433594,15.0,53301.71728118058,61296.97487335766
2023-11-06,1981.5999755859375,83.15850067138672,15.0,52980.173581810115,60927.19961908163
2023-11-07,1966.800048828125,83.2228012084961,15.0,52625.1416980351,60518.91295274036
2023-11-08,1951.5,83.23269653320312,15.0,52221.970930778174,60055.266570394895
2023-11-09,1964.199951171875,83.21769714355469,15.0,52552.34834214992,60435.2005934724
2023-11-10,1932.5999755859375,83.31939697265625,15.0,51770.078787014485,59535.59060506665
2023-11-13,1945.5,83.29889678955078,15.0,52102.8192017204,59918.24208197845
2023-11-14,1961.800048828125,83.19760131835938,15.0,52475.46363873529,60346.78318454557
2023-11-15,1960.0999755859375,82.98159790039062,15.0,52293.86661264415,60137.94660454077
2023-11-16,1983.9000244140625,83.18620300292969,15.0,53059.33742775745,61018.23804192106
2023-11-17,1981.5999755859375,83.12030029296875,15.0,52955.83616996244,60899.2115954568
2023-11-20,1977.699951171875,83.29149627685547,15.0,52960.46686699872,60904.53689704853
2023-11-21,1999.300048828125,83.32219696044922,15.0,53558.6260232748,61592.419926766015
2023-11-22,1991.4000244140625,83.345703125,15.0,53362.04454094626,61366.3512220882
2023-11-24,2002.199951171875,83.34400177001953,15.0,53650.34683376526,61697.89885883004
2023-11-27,2011.800048828125,83.31449890136719,15.0,53888.50546011262,61971.78127912951
2023-11-28,2039.699951171875,83.364501953125,15.0,54668.62911352637,62868.92348055532
2023-11-29,2047.0999755859375,83.41809844970703,15.0,54902.24164477329,63137.57789148928
2023-11-30,2038.0999755859375,83.3302993774414,15.0,54603.334392184865,62793.83455101259
2023-12-01,2071.0,83.35269927978516,15.0,55499.683382395895,63824.63588975527
2023-12-04,2024.0999755859375,83.21859741210938,15.0,54155.5648046511,62278.89952534876
2023-12-05,2018.5,83.41709899902344,15.0,54134.555381075705,62254.738688237056
2023-12-06,2030.5,83.31590270996094,15.0,54390.32277800752,62548.87119470864
2023-12-07,2029.9000244140625,83.28959655761719,15.0,54357.08331401435,62510.6458111165
2023-12-08,1998.300048828125,83.35489654541016,15.0,53552.84576872584,61585.772634034714
2023-12-11,1978.0,83.43009948730469,15.0,53056.64532476688,61015.14212348191
2023-12-12,1977.800048828125,83.34349822998047,15.0,52996.2142102214,60945.646341754604
2023-12-13,1982.300048828125,83.39600372314453,15.0,53150.25712619477,61122.795695123976
2023-12-14,2030.199951171875,83.2853012084961,15.0,54362.311137596625,62516.657808236116
2023-12-15,2021.0999755859375,83.29660034179688,15.0,54125.984830387984,62244.882554946176
2023-12-18,2026.300048828125,83.04170227050781,15.0,54099.18670422962,62214.06470986406
2023-12-19,2038.4000244140625,83.11119842529297,15.0,54467.783014515786,62637.950466693146
2023-12-20,2034.5,83.09159851074219,15.0,54350.75061330879,62503.363205305104
2023-12-21,2039.0999755859375,83.26719665527344,15.0,54588.756463702644,62777.06993325803
2023-12-22,2057.10009765625,83.13159942626953,15.0,54980.957544359735,63228.10117601369
2023-12-26,2058.199951171875,83.17230224609375,15.0,55037.28790064224,63292.88108573857
2023-12-27,2081.89990234375,83.18280029296875,15.0,55678.063178295466,64029.77265503978
2023-12-28,2073.89990234375,83.26719665527344,15.0,55520.38549096064,63848.44331460473
2023-12-29,2062.39990234375,82.302001953125,15.0,54572.52103165886,62758.39918640768
2024-01-02,2064.39990234375,83.20259857177734,15.0,55223.18593287681,63506.663822808325
2024-01-03,2034.199951171875,83.25700378417969,15.0,54450.91164418632,62618.54839081426
2024-01-04,2042.300048828125,83.31809997558594,15.0,54707.84948587965,62914.02690876159
2024-01-05,2042.4000244140625,83.2406005859375,15.0,54659.63787643191,62858.58355789669
2024-01-08,2026.5999755859375,83.19110107421875,15.0,54204.53756200395,62335.21819630454
2024-01-09,2026.4000244140625,83.05069732666016,15.0,54107.71620246887,62223.8736328392
2024-01-10,2021.699951171875,83.131103515625,15.0,54034.48098072666,62139.65312783565
2024-01-11,2014.300048828125,83.02559661865234,15.0,53768.3744025385,61833.63056291927
2024-01-12,2046.699951171875,83.07610321044922,15.0,54666.470456500414,62866.44102497547
2024-01-16,2026.0,82.8593978881836,15.0,53972.427579359224,62068.291716263106
2024-01-17,2002.5999755859375,83.08899688720703,15.0,53496.8807811921,61521.41289837091
2024-01-18,2018.5999755859375,83.17759704589844,15.0,53981.80120119843,62079.07138137819
2024-01-19,2026.5,83.16059875488281,15.0,54181.99025086245,62309.28878849182
2024-01-22,2019.800048828125,83.12470245361328,15.0,53979.545091269945,62076.476854960434
2024-01-23,2023.699951171875,83.09510040283203,15.0,54064.51062672472,62174.18722073342
2024-01-24,2013.9000244140625,83.22139739990234,15.0,53884.47417667971,61967.14530318166
2024-01-25,2016.9000244140625,83.09760284423828,15.0,53884.468694936026,61967.13899917642
2024-01-26,2016.800048828125,83.14610290527344,15.0,53913.24590455215,62000.232790234964
2024-01-29,2025.199951171875,83.12129974365234,15.0,54121.64296049882,62239.88940457364
2024-01-30,2031.5,83.1530990600586,15.0,54310.7755527542,62457.391885667326
2024-01-31,2048.39990234375,83.10970306396484,15.0,54734.00345300164,62944.10397095188
2024-02-01,2053.0,83.05359649658203,15.0,54819.886381752185,63042.86933901501
2024-02-02,2036.0999755859375,82.92759704589844,15.0,54286.13446093021,62429.05463006974
2024-02-05,2025.699951171875,82.99929809570312,15.0,54055.54812151871,62163.88033974651
2024-02-06,2034.5,83.10369873046875,15.0,54358.66544509096,62512.4652618546
2024-02-07,2035.199951171875,83.07060241699219,15.0,54355.711088102864,62509.06775131829
2024-02-08,2032.199951171875,83.01260375976562,15.0,54237.69328443613,62373.347277101544
2024-02-09,2023.300048828125,82.98529815673828,15.0,53982.39999117304,62079.75998984899
2024-02-12,2018.199951171875,83.0145034790039,15.0,53865.277820143434,61945.06949316494
2024-02-13,1992.9000244140625,82.99019622802734,15.0,53174.454350463304,61150.62250303279
2024-02-14,1990.300048828125,83.07460021972656,15.0,53159.09170148014,61132.955456702155
2024-02-15,2002.0999755859375,83.04309844970703,15.0,53453.97957745561,61472.076514073946
2024-02-16,2011.5,83.00959777832031,15.0,53683.28513867935,61735.77790948124
2024-02-20,2027.5,83.02100372314453,15.0,54117.73113915654,62235.39081003001
2024-02-21,2022.300048828125,82.8291015625,15.0,53854.16307947128,61932.28754139196
2024-02-22,2019.699951171875,82.93840026855469,15.0,53855.89498695431,61934.27923499745
2024-02-23,2038.5999755859375,82.87229919433594,15.0,54316.54544161389,62464.02725785597
2024-02-26,2028.5,82.88179779052734,15.0,54053.63602748395,62161.68143160654
2024-02-27,2034.0,82.85199737548828,15.0,54180.70720714491,62307.81328821664
2024-02-28,2033.0,82.94819641113281,15.0,54216.94770808205,62349.48986429435
2024-02-29,2045.699951171875,82.91190338134766,15.0,54531.76546008974,62711.53027910319
2024-03-01,2086.89990234375,82.910400390625,15.0,55629.014894939966,63973.36712918096
2024-03-04,2117.699951171875,82.84609985351562,15.0,56406.250619567036,64867.188212502086
2024-03-05,2133.5,82.9104995727539,15.0,56871.268776334,65401.9590927841
2024-03-06,2150.300048828125,82.88480377197266,15.0,57301.33187518523,65896.531656463
2024-03-07,2158.0,82.81909942626953,15.0,57460.93415914275,66080.07428301415
2024-03-08,2178.60009765625,82.7522964477539,15.0,57962.660511632326,66657.05958837717
2024-03-11,2182.5,82.7520980834961,15.0,58066.28002225802,66776.22202559671
2024-03-12,2160.39990234375,82.7782974243164,15.0,57496.49578718635,66120.9701552643
2024-03-13,2175.39990234375,82.83509826660156,15.0,57935.42999334479,66625.74449234651
2024-03-14,2163.0,82.83110046386719,15.0,57602.414616793845,66242.77680931291
2024-03-15,2157.300048828125,82.9655990600586,15.0,57543.906924725205,66175.49296343398
2024-03-18,2160.699951171875,82.88890075683594,15.0,57581.315227542174,66218.5125116735
2024-03-19,2156.300048828125,82.86360168457031,15.0,57446.52156783425,66063.49980300938
2024-03-20,2157.89990234375,83.04239654541016,15.0,57613.18803212871,66255.16623694802
2024-03-21,2182.39990234375,83.05460357666016,15.0,58275.87208349607,67017.25289602048
2024-03-22,2158.10009765625,83.22660064697266,15.0,57746.34204633865,66408.29335328944
2024-03-25,2174.800048828125,83.59359741210938,15.0,58449.807813774685,67217.27898584088
2024-03-26,2175.60009765625,83.41739654541016,15.0,58348.06245934524,67100.27182824702
2024-03-27,2190.60009765625,83.34549713134766,15.0,58699.713586940015,67504.67062498101
2024-03-28,2217.39990234375,83.36499786376953,15.0,59431.74823476763,68346.51046998276
2024-04-01,2236.5,83.36479949951172,15.0,59943.53499788061,68935.0652475627
2024-04-02,2261.0,83.40969848632812,15.0,60632.831764138406,69727.75652875916
2024-04-03,2294.39990234375,83.35030364990234,15.0,61484.69739889654,70707.40200873102
2024-04-04,2288.800048828125,83.37329864501953,15.0,61351.55529431818,70554.2885884659
2024-04-05,2325.699951171875,83.47779846191406,15.0,62418.79910839911,71781.61897465897
2024-04-08,2331.699951171875,83.29679870605469,15.0,62444.1434165548,71810.764929038
2024-04-09,2343.5,83.26959991455078,15.0,62739.661902920816,72150.61118835893
2024-04-10,2329.60009765625,83.22429656982422,15.0,62333.605355164276,71683.64615843892
2024-04-11,2354.800048828125,83.4126968383789,15.0,63150.52086996648,72623.09900046144
2024-04-12,2356.199951171875,83.34929656982422,15.0,63140.035207622925,72611.04048876636
2024-04-15,2365.800048828125,83.61109924316406,15.0,63596.425698731895,73135.88955354167
2024-04-16,2390.800048828125,83.50599670410156,15.0,64187.67694877016,73815.82849108567
2024-04-17,2371.699951171875,83.6675033569336,15.0,63798.033541663186,73367.73857291265
2024-04-18,2382.300048828125,83.5958023071289,15.0,64028.25531470718,73632.49361191325
2024-04-19,2398.39990234375,83.54499816894531,15.0,64421.79029681779,74085.05884134045
2024-04-22,2332.199951171875,83.38529968261719,15.0,62523.89340371726,71902.47741427484
2024-04-23,2327.699951171875,83.38619995117188,15.0,62403.92674610606,71764.51575802197
2024-04-24,2324.5,83.2833023071289,15.0,62241.238514289755,71577.42429143321
2024-04-25,2329.800048828125,83.3405990600586,15.0,62426.07158663485,71789.98232463007
2024-04-26,2334.800048828125,83.30180358886719,15.0,62530.92259287797,71910.56098180966
2024-04-29,2345.39990234375,83.40229797363281,15.0,62890.588365490294,72324.17662031382
2024-04-30,2291.39990234375,83.45110321044922,15.0,61478.56342434181,70700.34793799308
2024-05-01,2299.89990234375,83.49839782714844,15.0,61741.59082049232,71002.82944356617
2024-05-02,2299.199951171875,83.40640258789062,15.0,61654.7966490909,70903.01614645454
2024-05-03,2299.0,83.40630340576172,15.0,61649.36149624518,70896.76572068196
2024-05-06,2321.60009765625,83.37999725341797,15.0,62235.76438860997,71571.12904690146
2024-05-07,2315.199951171875,83.4728012084961,15.0,62133.2728734997,71453.26380452464
2024-05-08,2313.60009765625,83.46990203857422,15.0,62088.1809146247,71401.4080518184
2024-05-09,2332.10009765625,83.46430206298828,15.0,62580.45139354276,71967.51910257417
2024-05-10,2367.300048828125,83.45939636230469,15.0,63521.28637730472,73049.47933390042
2024-05-13,2336.10009765625,83.5248031616211,15.0,62733.22964379639,72143.21409036584
2024-05-14,2353.39990234375,83.50550079345703,15.0,63183.19077032737,72660.66938587646
2024-05-15,2388.699951171875,83.52420043945312,15.0,64145.27416894934,73767.06529429174
2024-05-16,2380.0,83.40509796142578,15.0,63820.51317317774,73393.59014915439
2024-05-17,2412.199951171875,83.47010040283203,15.0,64734.37784044334,74444.53451650984
2024-05-20,2433.89990234375,83.30039978027344,15.0,65183.92942607837,74961.51883999012
2024-05-21,2421.699951171875,83.31500244140625,15.0,64868.56377714346,74598.84834371497
2024-05-22,2389.199951171875,83.31680297851562,15.0,63999.389653275764,73599.29810126712
2024-05-23,2335.0,83.26709747314453,15.0,62510.223158098765,71886.75663181358
2024-05-24,2332.5,83.2863998413086,15.0,62457.77087139785,71826.43650210752
2024-05-28,2355.199951171875,83.14569854736328,15.0,62959.07057369796,72402.93115975264
2024-05-29,2340.300048828125,83.20649719238281,15.0,62606.51355704366,71997.49059060021
2024-05-30,2342.89990234375,83.3656005859375,15.0,62795.90961519477,72215.29605747397
2024-05-31,2322.89990234375,83.3208999633789,15.0,62226.473029763925,71560.4439842285
2024-06-03,2346.60009765625,83.45079803466797,15.0,62959.36174952782,72403.26601195699
2024-06-04,2325.5,83.09339904785156,15.0,62126.030667217135,71444.9352672997
2024-06-05,2354.10009765625,83.62940216064453,15.0,63295.76536187474,72790.13016615596
2024-06-06,2370.300048828125,83.38079833984375,15.0,63541.88768989332,73073.17084337732
2024-06-07,2305.199951171875,83.47309875488281,15.0,61865.122309039485,71144.8906553954
2024-06-10,2307.699951171875,83.52760314941406,15.0,61972.654430982555,71268.55259562994
2024-06-11,2307.5,83.52980041503906,15.0,61968.914899513766,71264.25213444083
2024-06-12,2336.0,83.5968017578125,15.0,62784.615527593356,72202.30785673235
2024-06-13,2300.199951171875,83.5343017578125,15.0,61776.19779912131,71042.6274689895
2024-06-14,2331.39990234375,83.52210235595703,15.0,62604.98698738821,71995.73503549644
2024-06-17,2312.39990234375,83.55180358886719,15.0,62116.8622372211,71434.39157280426
2024-06-18,2330.39990234375,83.51010131835938,15.0,62569.14236565703,71954.51372050558
2024-06-20,2353.800048828125,83.41950225830078,15.0,63128.85318012644,72598.1811571454
2024-06-21,2316.39990234375,83.60160064697266,15.0,62261.39809810107,71600.60781281622
2024-06-24,2330.0,83.5625,15.0,62597.6578198595,71987.30649283843
2024-06-25,2316.60009765625,83.46040344238281,15.0,62161.61485525875,71485.85708354755
2024-06-26,2299.199951171875,83.41459655761719,15.0,61660.85370851997,70909.98176479797
2024-06-27,2324.5,83.58039855957031,15.0,62463.2714812549,71832.76220344313
2024-06-28,2327.699951171875,83.45089721679688,15.0,62452.34439107729,71820.19604973888
2024-07-01,2327.60009765625,83.36750030517578,15.0,62387.2560488963,71745.34445623074
2024-07-02,2323.0,83.44129943847656,15.0,62319.07617971645,71666.93760667392
2024-07-03,2359.800048828125,83.4791030883789,15.0,63334.99173536246,72835.24049566683
2024-07-05,2388.5,83.49340057373047,15.0,64116.25292020359,73733.69085823411
2024-07-08,2355.199951171875,83.47209930419922,15.0,63206.22573197997,72687.15959177696
2024-07-09,2360.10009765625,83.45760345458984,15.0,63326.731095643285,72825.74075998977
2024-07-10,2372.199951171875,83.49299621582031,15.0,63678.39038897953,73230.14894732645
2024-07-11,2415.0,83.49590301513672,15.0,64829.55480301419,74553.98802346631
2024-07-12,2414.0,83.51850128173828,15.0,64820.249198359095,74543.28657811295
2024-07-15,2422.89990234375,83.52030181884766,15.0,65060.63019293858,74819.72472187936
2024-07-16,2462.39990234375,83.58760070800781,15.0,66174.57836595457,76100.76512084775
2024-07-17,2454.800048828125,83.52960205078125,15.0,65924.5651431034,75813.2499145689
2024-07-18,2451.800048828125,83.57209777832031,15.0,65877.49719920736,75759.12177908845
2024-07-19,2395.5,83.67430114746094,15.0,64443.48333748378,74110.00583810634
2024-07-22,2392.0,83.73030090332031,15.0,64392.393062112686,74051.25202142958
2024-07-23,2404.60009765625,83.67130279541016,6.0,64685.97517091933,68567.1336811745
2024-07-24,2413.300048828125,83.70680236816406,6.0,64947.55581922823,68844.40916838193
2024-07-25,2351.89990234375,83.74299621582031,6.0,63322.502169196654,67121.85229934845
2024-07-26,2380.0,83.73760223388672,6.0,64074.94118560625,67919.43765674262
2024-07-29,2377.300048828125,83.72779846191406,6.0,63994.759230240874,67834.44478405533
2024-07-30,2405.0,83.75050354003906,6.0,64757.97290137571,68643.45127545825
2024-07-31,2426.5,83.73899841308594,6.0,65327.91475215105,69247.58963728012
2024-08-01,2435.0,83.7177963256836,6.0,65540.15916312941,69472.56871291719
2024-08-02,2425.699951171875,83.743896484375,6.0,65310.19519124568,69228.80690272042
2024-08-05,2401.699951171875,83.73529815673828,6.0,64657.37344491801,68536.8158516131
2024-08-06,2389.10009765625,84.00260162353516,6.0,64523.48569844774,68394.89484035461
2024-08-07,2390.5,83.93489837646484,6.0,64509.25926951604,68379.814825687
2024-08-08,2422.199951171875,83.94239807128906,6.0,65370.544314796236,69292.77697368401
2024-08-09,2432.10009765625,83.98899841308594,6.0,65674.16890141525,69614.61903550017
2024-08-12,2462.39990234375,83.94979858398438,6.0,66461.32294917955,70449.00232613033
2024-08-13,2466.699951171875,83.88999938964844,6.0,66529.95881436316,70521.75634322494
2024-08-14,2439.39990234375,83.88200378417969,6.0,65787.37178758853,69734.61409484386
2024-08-15,2453.10009765625,83.97149658203125,6.0,66227.42986021584,70201.0756518288
2024-08-16,2498.60009765625,83.94830322265625,6.0,67437.18187027358,71483.41278248999
2024-08-19,2501.800048828125,83.88980102539062,6.0,67476.49245310141,71525.0820002875
2024-08-20,2511.300048828125,83.87860107421875,6.0,67723.67578353573,71787.09633054788
2024-08-21,2508.39990234375,83.77940368652344,6.0,67565.4662741148,71619.3942505617
2024-08-22,2478.89990234375,83.88860321044922,6.0,66857.89390458829,70869.36753886359
2024-08-23,2508.39990234375,83.94059753417969,6.0,67695.46406591295,71757.19190986773
2024-08-26,2517.699951171875,83.81379699707031,6.0,67843.8094127842,71914.43797755126
2024-08-27,2516.0,83.88369750976562,6.0,67854.54464435524,71925.81732301656
2024-08-28,2501.0,83.92160034179688,6.0,67480.48369310013,71529.31271468615
2024-08-29,2525.699951171875,83.94149780273438,6.0,68163.08032911418,72252.86514886103
2024-08-30,2493.800048828125,83.89510345458984,6.0,67264.97438921561,71300.87285256856
2024-09-03,2489.89990234375,83.92729949951172,6.0,67185.54980237236,71216.68279051471
2024-09-04,2493.39990234375,83.95030212402344,6.0,67298.4310826011,71336.33694755718
2024-09-05,2511.39990234375,83.98249816894531,6.0,67810.25855613465,71878.87406950274
2024-09-06,2493.5,83.98359680175781,6.0,67327.82440084979,71367.49386490078
2024-09-09,2501.800048828125,83.98259735107422,6.0,67551.1328801036,71604.20085290982
2024-09-10,2512.300048828125,83.98090362548828,6.0,67833.2754445462,71903.27197121899
2024-09-11,2512.10009765625,83.98200225830078,6.0,67828.76398940467,71898.48982876896
2024-09-12,2551.199951171875,83.99259948730469,6.0,68893.1842753422,73026.77533186274
2024-09-13,2581.300048828125,83.93479919433594,6.0,69658.04531924646,73837.52803840126
2024-09-16,2580.39990234375,83.88480377197266,6.0,69592.2772232459,73767.81385664066
2024-09-17,2564.300048828125,83.88400268554688,6.0,69157.41063946065,73306.85527782829
2024-09-18,2570.699951171875,83.77059936523438,6.0,69236.28392233887,73390.46095767921
2024-09-19,2588.0,83.69170379638672,6.0,69636.57769223684,73814.77235377106
2024-09-20,2619.89990234375,83.61470031738281,6.0,70430.06259617508,74655.86635194559
2024-09-23,2626.5,83.48709869384766,6.0,70499.73948892918,74729.72385826493
2024-09-24,2651.199951171875,83.55960083007812,6.0,71224.5276707266,75497.9993309702
2024-09-25,2659.199951171875,83.56759643554688,6.0,71446.28365327285,75733.06067246923
2024-09-26,2669.89990234375,83.62409973144531,6.0,71782.26749612419,76089.20354589164
2024-09-27,2644.300048828125,83.61710357666016,6.0,71088.04831309301,75353.3312118786
2024-09-30,2636.10009765625,83.71640014648438,6.0,70951.76124924114,75208.86692419561
2024-10-01,2667.300048828125,83.82730102539062,6.0,71886.62501588385,76199.82251683688
2024-10-02,2647.10009765625,83.87210083007812,6.0,71380.34185796925,75663.16236944741
2024-10-03,2657.10009765625,83.91960144042969,6.0,71690.57539590055,75992.00991965459
2024-10-04,2645.800048828125,84.0093994140625,6.0,71462.07760276111,75749.80225892678
2024-10-07,2644.800048828125,84.02780151367188,6.0,71450.71568996395,75737.7586313618
2024-10-08,2615.0,83.96410369873047,6.0,70592.09772925239,74827.62359300753
2024-10-09,2606.0,83.91459655761719,6.0,70307.66268399067,74526.12244503011
2024-10-10,2620.60009765625,83.94219970703125,6.0,70724.81770531501,74968.30676763391
2024-10-11,2657.60009765625,83.94599914550781,6.0,71726.62096772165,76030.21822578496
2024-10-14,2647.800048828125,84.16829681396484,6.0,71651.36412744425,75950.4459750909
2024-10-15,2661.39990234375,84.04850006103516,6.0,71916.88069014021,76231.89353154863
2024-10-16,2674.0,84.05619812011719,6.0,72263.98115105803,76599.82002012152
2024-10-17,2691.0,84.03929901123047,6.0,72708.77992483843,77071.30672032874
2024-10-18,2713.699951171875,84.05380249023438,6.0,73334.76930684953,77734.85546526051
2024-10-21,2723.10009765625,84.0687026977539,6.0,73601.84304855978,78017.95363147337
2024-10-22,2744.199951171875,84.07350158691406,6.0,74176.37852642247,78626.96123800782
2024-10-23,2714.39990234375,84.08399963378906,6.0,73380.03774322149,77782.84000781478
2024-10-24,2734.89990234375,84.06759643554688,6.0,73919.80364970211,78354.99186868424
2024-10-25,2740.89990234375,84.08180236816406,6.0,74094.49222749445,78540.16176114413
2024-10-28,2742.89990234375,84.10199737548828,6.0,74166.36725389141,78616.3492891249
2024-10-29,2768.39990234375,84.10279846191406,6.0,74856.58496593598,79347.98006389214
2024-10-30,2788.5,84.08930206298828,6.0,75387.98489001008,79911.26398341068
2024-10-31,2738.300048828125,84.08910369873047,6.0,74030.63859827573,78472.47691417228
2024-11-01,2738.60009765625,84.09149932861328,6.0,74040.85979822233,78483.31138611567
2024-11-04,2736.10009765625,84.13359832763672,6.0,74010.30321359928,78450.92140641525
2024-11-05,2740.300048828125,84.15249633789062,6.0,74140.55968740827,78588.99326865278
2024-11-06,2667.60009765625,84.11630249023438,6.0,72142.57454544726,76471.1290181741
2024-11-07,2698.39990234375,84.2511978149414,6.0,73092.55355705366,77478.10677047688
2024-11-08,2687.5,84.306396484375,6.0,72844.99832872758,77215.69822845125
2024-11-11,2611.199951171875,84.38289642333984,6.0,70841.09988276765,75091.56587573371
2024-11-12,2600.0,84.39649963378906,6.0,70548.61962411033,74781.53680155695
2024-11-13,2580.800048828125,84.39530181884766,6.0,70026.65264518347,74228.25180389448
2024-11-14,2568.199951171875,84.4229965209961,6.0,69707.63275612248,73890.09072148983
2024-11-15,2565.699951171875,84.47380065917969,6.0,69681.68412768982,73862.58517535121
2024-11-18,2610.60009765625,84.47750091552734,6.0,70904.23011552772,75158.48392245939
2024-11-19,2627.10009765625,84.39849853515625,6.0,71285.64429847119,75562.78295637947
2024-11-20,2648.199951171875,84.39759826660156,6.0,71857.41656361432,76168.86155743118
2024-11-21,2672.10009765625,84.38310241699219,6.0,72493.48022215576,76843.08903548511
2024-11-22,2709.89990234375,84.48829650878906,6.0,73610.63110529595,78027.26897161371
2024-11-25,2616.800048828125,84.43599700927734,6.0,71037.70350498444,75299.96571528351
2024-11-26,2620.300048828125,84.37750244140625,6.0,71083.43876644495,75348.44509243165
2024-11-27,2639.89990234375,84.33910369873047,6.0,71582.55232306267,75877.50546244644
2024-11-29,2657.0,84.47160339355469,6.0,72159.41942761259,76488.98459326936
2024-12-02,2634.89990234375,84.55699920654297,6.0,71631.56202736046,75929.4557490021
2024-12-03,2644.699951171875,84.73709869384766,6.0,72051.11989906771,76374.18709301177
2024-12-04,2653.800048828125,84.68309783935547,6.0,72252.9648370757,76588.14272730025
2024-12-05,2626.60009765625,84.70700073242188,6.0,71532.59806643862,75824.55395042493
2024-12-06,2638.60009765625,84.68379974365234,6.0,71839.72294870461,76150.1063256269
2024-12-09,2664.89990234375,84.66600036621094,6.0,72540.52312689937,76892.95451451333
2024-12-10,2697.60009765625,84.84729766845703,6.0,73587.88511784803,78003.15822491891
2024-12-11,2733.800048828125,84.8740005493164,6.0,74598.85442022908,79074.78568544282
2024-12-12,2687.5,84.85710144042969,6.0,73320.83531472496,77720.08543360846
2024-12-13,2656.0,84.83920288085938,6.0,72446.16292428906,76792.93269974641
2024-12-16,2651.39990234375,84.802001953125,6.0,72288.97702736674,76626.31564900874
2024-12-17,2644.39990234375,84.91729736328125,6.0,72196.14926125875,76527.91821693428
2024-12-18,2636.5,84.91539764404297,6.0,71978.85957802797,76297.59115270966
2024-12-19,2592.199951171875,85.16549682617188,6.0,70977.86317113225,75236.53496140019
2024-12-20,2628.699951171875,85.27940368652344,6.0,72073.54937763621,76397.96234029438
2024-12-23,2612.300048828125,84.94499969482422,6.0,71343.04076727519,75623.6232133117
2024-12-24,2620.0,85.0988998413086,6.0,71682.96737802129,75983.94542070257
2024-12-26,2638.800048828125,85.41339874267578,6.0,72464.15380029545,76812.00302831318
2024-12-27,2617.199951171875,85.26090240478516,6.0,71742.67513645529,76047.23564464261
2024-12-30,2606.10009765625,85.38600158691406,6.0,71543.22409829551,75835.81754419324
2024-12-31,2629.199951171875,85.7865982055664,6.0,72515.99331691817,76866.95291593327
2025-01-02,2658.89990234375,85.78569793701172,6.0,73334.37840346292,77734.4411076707
2025-01-03,2645.0,85.80400085449219,6.0,72966.5736203745,77344.56803759698
2025-01-06,2638.39990234375,85.75900268554688,6.0,72746.32896961573,77111.10870779268
2025-01-07,2656.699951171875,85.68070220947266,6.0,73184.02024732843,77575.06146216815
2025-01-08,2664.5,85.80650329589844,6.0,73506.65617436025,77917.05554482187
2025-01-09,2683.800048828125,85.90750122070312,6.0,74126.24173190324,78573.81623581743
2025-01-10,2708.5,85.91999816894531,6.0,74819.33385007744,79308.49388108209
2025-01-13,2673.5,86.18800354003906,6.0,74082.86124207708,78527.8329166017
2025-01-14,2677.5,86.65059661865234,6.0,74591.91809489018,79067.4331805836
2025-01-15,2712.5,86.535400390625,6.0,75466.51455931658,79994.50543287558
2025-01-16,2746.39990234375,86.43099975585938,6.0,76317.48494187628,80896.53403838885
2025-01-17,2744.300048828125,86.6061019897461,6.0,76413.62866535077,80998.44638527182
2025-01-21,2755.0,86.21109771728516,6.0,76361.6873377982,80943.3885780661
2025-01-22,2767.60009765625,86.45189666748047,6.0,76925.19416126383,81540.70581093966
2025-01-23,2763.10009765625,86.47270202636719,6.0,76818.59964751716,81427.71562636818
2025-01-24,2777.300048828125,86.44020080566406,6.0,77184.35993321773,81815.4215292108
2025-01-27,2737.5,86.2030029296875,6.0,75869.50681435193,80421.67722321305
2025-01-28,2766.800048828125,86.46839904785156,6.0,76917.63650640137,81532.69469678545
2025-01-29,2769.10009765625,86.58460235595703,6.0,77085.0325009752,81710.13445103371
2025-01-30,2823.0,86.6406021118164,6.0,78636.30130424477,83354.47938249946
2025-01-31,2812.5,86.64700317382812,6.0,78349.60580847545,83050.58215698398
2025-02-03,2833.89990234375,86.55400085449219,6.0,78861.02032536732,83592.68154488936
2025-02-04,2853.300048828125,86.94339752197266,6.0,79758.09809015952,84543.5839755691
2025-02-05,2871.60009765625,87.13009643554688,6.0,80442.0060228318,85268.52638420172
2025-02-06,2856.0,87.33409881591797,6.0,80192.32119158993,85003.86046308534
2025-02-07,2867.300048828125,87.58830261230469,6.0,80743.94983105882,85588.58682092236
2025-02-10,2914.300048828125,87.51309967041016,6.0,81997.01983460925,86916.84102468581
2025-02-11,2912.5,87.49009704589844,6.0,81924.8340688923,86840.32411302585
2025-02-12,2909.0,86.81120300292969,6.0,81191.43811324207,86062.9244000366
2025-02-13,2925.89990234375,86.8740005493164,6.0,81722.1951624273,86625.52687217295
2025-02-14,2883.60009765625,86.75409698486328,6.0,80429.57305050285,85255.34743353302
2025-02-18,2931.60009765625,86.85479736328125,6.0,81863.30555471542,86775.10388799835
2025-02-19,2919.39990234375,86.88719940185547,6.0,81553.03469021132,86446.21677162401
2025-02-20,2940.0,86.872802734375,6.0,82114.88740465301,87041.7806489322
2025-02-21,2937.60009765625,86.45120239257812,6.0,81649.67305638842,86548.65343977173
2025-02-24,2947.89990234375,86.52940368652344,6.0,82010.06982409226,86930.6740135378
2025-02-25,2904.5,86.69010162353516,6.0,80952.75456638573,85809.91984036888
2025-02-26,2916.800048828125,87.0811996459961,6.0,81662.33619350013,86562.07636511014
2025-02-27,2883.199951171875,87.16220092773438,6.0,80796.71209313322,85644.51481872122
2025-02-28,2836.800048828125,87.3270034790039,6.0,79646.74320679413,84425.54779920178
2025-03-03,2890.199951171875,87.46399688720703,6.0,81273.30992740457,86149.70852304884
2025-03-04,2909.60009765625,87.32959747314453,6.0,81693.12306851073,86594.71045262138
2025-03-05,2915.300048828125,87.21700286865234,6.0,81747.62734792705,86652.48498880267
2025-03-06,2916.60009765625,86.88929748535156,6.0,81476.78992108905,86365.3973163544
2025-03-07,2904.699951171875,87.12879943847656,6.0,81368.01950732457,86250.10067776404
2025-03-10,2891.0,87.07379913330078,6.0,80933.1275561826,85789.11520955357
2025-03-11,2912.89990234375,87.3551025390625,6.0,81809.65796622998,86718.23744420378
2025-03-12,2939.10009765625,87.20010375976562,6.0,82399.0333807971,87342.97538364494
2025-03-13,2984.300048828125,87.3405990600586,6.0,83801.0365520313,88829.09874515318
2025-03-14,2994.5,86.9220962524414,6.0,83684.5426488774,88705.61520781004
2025-03-17,3000.0,86.93900299072266,6.0,83854.55301563103,88885.82619656889
2025-03-18,3035.10009765625,86.91639709472656,6.0,84813.59503275644,89902.41073472182
2025-03-19,3035.89990234375,86.57610321044922,6.0,84503.79644795769,89574.02423483516
2025-03-20,3040.0,86.33709716796875,6.0,84384.32182571897,89447.38113526211
2025-03-21,3018.199951171875,86.33609771728516,6.0,83778.22621720395,88804.91979023619
2025-03-24,3013.10009765625,85.98699951171875,6.0,83298.48300864137,88296.39198915986
2025-03-25,3023.699951171875,85.53209686279297,6.0,83149.29095042526,88138.24840745078
2025-03-26,3020.89990234375,85.59040069580078,6.0,83128.91896523125,88116.65410314513
2025-03-27,3060.199951171875,86.09539794921875,6.0,84707.22992599623,89789.663721556
2025-03-28,3086.5,85.69490051269531,6.0,85037.79652850454,90140.0643202148
2025-03-31,3122.800048828125,85.53880310058594,6.0,85881.1961673796,91034.06793742238
2025-04-01,3118.89990234375,85.46810150146484,6.0,85703.04095244086,90845.22340958731
2025-04-02,3139.89990234375,85.61009979248047,6.0,86423.43915573749,91608.84550508174
2025-04-03,3097.0,85.65119934082031,6.0,85283.57398958976,90400.58842896514
2025-04-04,3012.0,85.28289794921875,6.0,82586.23261788765,87541.40657496091
2025-04-07,2951.300048828125,85.529296875,6.0,81155.6956752207,86025.03741573395
2025-04-08,2968.39990234375,86.0270004272461,6.0,82100.9017207591,87026.95582400465
2025-04-09,3056.5,86.435302734375,6.0,84938.83415294651,90035.16420212331
2025-04-10,3155.199951171875,86.20929718017578,6.0,87452.39932915983,92699.54328890942
2025-04-11,3222.199951171875,86.2603988647461,6.0,89362.37176203686,94724.11406775907
2025-04-14,3204.800048828125,86.19300079345703,6.0,88810.3696212689,94138.99179854503
2025-04-15,3218.699951171875,86.0447998046875,6.0,89042.19555032116,94384.72728334044
2025-04-16,3326.60009765625,85.72669982910156,6.0,91686.93170326082,97188.14760545648
2025-04-17,3308.699951171875,85.62049865722656,6.0,91080.59855851499,96545.4344720259
2025-04-22,3400.800048828125,85.15889739990234,6.0,93111.18762703142,98697.85888465331
2025-04-23,3276.300048828125,85.2323989868164,6.0,89779.90032062141,95166.6943398587
2025-04-24,3332.0,85.4999008178711,6.0,91592.80130054383,97088.36937857646
2025-04-25,3282.39990234375,85.2573013305664,6.0,89973.33340670435,95371.73341110662
2025-04-28,3332.5,85.38490295410156,6.0,91483.33438183596,96972.33444474611
2025-04-29,3318.800048828125,85.1603012084961,6.0,90867.5910456941,96319.64650843576
2025-04-30,3305.0,85.1707992553711,6.0,90500.90553764094,95930.9598698994
2025-05-01,3210.0,84.53119659423828,6.0,87239.42355924731,92473.78897280215
2025-05-02,3231.89990234375,84.69670104980469,6.0,88006.57799016238,93286.97266957212
2025-05-05,3311.300048828125,84.52629852294922,6.0,89987.2800251748,95386.51682668529
2025-05-06,3411.39990234375,84.2208023071289,6.0,92372.5100923857,97914.86069792885
2025-05-07,3381.39990234375,84.79319763183594,6.0,92182.45862739059,97713.40614503402
2025-05-08,3296.60009765625,84.81719970703125,6.0,89896.11742637609,95289.88447195866
2025-05-09,3335.39990234375,86.08219909667969,6.0,92310.69122786846,97849.33270154057
2025-05-12,3220.0,85.4083023071289,6.0,88419.2240194689,93724.37746063703
2025-05-13,3240.300048828125,84.9656982421875,6.0,88515.55489346084,93826.48818706849
2025-05-14,3181.39990234375,85.060302734375,6.0,87003.3400782775,92223.54048297416
2025-05-15,3220.699951171875,85.48760223388672,6.0,88520.55760299633,93831.79105917612
2025-05-16,3182.0,85.44490051269531,6.0,87413.2086200577,92658.00113726118
2025-05-19,3228.89990234375,85.50029754638672,6.0,88759.11148195207,94084.6581708692
2025-05-20,3280.300048828125,85.37210083007812,6.0,90036.84682478335,95439.05763427036
2025-05-21,3309.300048828125,85.53610229492188,6.0,91007.32313120789,96467.76251908037
2025-05-22,3292.300048828125,85.60030364990234,6.0,90607.77207911515,96044.23840386207
2025-05-23,3363.60009765625,85.97489929199219,6.0,92975.12487486334,98553.63236735514
2025-05-27,3299.10009765625,85.158203125,6.0,90325.9878296392,95745.54709941756
2025-05-28,3293.60009765625,85.3604965209961,6.0,90389.61521293061,95812.99212570646
2025-05-29,3317.10009765625,85.38590240478516,6.0,91061.64425398424,96525.3429092233
2025-05-30,3288.89990234375,85.36129760742188,6.0,90261.47004838221,95677.15825128515
2025-06-02,3370.60009765625,85.52429962158203,6.0,92680.31335910325,98241.13216064945
2025-06-03,3350.199951171875,85.36370086669922,6.0,91946.39396706682,97463.17760509084
2025-06-04,3373.5,85.70880126953125,6.0,92960.16238775819,98537.77213102368
2025-06-05,3350.699951171875,85.9041976928711,6.0,92542.37980129641,98094.9225893742
2025-06-06,3322.699951171875,85.87750244140625,6.0,91740.53504230171,97244.96714483981
2025-06-09,3332.10009765625,85.7853012084961,6.0,91901.30066851019,97415.3787086208
2025-06-10,3320.89990234375,85.75599670410156,6.0,91561.10440305491,97054.7706672382
2025-06-11,3321.300048828125,85.65280151367188,6.0,91461.94281981903,96949.65938900817
2025-06-12,3380.89990234375,85.46980285644531,6.0,92904.28669786215,98478.54389973388
2025-06-13,3431.199951171875,85.68840026855469,6.0,94527.63670244858,100199.2949045955
2025-06-16,3396.39990234375,86.24919891357422,6.0,94181.28852614341,99832.16583771202
2025-06-17,3386.60009765625,86.10420227050781,6.0,93751.66776019266,99376.76782580423
2025-06-18,3389.800048828125,86.36270141601562,6.0,94121.97645825664,99769.29504575205
2025-06-20,3368.10009765625,86.58380126953125,6.0,93758.872638564,99384.40499687786
2025-06-23,3377.699951171875,86.5802993774414,6.0,94022.30391423157,99663.64214908547
2025-06-24,3317.39990234375,86.23300170898438,6.0,91973.36359194084,97491.7654074573
2025-06-25,3327.10009765625,85.90480041503906,6.0,91891.22441204917,97404.69787677212
2025-06-26,3333.5,86.006103515625,6.0,92176.5544293523,97707.14769511344
2025-06-27,3273.699951171875,85.66639709472656,6.0,90165.4411838143,95575.36765484317
2025-06-30,3294.39990234375,85.4552993774414,6.0,90511.97772720076,95942.69639083282
2025-07-01,3336.699951171875,85.71399688720703,6.0,91951.67400076838,97468.7744408145
2025-07-02,3348.0,85.6427993774414,6.0,92186.43956971847,97717.62594390158
2025-07-03,3331.60009765625,85.69409942626953,6.0,91789.82108673429,97297.21035193835
2025-07-04,3332.5,85.31909942626953,6.0,91412.83097980717,96897.60083859561
2025-07-07,3332.199951171875,85.49629974365234,6.0,91594.43979975705,97090.10618774248
2025-07-08,3307.0,85.89199829101562,6.0,91322.4680014753,96801.81608156381
2025-07-09,3311.60009765625,85.7073974609375,6.0,91252.95410532695,96728.13135164657
2025-07-10,3317.39990234375,85.70850372314453,6.0,91413.95080334644,96898.78785154723
2025-07-11,3356.0,85.73480224609375,6.0,92505.98689468729,98056.34610836853
2025-07-14,3351.5,85.82129669189453,6.0,92475.14776886348,98023.65663499529
2025-07-15,3329.800048828125,85.96839904785156,6.0,92033.8802215866,97555.9130348818
2025-07-16,3352.5,85.99310302734375,6.0,92687.92190562795,98249.19721996563
2025-07-17,3340.10009765625,85.88520050048828,6.0,92229.22390692608,97762.97734134166
2025-07-18,3353.0,86.04650115966797,6.0,92759.30952734152,98324.86809898201
2025-07-21,3401.89990234375,86.14859771728516,6.0,94223.77101017036,99877.19727078058
2025-07-22,3439.199951171875,86.19529724121094,6.0,95308.52221236128,101027.03354510295
2025-07-23,3394.10009765625,86.3427963256836,6.0,94219.65162792496,99872.83072560046
2025-07-24,3371.0,86.39869689941406,6.0,93638.98186632527,99257.32077830478
2025-07-25,3334.0,86.4302978515625,6.0,92645.07628952028,98203.7808668915
2025-07-28,3309.10009765625,86.506103515625,6.0,92033.8082824815,97555.8367794304
2025-07-29,3323.39990234375,86.77760314941406,6.0,92721.61584142859,98284.9127919143
2025-07-30,3295.800048828125,87.06320190429688,6.0,92254.21739910767,97789.47044305413
2025-07-31,3293.199951171875,87.714599609375,6.0,92871.1286995529,98443.39642152608
2025-08-01,3347.699951171875,87.4894027709961,6.0,94165.69498111792,99815.63667998501
2025-08-04,3374.39990234375,87.24530029296875,6.0,94651.89859293806,100331.01250851435
2025-08-05,3381.89990234375,87.89330291748047,6.0,95566.85021084342,101300.86122349402
2025-08-06,3380.0,87.72309875488281,6.0,95328.20222531352,101047.89435883235
2025-08-07,3400.300048828125,87.76249694824219,6.0,95943.80782175192,101700.43629105705
2025-08-08,3439.10009765625,87.43319702148438,6.0,96674.49528669927,102474.96500390123
2025-08-11,3353.10009765625,87.48829650878906,6.0,94316.40026601494,99975.38428197584
2025-08-12,3348.89990234375,87.66449737548828,6.0,94387.97135363758,100051.24963485583
2025-08-13,3358.699951171875,87.59559631347656,6.0,94589.78091241982,100265.16776716502
2025-08-14,3335.199951171875,87.44999694824219,6.0,93771.8345368714,99398.1446090837
2025-08-15,3336.0,87.69180297851562,6.0,94053.67715412354,99696.89778337095
2025-08-18,3331.699951171875,87.51280212402344,6.0,93740.70396049411,99365.14619812377
2025-08-19,3313.39990234375,87.29509735107422,6.0,92993.89684059269,98573.53065102825
2025-08-20,3343.39990234375,87.0791015625,6.0,93603.69722386355,99219.91905729537
2025-08-21,3336.89990234375,87.01820373535156,6.0,93356.38611301724,98957.76927979829
2025-08-22,3374.39990234375,87.29340362548828,6.0,94704.08560744007,100386.33074388647
2025-08-25,3373.800048828125,87.3301010131836,6.0,94727.05613916244,100410.67950751219
2025-08-26,3388.60009765625,87.60859680175781,6.0,95446.01079555792,101172.77144329139
2025-08-27,3404.60009765625,87.60070037841797,6.0,95888.03609340354,101641.31825900776
2025-08-28,3431.800048828125,87.65910339355469,6.0,96718.54142017158,102521.65390538187
2025-08-29,3473.699951171875,87.5916976928711,6.0,97824.12783088333,103693.57550073633
2025-09-02,3549.39990234375,88.00140380859375,6.0,100423.48098584905,106448.889845
2025-09-03,3593.199951171875,87.99829864501953,6.0,101659.13237882947,107758.68032155924
2025-09-04,3565.800048828125,88.072998046875,6.0,100969.56957769583,107027.74375235758
2025-09-05,3613.199951171875,88.19290161132812,6.0,102451.03856342752,108598.10087723317
2025-09-08,3638.10009765625,88.1863021850586,6.0,103149.35444287788,109338.31570945056
2025-09-09,3643.300048828125,87.98049926757812,6.0,103055.71954200981,109239.0627145304
2025-09-10,3643.60009765625,88.21829986572266,6.0,103342.77685977958,109543.34347136636
2025-09-11,3636.89990234375,88.05339813232422,6.0,102959.92253877709,109137.51789110372
2025-09-12,3649.39990234375,88.2676010131836,6.0,103565.12113351529,109779.02840152622
2025-09-15,3682.199951171875,88.27729797363281,6.0,104507.42272994865,110777.86809374558
2025-09-16,3688.89990234375,88.12349700927734,6.0,104515.1701614651,110786.080371153
2025-09-17,3681.800048828125,87.88459777832031,6.0,104031.22362160524,110273.09703890156
2025-09-18,3643.699951171875,87.91069793701172,6.0,102985.26075219028,109164.3763973217
2025-09-19,3671.5,88.20690155029297,6.0,104120.64206340144,110367.88058720552
2025-09-22,3740.699951171875,88.09919738769531,6.0,105953.56257862724,112310.77633334488
2025-09-23,3780.60009765625,88.30439758300781,6.0,107333.13425363565,113773.1223088538
2025-09-24,3732.10009765625,88.80799865722656,6.0,106560.46440474267,112954.09226902724
2025-09-25,3736.89990234375,88.77860260009766,6.0,106662.19280354929,113061.92437176226
2025-09-26,3775.300048828125,88.77310180664062,6.0,107751.56994718744,114216.6641440187
2025-09-29,3820.89990234375,88.67680358886719,6.0,108934.74694901171,115470.83176595242
2025-09-30,3840.800048828125,88.70449829101562,6.0,109536.30342804095,116108.48163372341
2025-10-01,3867.5,88.8406982421875,6.0,110467.11799368565,117095.14507330679
2025-10-02,3839.699951171875,88.68299865722656,6.0,109478.38848165907,116047.09179055862
2025-10-03,3880.800048828125,88.72019958496094,6.0,110696.6595017787,117338.45907188543
2025-10-06,3948.5,88.73509979248047,6.0,112646.66083579313,119405.46048594071
2025-10-07,3976.60009765625,88.72109985351562,6.0,113430.4288397319,120236.25457011582
2025-10-08,4043.300048828125,88.74259948730469,6.0,115360.95836164862,122282.61586334754
2025-10-09,3946.300048828125,88.7771987915039,6.0,112637.31217571528,119395.55090625821
2025-10-10,3975.89990234375,88.86540222167969,6.0,113594.91504651064,120410.60994930127
2025-10-13,4108.60009765625,88.7573013305664,6.0,117243.47964520725,124278.08842391969
2025-10-14,4138.7001953125,88.66510009765625,6.0,117979.73446447258,125058.51853234094
2025-10-15,4176.89990234375,88.78250122070312,6.0,119226.33165997034,126379.91155956857
2025-10-16,4280.2001953125,87.80950164794922,6.0,120835.99791143941,128086.15778612578
2025-10-17,4189.89990234375,87.9906997680664,6.0,118530.7841128425,125642.63115961307
2025-10-20,4336.39990234375,88.0022964477539,6.0,122691.38512452482,130052.86823199631
2025-10-21,4087.699951171875,87.87999725341797,6.0,115494.09567469293,122423.74141517452
2025-10-22,4044.39990234375,88.00160217285156,6.0,114428.81708938685,121294.54611475008
2025-10-23,4125.5,87.74030303955078,6.0,116376.81295984914,123359.42173744009
2025-10-24,4118.39990234375,87.77899932861328,6.0,116227.76287645861,123201.42864904614
2025-10-27,4001.89990234375,87.8290023803711,6.0,113004.28442103174,119784.54148629364
2025-10-28,3966.199951171875,88.22209930419922,6.0,112497.4636142541,119247.31143110935
2025-10-29,3983.699951171875,88.22550201416016,6.0,112998.19250757116,119778.08405802544
2025-10-30,4001.300048828125,88.34559631347656,6.0,113651.91661480657,120471.03161169497
2025-10-31,3982.199951171875,88.6344985961914,6.0,113479.28560512388,120288.04274143132
2025-11-03,4000.300048828125,88.77539825439453,6.0,114176.29204809449,121026.86957098017
2025-11-04,3947.699951171875,88.72339630126953,6.0,112608.98202656442,119365.5209481583
2025-11-05,3980.300048828125,88.73200225830078,6.0,113549.91975865478,120362.91494417407
2025-11-06,3979.89990234375,88.55690002441406,6.0,113314.44942177915,120113.3163870859
2025-11-07,3999.39990234375,88.6729965209961,6.0,114018.9282963652,120860.06399414712
2025-11-10,4111.7998046875,88.65799713134766,6.0,117203.50934417678,124235.71990482739
2025-11-11,4106.7998046875,88.70709991455078,6.0,117125.82204686666,124153.37136967866
2025-11-12,4204.39990234375,88.46649932861328,6.0,119584.14362946778,126759.19224723586
2025-11-13,4186.89990234375,88.59400177001953,6.0,119258.03120521382,126413.51307752666
2025-11-14,4087.60009765625,88.81610107421875,6.0,116721.4954665629,123724.78519455668
2025-11-17,4068.300048828125,88.68199920654297,6.0,115994.97860438681,122954.67732065002
2025-11-18,4061.300048828125,88.63590240478516,6.0,115735.20496551156,122679.31726344225
2025-11-19,4077.699951171875,88.55680084228516,6.0,116098.8514059587,123064.78249031623
2025-11-20,4056.5,88.48719787597656,6.0,115404.47801176683,122328.74669247284
2025-11-21,4076.699951171875,88.69219970703125,6.0,116247.84548844358,123222.7162177502
2025-11-24,4091.89990234375,89.63400268554688,6.0,117920.28769613346,124995.50495790147
2025-11-25,4139.2001953125,89.14779663085938,6.0,118636.35193021112,125754.5330460238
2025-11-26,4165.2001953125,89.15059661865234,6.0,119385.30469183103,126548.4229733409
2025-11-28,4218.2998046875,89.36479949951172,6.0,121197.78040243956,128469.64722658593
2025-12-01,4239.2998046875,89.3499984741211,6.0,121780.96711951066,129087.82514668131
2025-12-02,4186.60009765625,89.61270141601562,6.0,120620.6840064724,127857.92504686075
2025-12-03,4199.2998046875,89.91719818115234,6.0,121397.67960524066,128681.5403815551
2025-12-04,4211.7998046875,90.17050170898438,6.0,122102.04687140492,129428.16968368922
2025-12-05,4212.89990234375,89.8364028930664,6.0,121681.40980118419,128982.29438925524
2025-12-08,4187.2001953125,89.93800354003906,6.0,121075.90013627658,128340.4541444532
2025-12-09,4206.7001953125,90.12999725341797,6.0,121899.42516098461,129213.3906706437
2025-12-10,4196.39990234375,89.91690063476562,6.0,121313.44480292672,128592.25149110233
2025-12-11,4285.5,89.79299926757812,6.0,123718.51989686243,131141.63109067417
2025-12-12,4300.10009765625,90.25299835205078,6.0,124775.96637916085,132262.5243619105
2025-12-15,4306.7001953125,90.5770034790039,6.0,125416.11026857013,132941.07688468436
2025-12-16,4304.5,90.77690124511719,6.0,125628.68211281912,133166.40303958827
2025-12-17,4347.5,90.94889831542969,6.0,127124.0649529251,134751.5088501006
2025-12-18,4339.5,90.4136962890625,6.0,126143.43564112937,133712.04177959714
2025-12-19,4361.39990234375,90.25579833984375,6.0,126558.62847118547,134152.1461794566
2025-12-22,4444.60009765625,89.56999969482422,6.0,127992.93629034868,135672.51246776961
2025-12-23,4482.7998046875,89.60389709472656,6.0,129141.84332807532,136890.35392775986
2025-12-24,4480.60009765625,89.50789642333984,6.0,128940.18019046796,136676.59100189604
2025-12-26,4529.10009765625,90.10590362548828,6.0,131206.6670662799,139079.0670902567
2025-12-29,4325.10009765625,89.82929992675781,6.0,124912.2169162997,132406.9499312777
2025-12-30,4370.10009765625,89.9000015258789,6.0,126311.18859534794,133889.8599110688
2025-12-31,4325.60009765625,89.76940155029297,6.0,124843.35592859016,132333.95728430556
2026-01-02,4314.39990234375,89.96189880371094,6.0,124787.116373845,132274.3433562757
2026-01-05,4436.89990234375,90.00700378417969,6.0,128394.57498361291,136098.2494826297
2026-01-06,4482.2001953125,90.23300170898438,6.0,130031.14693961867,137833.0157559958
2026-01-07,4449.2998046875,90.16609954833984,6.0,128980.98577647601,136719.84492306458
2026-01-08,4449.7001953125,89.8644027709961,6.0,128560.9820636721,136274.64098749243
2026-01-09,4490.2998046875,89.90540313720703,6.0,129793.17895007048,137580.7696870747
2026-01-12,4604.2998046875,90.23600006103516,6.0,133577.76374260304,141592.42956715924
2026-01-13,4589.2001953125,90.13269805908203,6.0,132987.28295425978,140966.51993151536
2026-01-14,4626.2998046875,90.27300262451172,6.0,134271.0545148722,142327.31778576455
2026-01-15,4616.2998046875,90.18319702148438,6.0,133847.5331703418,141878.38516056232
2026-01-16,4588.39990234375,90.36160278320312,6.0,133301.77291496904,141299.87928986718
2026-01-20,4759.60009765625,90.90450286865234,6.0,139106.23586767746,147452.61001973812
2026-01-21,4831.7998046875,91.11840057373047,6.0,141548.65854183235,150041.5780543423
2026-01-22,4908.7998046875,91.53690338134766,6.0,144464.87804911277,153132.77073205955
2026-01-23,4976.2001953125,91.55829620361328,6.0,146482.68247975313,155271.64342853831
2026-01-26,5079.7001953125,91.5009994506836,6.0,149435.80136670356,158401.94944870577
2026-01-27,5079.89990234375,91.71309661865234,6.0,149788.07869105888,158775.36341252242
2026-01-28,5301.60009765625,91.5343017578125,6.0,156020.46815892597,165381.69624846155
2026-01-29,5318.39990234375,92.04080200195312,6.0,157380.93538631598,166823.79150949494
2026-01-30,4713.89990234375,91.78189849853516,6.0,139100.32066139465,147446.33990107835
2026-02-02,4622.5,91.68699645996094,6.0,136262.2023682767,144437.9345103733
2026-02-03,4903.7001953125,90.24559783935547,6.0,142278.95759349936,150815.69504910934
2026-02-04,4920.39990234375,90.42289733886719,6.0,143043.97101155852,151626.60927225204
2026-02-05,4861.39990234375,90.125,6.0,140863.13958195396,149314.9279568712
2026-02-06,4951.2001953125,90.3147964477539,6.0,143767.30522665547,152393.3435402548
2026-02-09,5050.89990234375,90.58799743652344,6.0,147105.92293653515,155932.27831272726
2026-02-10,5003.7998046875,90.82279968261719,6.0,146111.88686580348,154878.6000777517
2026-02-11,5071.60009765625,90.58789825439453,6.0,147708.64810502413,156571.1669913256
2026-02-12,4923.7001953125,90.73570251464844,6.0,143635.08807471552,152253.19335919846
2026-02-13,5022.0,90.56410217285156,6.0,146225.64055879903,154999.17899232698
2026-02-17,4882.89990234375,90.78299713134766,6.0,142519.1016532321,151070.24775242602
2026-02-18,4986.5,90.6261978149414,6.0,145291.5380597699,154009.0303433561
2026-02-19,4975.89990234375,90.79350280761719,6.0,145250.33573516464,153965.35587927452
2026-02-20,5059.2998046875,91.04109954833984,6.0,148087.58408650185,156972.839131692
2026-02-23,5204.7001953125,90.72660064697266,6.0,151817.24118100465,160926.27565186494
2026-02-24,5155.7998046875,91.02010345458984,6.0,150877.37123275848,159930.013506724
2026-02-25,5206.39990234375,90.91799926757812,6.0,152187.2016036806,161318.43369990142
2026-02-26,5176.5,90.95099639892578,6.0,151368.12026268404,160450.20747844508
2026-02-27,5230.5,91.00740051269531,6.0,153042.0076138225,162224.52807065187
2026-03-02,5294.39990234375,91.07959747314453,6.0,155034.58194972415,164336.6568667076
2026-03-03,5107.39990234375,91.56340026855469,6.0,150353.14404805822,159374.33269094172
2026-03-04,5120.2001953125,92.00859832763672,6.0,151462.8395928416,160550.6099684121
2026-03-05,5065.2998046875,92.12300109863281,6.0,150025.1159747717,159026.622933258
2026-03-06,5146.10009765625,91.78690338134766,6.0,151862.1995769987,160973.93155161865
2026-03-09,5091.5,91.93620300292969,6.0,150495.33897774093,159525.0593164054
2026-03-10,5229.7001953125,91.220703125,6.0,153377.2498109075,162579.88479956196
2026-03-11,5167.39990234375,92.16510009765625,6.0,153119.07960330215,162306.2243795003
2026-03-12,5115.7998046875,92.22879791259766,6.0,151694.8466725063,160796.5374728567
2026-03-13,5052.5,92.38990020751953,6.0,150079.56364990835,159084.33746890287
2026-03-16,4994.0,92.5635986328125,6.0,148620.76987228627,157538.01606462346
2026-03-17,5001.0,92.28269958496094,6.0,148377.44325377842,157280.08984900513
2026-03-18,4889.89990234375,92.39129638671875,6.0,145251.8820000413,153966.9949200438
2026-03-19,4600.7001953125,93.24659729003906,6.0,137926.48363190918,146202.07264982373
2026-03-20,4570.39990234375,93.0822982788086,6.0,136776.67367447348,144983.2740949419
2026-03-23,4404.10009765625,93.89530181884766,6.0,132951.0530679345,140928.11625201057
2026-03-24,4399.2998046875,93.24369812011719,6.0,131884.5091157496,139797.57966269457
2026-03-25,4549.7998046875,94.29969787597656,6.0,137940.98637716283,146217.4455597926
2026-03-26,4375.5,94.6937026977539,6.0,133210.82712685782,141203.4767544693
2026-03-27,4492.0,94.30950164794922,6.0,136202.76862815692,144374.93474584635
2026-03-30,4526.0,94.78179931640625,6.0,137920.94899482524,146196.20593451476
2026-03-31,4647.60009765625,94.35590362548828,6.0,140990.08372185222,149449.48874516337
2026-04-01,4783.2001953125,93.48429870605469,6.0,143763.2793188718,152389.07607800412
2026-04-02,4651.5,92.6426010131836,6.0,138546.16316903997,146858.93295918236
2026-04-06,4656.7998046875,92.97100067138672,6.0,139195.69751575068,147547.43936669573
2026-04-07,4657.10009765625,92.81659698486328,6.0,138973.48622577125,147311.89539931752
2026-04-08,4749.5,92.86019897460938,6.0,141797.39097847743,150305.2344371861
2026-04-09,4792.2001953125,92.2748031616211,6.0,142170.2797863723,150700.49657355464
2026-04-10,4761.89990234375,92.46980285644531,6.0,141569.90216273177,150064.0962924957
2026-04-13,4742.39990234375,94.50879669189453,6.0,144099.05901337983,152745.00255418263
2026-04-14,4825.0,94.9468002319336,6.0,147288.34733039033,156125.64817021377
2026-04-15,4800.0,93.16539764404297,6.0,143776.07301152806,152402.63739221974
2026-04-16,4785.39990234375,93.38680267333984,6.0,143679.39183474384,152300.1553448285
2026-04-17,4857.60009765625,93.04789733886719,6.0,145317.8822962014,154036.95523397348
2026-04-20,4806.60009765625,92.60330200195312,6.0,143105.1297911422,151691.43757861073
2026-04-21,4698.39990234375,93.12359619140625,6.0,140669.66587413056,149109.84582657838
2026-04-22,4732.5,93.622802734375,6.0,142450.1788996189,150997.18963359605
2026-04-23,4705.10009765625,93.80049896240234,6.0,141894.23596322094,150407.8901210142
2026-04-24,4722.2998046875,94.11289978027344,6.0,142887.240423412,151460.47484881672
2026-04-27,4675.39990234375,94.25029754638672,6.0,141674.67710844305,150175.15773494964
2026-04-28,4591.5,94.25849914550781,6.0,139144.43674396744,147493.1029486055
2026-04-29,4545.2001953125,94.64550018310547,6.0,138306.86125924744,146605.27293480228
2026-04-30,4614.7001953125,94.9166030883789,6.0,140823.9158970345,149273.35085085657
2026-05-01,4629.89990234375,94.75910186767578,6.0,141053.30798248865,149516.50646143797
2026-05-04,4519.5,94.90299987792969,6.0,137898.984985067,146172.92408417104
2026-05-05,4555.7998046875,95.2593994140625,6.0,139528.59107342726,147900.30653783292
2026-05-06,4681.89990234375,95.18299865722656,6.0,143275.60310513424,151872.13929144232
2026-05-07,4699.7998046875,94.60800170898438,6.0,142954.54465052468,151531.81732955616
2026-05-08,4720.39990234375,94.25299835205078,6.0,143042.37279297382,151624.91516055225
2026-05-11,4718.7001953125,94.42530059814453,6.0,143252.26562120215,151847.4015584743
2026-05-12,4677.60009765625,95.39140319824219,6.0,143457.43627426637,152064.88245072236
2026-05-13,4697.7001953125,95.63300323486328,6.0,144438.78598059324,153105.11313942884
2026-05-14,4678.10009765625,95.69580078125,6.0,143930.59783627524,152566.43370645176
2026-05-15,4555.7998046875,95.70989990234375,6.0,140188.44930048316,148599.75625851215
2026-05-18,4552.5,95.97029876708984,6.0,140468.04544092354,148896.12816737895
2026-05-19,4506.2998046875,96.27020263671875,6.0,139477.03484786977,147845.65693874197
2026-05-20,4531.2998046875,96.56580352783203,6.0,140681.46885886052,149122.35699039215
2026-05-21,4539.7998046875,96.5282974243164,6.0,140890.6218894107,149344.05920277533
2026-05-22,4521.0,96.17389678955078,6.0,139792.04507067022,148179.56777491045
2026-05-26,4500.39990234375,95.25279998779297,6.0,137822.33245873687,146091.6724062611
2026-05-27,4447.5,95.90499877929688,6.0,137134.88259228796,145362.97554782525
2026-05-28,4499.2998046875,96.04889678955078,6.0,138940.2422768099,147276.65681341852
2026-05-29,4560.5,96.04820251464844,6.0,140829.11169741483,149278.85839925974
2026-06-01,4475.2001953125,95.00299835205078,6.0,136691.18805934084,144892.6593429013
2026-06-02,4489.10009765625,95.55139923095703,6.0,137907.24375677353,146181.67838217996
2026-06-03,4436.7001953125,95.26300048828125,6.0,135886.11341887963,144039.28022401241
2026-06-04,4475.7998046875,96.16449737548828,6.0,138380.90201137558,146683.75613205813
2026-06-05,4337.10009765625,95.79029846191406,6.0,133570.85627459572,141585.10765107148
2026-06-08,4335.89990234375,94.95030212402344,6.0,132362.9191914295,140304.6943429153
2026-06-09,4260.0,95.68830108642578,6.0,131056.68578397088,138920.08693100914
2026-06-10,4108.2001953125,95.36029815673828,6.0,125953.4121602297,133510.61688984348
2026-06-11,4090.300048828125,95.64450073242188,6.0,125778.35485265865,133325.0561438182
2026-06-12,4215.0,95.76010131835938,6.0,129769.58447019942,137555.7595384114
2026-06-15,4328.0,95.11029815673828,6.0,132344.38903093326,140285.05237278927
2026-06-16,4330.89990234375,94.74169921875,6.0,131919.8212080201,139835.0104805013
2026-06-17,4358.89990234375,94.88860321044922,6.0,132978.57902408473,140957.29376552982
2026-06-18,4224.10009765625,94.85890197753906,6.0,128825.85468094825,136555.40596180514
2026-06-22,4181.89990234375,94.3302993774414,6.0,126828.12858828715,134437.81630358438
2026-06-23,4129.89990234375,94.70059967041016,6.0,125742.76121038516,133287.32688300827
2026-06-24,3990.300048828125,95.18370056152344,6.0,122112.14975751558,129438.87874296652
2026-06-25,4030.5,94.4406967163086,6.0,122379.54831934728,129722.32121850812
2026-06-26,4078.699951171875,94.40039825439453,6.0,123790.21645499849,131217.6294422984
2026-06-29,4022.300048828125,94.36029815673828,6.0,122026.5988982863,129348.1948321835
2026-06-30,4022.89990234375,94.79049682617188,6.0,122601.21221892147,129957.28495205677
2026-07-01,4068.300048828125,94.91799926757812,15.0,124151.590996176,142774.32964560238
2026-07-02,4112.7001953125,95.4175033569336,15.0,126167.01808230326,145092.07079464872
2026-07-06,4155.10009765625,95.21479797363281,15.0,127196.9445106055,146276.4861871963
2026-07-07,4145.2998046875,95.60350036621094,15.0,127414.97625524315,146527.22269352962
2026-07-08,4070.89990234375,95.59339904785156,15.0,125114.90952741848,143882.14595653125
2026-07-09,4130.60009765625,95.86180114746094,15.0,127306.17621206815,146402.10264387837
2026-07-10,4104.10009765625,95.39019775390625,15.0,125867.1596178101,144747.2335604816
2026-07-13,3997.0,95.32499694824219,15.0,122498.75827547512,140873.5720167964
2026-07-14,4061.10009765625,96.29889678955078,15.0,125734.8720099776,144595.10281147424
2026-07-15,4044.0,96.42530059814453,15.0,125369.7865574281,144175.25454104232
2026-07-16,3985.60009765625,96.49859619140625,15.0,123653.22693721279,142201.2109777947
2026-07-17,4012.699951171875,96.6521987915039,15.0,124692.1643452737,143395.98899706473
2026-07-20,4010.300048828125,96.28479766845703,15.0,124143.88374016409,142765.4663011887
2026-07-21,4071.10009765625,96.4896011352539,15.0,126294.09057004671,145238.2041555537
2026-07-22,4146.89990234375,96.34089660644531,15.0,128447.29844839885,147714.39321565867
2026-07-23,4046.60009765625,96.55709838867188,15.0,125621.86370312143,144465.14325858964
2026-07-24,4067.60009765625,96.87689971923828,15.0,126692.00789577005,145695.80908013554
2026-07-27,4074.5,96.56729888916016,15.0,126501.34529036381,145476.54708391838
2026-07-28,4036.300048828125,95.77410125732422,15.0,124286.01590863007,142928.91829492457
2026-07-29,4034.699951171875,95.59870147705078,15.0,124009.21959957929,142610.60253951617
2026-07-30,4100.10009765625,95.72859954833984,15.0,126190.57030772879,145119.1558538881
2026-07-31,4049.10009765625,95.68479919433594,15.0,124563.90109216144,143248.48625598566
2026-08-03,4033.699951171875,95.4021987915039,15.0,123723.64673010395,142282.19373961954
2026-08-04,4095.39990234375,95.33159637451172,15.0,125523.17600348806,144351.65240401126
2026-08-05,4245.7998046875,95.09719848632812,15.0,129812.93640895089,149284.87687029352
2026-08-06,4242.0,95.07730102539062,15.0,129669.62269510089,149120.066099366
2026-08-07,4340.7001953125,95.31189727783203,15.0,133014.08880977717,152966.20213124374
2026-08-10,4361.7998046875,95.21029663085938,15.0,133518.17424042997,153545.90037649445
2026-08-11,4383.0,95.39669799804688,15.0,134429.7996448758,154594.26959160715
2026-08-12,4408.89990234375,95.37989807128906,15.0,135200.35471637055,155480.40792382613
2026-08-13,4363.60009765625,95.34429931640625,15.0,133761.27889402705,153825.4707281311
2026-08-14,4380.39990234375,95.40119934082031,15.0,134356.39213464913,154509.85095484648
2026-08-17,4417.7998046875,95.45030212402344,15.0,135573.27184428557,155909.2626209284
2026-08-18,4366.0,95.69409942626953,15.0,134325.85982127182,154474.73879446258
2026-08-19,4489.39990234375,95.81639862060547,15.0,138298.9472600434,159043.7893490499
2026-08-20,4516.2998046875,95.49600219726562,15.0,138662.39364442838,159461.7526910926
2026-08-21,4624.10009765625,95.77220153808594,15.0,142382.76929767302,163740.18469232396
2026-08-24,4640.7998046875,95.70030212402344,15.0,142789.700003441,164208.15500395713
2026-08-25,4638.10009765625,95.72309875488281,15.0,142740.62844470263,164151.72271140802
2026-08-26,4598.2001953125,93.54609680175781,15.0,138294.30147236318,159038.44669321764
2026-08-27,4609.7001953125,95.4302978515625,15.0,141432.65633934372,162647.55479024528
2026-08-28,4478.10009765625,95.47039794921875,15.0,137452.6977284478,158070.60238771496
2026-08-31,4473.0,95.43499755859375,15.0,137245.24380844273,157832.03037970912
