date,gold_inr_per_10g_landed,moving_avg_7d,moving_avg_30d,year_on_year_pct_change,day_30_rolling_volatility
2013-01-02,31452.556753633744,31452.556753633744,31452.556753633744,,
2013-01-03,30999.719930258572,31226.138341946156,31226.138341946156,,
2013-01-04,30609.816752760133,31020.69781221748,31020.69781221748,,0.12868079066273616
2013-01-07,30775.746865477726,30959.460075532545,30959.460075532545,,1.0954601468864016
2013-01-08,31266.380563725816,31020.844173171197,31020.844173171197,,1.4619045109915787
2013-01-09,31010.59108139629,31019.135324542047,31019.135324542047,,1.301827596370026
2013-01-10,31295.048599333775,31058.55150665515,31058.55150665515,,1.2621698646011155
2013-01-11,30864.775487406838,30974.58275433702,31034.32950424911,,1.2522803704380963
2013-01-14,31206.57128165977,31004.13294739434,31053.467479516967,,1.256473222792527
2013-01-15,31262.568082908652,31097.383137415552,31074.377539856134,,1.1787798898097848
2013-01-16,31318.3815739795,31174.902381487238,31096.559724776438,,1.113945196870688
2013-01-17,31504.90196766488,31208.97686776425,31130.588245017145,,1.073862217612357
2013-01-18,31238.64993897933,31241.55670456182,31138.90068301423,,1.0539291607653998
2013-01-22,31018.883469597375,31202.10454317091,31130.32802491303,,1.0251234661306312
2013-01-23,30922.763228834803,31210.38850623204,31116.490371841144,,0.9864741105383367
2013-01-24,30535.03569175655,31114.454850531572,31080.149454335857,,0.994898528374642
2013-01-25,30301.0842528695,30977.100017668836,31034.322089543715,,0.971802326466973
2013-01-28,30292.670117907903,30830.56980965861,30993.119202230617,,0.9422010157819607
2013-01-29,30509.915415050527,30688.42887357085,30967.687423957985,,0.9401924245376307
2013-01-30,30776.77702210084,30622.447028302504,30958.14190386513,,0.9443058337244971
2013-01-31,30165.692156706176,30500.562555032324,30920.406201619462,,1.0102767548227225
2013-02-01,30274.346206442806,30407.93155183347,30891.03983820234,,0.9923573234887302
2013-02-04,30352.793701086466,30381.896981737744,30867.63783224078,,0.9728938217644804
2013-02-05,30368.6471323167,30391.548821658776,30846.846553077277,,0.9515273088942656
2013-02-06,30379.122724065608,30403.899193967012,30828.13759991681,,0.9313574989852546
2013-02-07,30258.32418583146,30367.95758979285,30806.221699375063,,0.9131979740742533
2013-02-08,30215.52450343264,30287.77865855454,30784.34402545127,,0.8947494694980033
2013-02-11,30100.52422023244,30278.468953344007,30759.9218895506,,0.8784923285435908
2013-02-12,30317.547994036395,30284.640637285942,30744.667617291485,,0.8779604616412467
2013-02-13,30173.160886819373,30258.97880667636,30725.617392942415,,0.8645696365218527
2013-02-14,29982.11142327586,30203.75941967053,30676.60254859715,,0.8543009161578609
2013-02-15,29561.906745433203,30087.01427986591,30628.675442436306,,0.8523462548988882
2013-02-19,29608.446712475732,29994.17464081509,30595.296441093495,,0.8280042031518385
2013-02-20,29120.323216153123,29837.71731406086,30540.11565278267,,0.8645357789455859
2013-02-21,29080.303883783654,29691.971551711056,30467.24643011794,,0.7971386084699189
2013-02-22,29187.779866956356,29530.57610498535,30406.486056303274,,0.7968395571409306
2013-02-25,29338.530308744565,29411.34316526039,30341.2687799503,,0.7806802603429768
2013-02-26,29649.230501932452,29363.788747925628,30300.75061376783,,0.7821303094527398
2013-02-27,29404.42315888163,29341.291092703985,30240.679009675227,,0.7557820662017878
2013-02-28,28958.17919734698,29248.39573339988,30163.866046823172,,0.7895225827138381
2013-03-01,29122.250344814962,29248.671037494438,30090.66167251769,,0.7999274035515269
2013-03-04,29412.590590751428,29296.14056706126,30020.917959953906,,0.8175308341279418
2013-03-05,29437.900120809467,29331.872031897405,29960.89296601491,,0.8108467008976461
2013-03-06,29470.096009874924,29350.66713205888,29909.2667173575,,0.8068234234062094
2013-03-07,29363.820555395043,29309.894282553512,29857.30196157617,,0.8071854767662131
2013-03-08,29314.09896380185,29296.990826113517,29816.604070644345,,0.7807829102938917
2013-03-11,29220.80435826539,29334.508706244706,29780.594740824206,,0.7724955414628999
2013-03-12,29509.78298775647,29389.8705123792,29754.498503152492,,0.7984584729616455
2013-03-13,29306.46481618748,29374.70968744149,29714.383483190388,,0.7910355869986669
2013-03-14,29468.700278656117,29379.109709991008,29670.780925075564,,0.7790403314745955
2013-03-15,29498.475326512824,29383.16389808212,29648.540364069115,,0.6976401421215163
2013-03-18,29542.148223057164,29408.639279176714,29624.133764622926,,0.6941731271554891
2013-03-19,29692.960718962426,29462.762387056802,29602.139331885457,,0.6998918792778953
2013-03-20,29784.54310672446,29543.29649397954,29582.66919769905,,0.703001774235855
2013-03-21,29891.37299751663,29597.809352516695,29566.41087348075,,0.7070213011458967
2013-03-22,29711.190058628763,29655.62724429402,29548.17306924066,,0.7114627602009095
2013-03-25,29717.138109292668,29691.118362956382,29531.560189435993,,0.7114232181292708
2013-03-26,29458.991312453712,29685.477789519387,29510.175759176705,,0.7246322965006882
2013-03-27,29757.717638113198,29716.273420241694,29491.5147473126,,0.7375127956956156
2013-03-28,29560.102555801608,29697.293682647305,29471.07946961201,,0.7419568816158103
2013-04-01,29596.50450687825,29670.43102552642,29458.22590573209,,0.7348261550180207
2013-04-02,29120.87838862808,29560.36036711379,29443.524960505256,,0.7487773779322212
2013-04-03,28800.14140960213,29430.210560109965,29416.581450409467,,0.7718219398910261
2013-04-04,28784.23899246396,29296.939257705882,29405.378642953165,,0.7134375600305064
2013-04-05,29466.278503716083,29297.98028502906,29418.24446361757,,0.837247388442379
2013-04-08,29359.826803798398,29241.138737269775,29423.9793615123,,0.8381801012453125
2013-04-09,29492.593597021456,29231.494600301176,29429.11480445486,,0.8369563233105335
2013-04-10,28984.46560900879,29144.060472034085,29406.955974690733,,0.8713687819382614
2013-04-11,29061.414530558017,29135.565635166928,29395.52235374661,,0.8615375709798486
2013-04-12,27775.451770414355,28989.181400997266,29356.098106182188,,1.1494257410384352
2013-04-15,25277.094333910965,28488.160735489702,29227.926239152057,,1.9767659289477537
2013-04-16,25778.01472193172,27961.26590952054,29106.773710191406,,2.0095458231172865
2013-04-17,25506.442358460976,27410.782417329527,28975.725118113132,,2.0104531859192862
2013-04-18,25715.751741821914,26871.23358087245,28850.58030917803,,2.0215171221843122
2013-04-19,25688.745784174258,26400.41646303895,28728.077816804,,2.022369416808985
2013-04-22,26118.32062547112,25979.974476597938,28621.551872192977,,2.058003122032334
2013-04-23,25988.815836169022,25724.740771705718,28513.818921456423,,2.0581262901949855
2013-04-24,26378.299173022573,25882.05574872165,28409.436127631965,,2.0717783181340432
2013-04-25,27037.61591102277,26061.99877573463,28333.80783079314,,2.134702696813072
2013-04-26,26858.700204420995,26255.17846801458,28246.80782831863,,2.1305461661955905
2013-04-29,27191.20347484226,26465.95728701752,28169.89876659629,,2.1477080551912
2013-04-30,27207.39707408302,26682.90747129019,28092.073728297146,,2.1472061016396053
2013-05-01,26516.801499223857,26739.833310397742,27986.20175430586,,2.181796036675881
2013-05-02,26839.126172488624,26861.306215586275,27888.02118983133,,2.1975013521588402
2013-05-03,26851.807148644937,26928.95021210378,27786.702328202282,,2.1949076205480895
2013-05-06,26907.47979764057,26910.359338763436,27693.24531950267,,2.196452685093219
2013-05-07,26751.48396019897,26895.042732446054,27594.390181199553,,2.1961155778830586
2013-05-08,27188.584428802646,26894.668583011786,27518.709951744517,,2.222154419347361
2013-05-09,27109.524940930598,26880.686849704343,27430.436861838432,,2.209450707907096
2013-05-10,26562.972805306297,26887.282750573275,27330.53253682192,,2.231116567745175
2013-05-13,26791.775795196438,26880.518410960147,27237.041579765864,,2.2403476402013673
2013-05-14,26620.88013300654,26847.528837297512,27153.708304578486,,2.227895851978464
2013-05-15,26079.679752093343,26729.271687933644,27063.026249328195,,2.2462445481272506
2013-05-16,25894.679386860684,26606.871034599575,26966.707595808082,,2.2469117204914912
2013-05-17,25480.245944341998,26362.822679676647,26833.83984382895,,2.1990363395830332
2013-05-20,25894.30432631898,26189.219734732127,26718.32242791298,,2.231741524557811
2013-05-21,25876.019062866435,26091.08348581215,26597.769943441148,,2.2269510846313985
2013-05-22,25824.27687737433,25952.86935469468,26492.43031905334,,2.213314100681659
2013-05-23,26401.24564112811,25921.49299871203,26403.75802273901,,2.261153779428295
2013-05-24,26328.615370132215,25957.055229860423,26355.530142729596,,2.122394411513326
2013-05-28,26115.218398089808,25988.560802893182,26383.46761153556,,1.3221688544380739
2013-05-29,26603.71001604321,26149.05567027908,26410.990788005944,,1.3169073559967692
2013-05-30,27081.359050351584,26318.634916569437,26463.48801106896,,1.3324771920285587
2013-05-31,26756.70554000963,26444.447270447057,26498.186471008557,,1.3513624242528428
2013-06-03,27217.499703752193,26643.479102786765,26549.144934994496,,1.3807400517277892
2013-06-04,26981.24391686838,26726.335999321058,26577.909044707736,,1.365278340089424
2013-06-05,26896.739661268588,26807.496612340543,26608.173172211056,,1.3628545058491035
2013-06-06,27883.346743455753,27060.086375964205,26658.341424558825,,1.4899695061804252
2013-06-07,27294.520613073542,27158.773604111346,26666.90491462718,,1.4819546681319584
2013-06-10,27357.67399935089,27198.247168254107,26683.53737445818,,1.4762879095752508
2013-06-11,27176.106206943074,27258.161549244607,26683.034132194876,,1.4652770889725761
2013-06-12,27468.19603905714,27293.975311431037,26691.727431027357,,1.4781644982137598
2013-06-13,27661.503747974893,27391.15528730343,26729.884172652397,,1.3994063549642473
2013-06-14,27938.167774222293,27539.93073201113,26766.51889271019,,1.3942967227395409
2013-06-17,27607.47112860153,27500.519929889124,26791.70769204207,,1.4151734148949109
2013-06-18,27571.12350631408,27540.034628923517,26813.829148997862,,1.4156581840562332
2013-06-19,28062.908434349287,27640.78240535182,26857.543298136196,,1.4425577442272763
2013-06-20,26215.36924196859,27503.534267498315,26825.102791908397,,1.871375672243758
2013-06-21,26715.022630949825,27395.938066340117,26811.95271490904,,1.9064738563901529
2013-06-24,26275.904082706005,27197.995257016006,26802.383757489035,,1.8942772121970453
2013-06-25,26473.772654919365,26988.795954258447,26791.783652813127,,1.8926446139710786
2013-06-26,25471.061014774445,26683.594509425973,26753.456348872045,,2.011596670027166
2013-06-27,25537.81718900386,26393.12217838164,26735.39426343573,,1.9800129930597612
2013-06-28,25576.132320465447,26037.868447826844,26724.776027889224,,1.9763685188490185
2013-07-01,25958.301337828627,26001.144461521148,26740.711207672117,,1.971902223973442
2013-07-02,25640.161231060287,25847.59283296551,26732.239771163495,,1.9636031911710081
2013-07-03,25889.32234244831,25792.36687007154,26732.683213816224,,1.9717709147550804
2013-07-05,25342.858098685578,25630.80764775244,26716.635921193272,,2.0096470869709395
2013-07-08,25823.117762983726,25681.10146892523,26697.364991921793,,1.9973116279326024
2013-07-09,26254.30410294645,25783.45674234562,26694.887949682274,,2.0213128725893292
2013-07-10,26029.06633306787,25848.161601288844,26692.016214181545,,2.021995214075837
2013-07-11,26619.39595221586,25942.60368905842,26692.539078720627,,2.035866283771588
2013-07-12,26544.50416823655,26071.795537226433,26674.64391598346,,2.0086222457585157
2013-07-15,26694.554351881212,26186.82868143111,26672.572209712507,,1.9995387509930476
2013-07-16,26806.044655432772,26395.855332394996,26658.857041435193,,1.9750983964029456
2013-07-17,26309.63307298239,26465.357519537676,26636.47001330567,,1.9975062273631192
2013-07-18,26460.95548169984,26494.87914507384,26621.94387398671,,2.000273296106955
2013-07-19,26826.52741105245,26608.802156214468,26586.716562906608,,1.895110992092913
2013-07-22,27532.603316257868,26739.260351077588,26594.652653012752,,1.9201546293427476
2013-07-23,27684.298620165217,26902.088129924545,26605.54014037323,,1.9220976017728209
2013-07-24,27383.297452143903,27000.480001390646,26612.446515213247,,1.9291230737354323
2013-07-25,27285.084978574872,27068.91433326807,26606.342813197167,,1.9204353889218677
2013-07-26,27057.652302878472,27175.774223253196,26586.21443169395,,1.9214056661808014
2013-07-29,27241.86404985558,27287.33259013262,26563.00430754839,,1.9162335981269158
2013-07-30,27313.4551580544,27356.89369684717,26553.203775196816,,1.905308055422829
2013-07-31,27710.31312749356,27382.280812737998,26557.84342923613,,1.9239169822316227
2013-08-01,28110.831430652175,27443.214071378978,26559.44086244623,,1.9142809284630815
2013-08-02,28010.942569556722,27532.877659580805,26619.29330669916,,1.4558288262704178
2013-08-05,28146.310874017636,27655.909930358375,26667.002914801426,,1.4221816703763115
2013-08-06,27626.825990482466,27737.220457158917,26712.033645060626,,1.4315775508563995
2013-08-07,27646.508475259452,27795.02680364524,26751.124839071977,,1.4275269843305813
2013-08-08,28370.00490193998,27945.962481343187,26847.7563019775,,1.2899333364904197
2013-08-09,28195.217187914437,28015.2344899747,26936.336301941177,,1.3023239660387063
2013-08-12,28638.83752008448,28090.66393132215,27038.426475261804,,1.3210070483026846
2013-08-13,28675.307779332423,28185.573247004435,27128.993356645264,,1.3049446386362784
2013-08-14,28990.863124579988,28306.223568513324,27240.683419762583,,1.2774939825306986
2013-08-15,29513.627124043447,28575.766587593458,27361.493579149075,,1.2987612584432615
2013-08-16,29717.996488202254,28871.693446585243,27507.331525466296,,1.2060101173219149
2013-08-19,30193.136131315416,29132.140765067456,27652.998804410687,,1.1956955848358988
2013-08-20,31006.0522065284,29533.6886248695,27811.390407863415,,1.2429689135840616
2013-08-21,30712.08604132658,29829.86698504697,27967.491064805366,,1.246628796999596
2013-08-22,31370.49560591612,30214.893817415992,28125.86105326203,,1.240958270472265
2013-08-23,31792.80237362515,30615.17085299388,28300.804326774985,,1.238648017099434
2013-08-26,31563.798457530233,30908.052472063475,28463.11246362996,,1.2622822203222464
2013-08-27,32301.218997493852,31277.08425910505,28646.284941698643,,1.3023835403484747
2013-08-28,33553.064752422644,31757.074062120304,28887.732664346633,,1.3448621674278531
2013-08-29,33653.671110071235,32135.305334055,29127.489851959017,,1.3475456096378062
2013-08-30,33273.26318674329,32501.187783400263,29342.381044482052,,1.38844619315321
2013-09-03,33212.76876171272,32764.369662799872,29531.719892663896,,1.3500169805494548
2013-09-04,33725.190308394274,33040.42508205253,29733.082948938183,,1.3599742854641883
2013-09-05,32181.222000720856,33128.628445365466,29893.013767224085,,1.63662149464292
2013-09-06,32371.477277159058,33138.66534246052,30062.56017717688,,1.6275472196246838
2013-09-09,31996.163184580393,32916.25083276882,30227.177206566947,,1.638386822489431
2013-09-10,30904.131437389442,32523.4594509571,30349.2527861514,,1.7923815050850502
2013-09-11,30687.366343357597,32154.045616187686,30461.71649232817,,1.8042176884090027
2013-09-12,29717.193201050744,31654.677678950266,30528.612494780093,,1.9056242912727628
2013-09-13,29438.631977517238,31042.312203110727,30572.872513008926,,1.9037811143326053
2013-09-16,29498.571905706267,30659.076475251466,30622.46015754724,,1.901180058503066
2013-09-17,29310.55405943748,30221.801729862713,30661.268263727892,,1.9062257504382445
2013-09-18,29221.627222813135,29825.43944961019,30714.428304805577,,1.8709399924520915
2013-09-19,30791.744229961798,29809.384134263466,30819.269496628982,,2.094942868710138
2013-09-20,29306.988116160144,29612.18724466381,30850.50227043632,,2.255268445281072
2013-09-23,29432.53597379752,29571.521926484736,30891.746229965767,,2.2513639388703144
2013-09-24,29172.14089789653,29533.451772253164,30909.52300922616,,2.243161236756634
2013-09-25,29632.168816430974,29552.537045213925,30941.418377129456,,2.2596373367144613
2013-09-26,29223.5862741289,29540.113075884194,30949.17581544776,,2.268401528585247
2013-09-27,29219.01914056299,29539.740492705656,30939.355549331754,,2.244147512735901
2013-09-30,29512.79639826752,29357.033659606375,30932.515546333914,,2.248244862861828
2013-10-01,28461.642770173767,29236.27003875122,30874.79910096253,,2.318139826210811
2013-10-02,29241.417141226033,29208.967348383874,30815.97793211912,,2.3201716339073286
2013-10-03,28918.970863303653,29172.80020058501,30756.207426185036,,2.3221326147087913
2013-10-04,28698.991609657303,29039.489171045832,30667.157292976415,,2.282362336430082
2013-10-07,28758.13051692587,28972.99549144533,30566.001564419767,,2.2639227014458894
2013-10-09,28669.991354983875,28894.562950648367,30469.54132766823,,2.2625907926766606
2013-10-10,28343.15459634237,28727.47126465916,30337.605847629875,,2.211615319647668
2013-10-11,27628.28262135077,28608.41981482732,30140.1131099275,,2.089075741265447
2013-10-14,27531.43652468359,28364.136869606962,29936.038623747914,,2.082518310090691
2013-10-15,27633.679648811798,28180.523838965222,29748.05250581686,,2.0885156293156966
2013-10-16,28033.072992477802,28085.392607939564,29575.39598017568,,2.1205252141063426
2013-10-17,28745.287285841423,28083.55786064174,29409.39921275725,,2.161772160639943
2013-10-18,28402.213073992432,28045.303820500016,29283.432248532958,,2.02612569731352
2013-10-21,28495.447116863616,28067.05989486019,29154.231243189795,,2.022274500777431
2013-10-22,28781.514434922385,28231.807296798965,29047.076284867868,,2.0329674996912663
2013-10-23,28866.035889295392,28422.464348886297,28979.13976659806,,1.9502353868743665
2013-10-24,29376.350499327364,28671.417327531348,28935.439238463714,,1.980598666337748
2013-10-25,29390.7376292854,28865.36941850385,28924.557386071516,,1.895878913301426
2013-10-28,29377.261709338694,28955.65147900355,28922.511710465576,,1.8879653605745692
2013-10-29,29262.80689072916,29078.593452823083,28914.652876633,,1.88897671741032
2013-10-30,29316.847342622492,29195.936342217163,28914.862652739168,,1.8855139916508232
2013-10-31,28703.993154757165,29184.861873622052,28897.608183803968,,1.9238533481500577
2013-11-01,28894.2370769362,29188.890614713677,28834.357945369775,,1.6376139124027866
2013-11-04,28917.94538648257,29123.40417002155,28821.38985438052,,1.3855719010238425
2013-11-05,28670.99308481992,29020.583520812248,28796.0050914146,,1.3905477599745548
2013-11-06,28967.496146786234,28962.045583304684,28789.18359971093,,1.3962798787517814
2013-11-07,28906.498057950375,28911.14432147917,28764.994574428227,,1.3638096504516548
2013-11-08,28551.09725400981,28801.751451677377,28742.57827375758,,1.3591449739537884
2013-11-11,28695.28966676149,28800.50809624951,28725.12062463087,,1.3631632235526168
2013-11-12,28536.456815202506,28749.39663028757,28692.575971862054,,1.3511534993358456
2013-11-13,28688.89898502479,28716.67571579359,28700.15117902374,,1.1865481117210932
2013-11-14,28825.417874241535,28738.736399996626,28686.28453679091,,1.0752583106777045
2013-11-15,28699.836314997265,28700.499281169712,28678.98005184736,,1.0593506334663911
2013-11-18,28214.710097120867,28601.672429622682,28662.837334762826,,1.09477246083277
2013-11-19,28011.648444416223,28524.608313966408,28637.954599012497,,1.100312622839131
2013-11-20,27630.648773459754,28372.51675778042,28603.30984629501,,1.1242881371148914
2013-11-21,27600.194095233397,28238.764940641955,28578.544496258037,,1.10757031606409
2013-11-22,27712.48197045798,28099.276795703918,28581.35114122828,,1.009888460239934
2013-11-25,27318.68472036113,27884.029202292408,28574.259414417513,,1.0416635352109165
2013-11-26,27440.75298542182,27704.160155210113,28567.828525637837,,1.0427332985009348
2013-11-27,27342.35340338592,27579.537770390776,28544.804539334775,,1.006827961878095
2013-11-29,27604.3092986136,27521.34646384764,28506.77193976054,,0.9007545044837364
2013-12-02,26999.966538759665,27431.249001747663,28460.03038858613,,0.9578010962383916
2013-12-03,26925.358361324244,27334.843896903498,28407.69409673481,,0.9534330449098845
2013-12-04,27529.262457852827,27308.669680817053,28365.952364165834,,1.0304047929970706
2013-12-05,26909.280859381663,27250.18341496294,28300.727196502066,,1.0959432909913764
2013-12-06,26793.790790599414,27157.76024427411,28214.641872877815,,1.0293657128235323
2013-12-09,26714.82626001381,27068.113509506653,28125.444827235428,,1.027245300710054
2013-12-10,27175.885977933296,27006.910177980815,28052.065636188567,,1.091995978505286
2013-12-11,27140.88844223154,27027.04187847674,27981.33502123865,,1.0919134719076289
2013-12-12,26704.47834030898,26995.487589760283,27894.256054494872,,1.1163745452082603
2013-12-13,27164.85914894465,26943.429974201932,27842.95158763447,,1.1231609857739553
2013-12-16,27392.6307404969,27012.479957218417,27792.898043086505,,1.128140370270152
2013-12-17,26900.472496187147,27027.720200873777,27725.648946743335,,1.1651150462000992
2013-12-18,26976.932241676135,27065.1639125399,27669.18025197188,,1.162766756535446
2013-12-19,26215.1955231359,26927.92241899749,27577.436897850224,,1.2331899508767368
2013-12-20,26620.025948518738,26853.513491324284,27501.221160869176,,1.2795452650612418
2013-12-23,26285.545700329087,26793.665971327173,27425.70277574649,,1.2802557451102201
2013-12-24,26355.786629006332,26678.084182764538,27347.719341154643,,1.2760382917745443
2013-12-26,26531.150019546512,26555.015508343065,27280.87578129945,,1.2862348092044327
2013-12-27,26617.86275545893,26514.642688238993,27211.84124031393,,1.2825128238819412
2013-12-30,26239.71277206334,26409.325621151365,27125.651070241318,,1.2926365630603682
2013-12-31,26260.29875906295,26415.768940569433,27044.333151710158,,1.2942472554204343
2014-01-02,26791.004293925824,26440.194418484745,26996.876291603658,,1.332348170785892
2014-01-03,27180.419546804183,26568.03353940975,26969.16866168327,,1.3598792979594168
2014-01-06,27241.669303824252,26694.588207240882,26956.202679362086,,1.3395276820332498
2014-01-07,27091.584204517396,26774.650233665216,26939.249016338214,,1.3427535854261754
2014-01-08,26901.568055789714,26815.179562283945,26912.218552515937,,1.3449023261311224
2014-01-09,27006.777209055548,26924.760196140036,26901.82163547243,,1.3235944955796606
2014-01-10,27239.131804363722,27064.593488325896,26895.100929437172,,1.3308624905537596
2014-01-13,27180.48623478556,27120.2337655916,26889.705357150517,,1.3298472950257811
2014-01-14,27069.843191412572,27104.437143392726,26871.889820243792,,1.3188474436690345
2014-01-15,26915.494305040305,27057.840714995084,26869.07407911982,,1.2604015574091165
2014-01-16,26987.496985477297,27042.971112275096,26871.145366591587,,1.2602420762920583
2014-01-17,27189.013963042762,27084.034813311217,26859.803750097908,,1.1970730228783926
2014-01-21,27071.824357793736,27093.32726313094,26865.221866711632,,1.1247303697914302
2014-01-22,27154.15135393004,27081.18719878327,26877.23388548931,,1.122458207842378
2014-01-23,27626.718875685907,27144.9347189118,26907.630306011717,,1.161674084080102
2014-01-24,27784.56604102268,27247.03798314184,26927.91964144803,,1.1251379431590103
2014-01-27,28032.918635871614,27406.67003040335,26957.653981236028,,1.1340503061384393
2014-01-28,28040.96628026858,27557.165643944936,27002.203579234672,,1.0867326453851662
2014-01-29,27845.62436140763,27650.967129425677,27024.895752983448,,1.056718129008125
2014-01-30,27443.059193175563,27704.00067733734,27026.576701406048,,1.082746303849036
2014-01-31,27327.372900141698,27728.74661251038,27040.806714871185,,1.0314362407044764
2014-02-03,27859.405429764112,27761.987548807236,27070.22248780743,,1.087193058545129
2014-02-04,27830.891074167732,27768.605410685097,27124.07900617514,,0.9368476759829806
2014-02-05,27626.363179158623,27710.52605972612,27157.623580529787,,0.9165889306386105
2014-02-06,27677.428744524652,27658.592126048436,27204.019682002967,,0.8785098547417832
2014-02-07,27802.876720082786,27652.485320144864,27252.25601837219,,0.8798325226378118
2014-02-10,27992.85249212567,27731.027219994925,27300.979434124816,,0.8801780941025746
2014-02-11,28492.157552913806,27897.425027533835,27363.455927373314,,0.9273331744548541
2014-02-12,28415.518026072616,27976.869684149377,27435.982769173632,,0.879179456038633
2014-02-13,28366.435061321386,28053.375968028526,27506.18731258226,,0.8822534040039554
2014-02-14,28991.411646244862,28248.382891898043,27579.534224326224,,0.8953213834720121
2014-02-18,28948.038746533384,28429.89860647065,27638.45486431718,,0.869550937814752
2014-02-19,29054.600157336434,28608.716240363992,27698.885892767583,,0.8700064427607689
2014-02-20,29000.8862334461,28752.721060552634,27762.52929373188,,0.8613648768842188
2014-02-21,29089.74903918075,28838.091272876463,27835.4686598449,,0.8432155246340413
2014-02-24,29349.360091209615,28971.497282181732,27913.554755916695,,0.8507471176551541
2014-02-25,29479.980572017324,29130.575212281063,27988.249714838465,,0.8443519257958134
2014-02-26,29112.831407213373,29147.920892419428,28052.66122058605,,0.884639232206133
2014-02-27,29268.357119288492,29193.6806599559,28125.94501818192,,0.877822535202319
2014-02-28,28983.41123376919,29183.510813731966,28194.875582472854,,0.893986404571431
2014-03-03,29517.417038781914,29257.300928779878,28279.20625091633,,0.9400524409480082
2014-03-04,29414.09463393684,29303.636013745065,28353.3756066128,,0.9435369640395669
2014-03-05,29196.696976843486,29281.826997407046,28424.204693914453,,0.9530228393674922
2014-03-06,29517.979351835373,29287.255394523963,28502.998960511293,,0.9654015480524497
2014-03-07,28772.364924914982,29238.617325624185,28541.187162152273,,1.053544223881817
2014-03-10,29047.314665202226,29207.039832183294,28583.27878295826,,1.0612653443048388
2014-03-11,28957.74865659813,29203.373749730443,28614.106450315845,,1.0550327709321017
2014-03-12,29581.052890677096,29212.464585715505,28665.442670662793,,1.118481307990955
2014-03-13,29491.038251947193,29223.45653114561,28720.28980034745,,1.1100866275774997
2014-03-14,29973.691903238087,29334.455806344748,28804.64422401618,,1.0952991197068371
2014-03-17,29608.046408390168,29347.322528709792,28880.666674291155,,1.122793481913551
2014-03-18,29337.11555568403,29428.00119024808,28929.92367848847,,1.0970095243782951
2014-03-19,28989.439285854918,29419.733278912892,28968.54195221141,,1.12403761364616
2014-03-20,28679.529190155463,29379.98764084945,29003.647485911286,,1.134633655718763
2014-03-21,28979.04643178157,29293.98671815012,29047.034742153188,,1.1468263349465466
2014-03-24,28295.967908049024,29123.262383307465,29063.47111508539,,1.2335246511983111
2014-03-25,28100.85696056296,28855.714534353996,29067.0712640333,,1.2352968853053559
2014-03-26,27758.877993604343,28591.54761795593,29042.628612056313,,1.2087815624725613
2014-03-27,27546.116595058087,28335.69062358088,29013.64856435582,,1.2148632410588276
2014-03-28,27562.659700275268,28131.864968497837,28986.856052320916,,1.2151022402575888
2014-03-31,27160.455711558407,27914.85447155551,28925.824187831364,,1.159615608805907
2014-04-01,27147.917485647315,27653.26462210768,28865.820145801827,,1.159957321953012
2014-04-02,27283.32736417152,27508.601687267954,28806.77771936298,,1.1624351348560307
2014-04-03,27207.96381341235,27381.045523389377,28747.013638695204,,1.1625059028720173
2014-04-04,27832.96692701637,27391.629656733945,28705.120901623057,,1.2465402259431604
2014-04-07,27391.394340064664,27369.526477449173,28639.85537658489,,1.2578799750316945
2014-04-08,27825.467755484704,27407.07048533644,28584.70494936717,,1.2953772188766766
2014-04-09,27743.58021416363,27490.373985708557,28539.06324293216,,1.280058229163725
2014-04-10,27993.155966466704,27611.122340111328,28496.556537838092,,1.288527544468593
2014-04-11,28122.03342213366,27730.937491248762,28467.8439441169,,1.2831389870319487
2014-04-14,28322.0762235273,27890.096406979486,28427.999250275116,,1.240220370281849
2014-04-15,27741.636863440028,27877.049255040074,28372.250657925226,,1.2884748642438935
2014-04-16,27789.354988027142,27933.900776177645,28325.33925829803,,1.285745521772001
2014-04-17,27559.627250322956,27895.923561154465,28260.06085491429,,1.2688099141022806
2014-04-21,27399.013667871863,27846.699768827162,28214.28247967952,,1.194495476639026
2014-04-22,27391.05069556413,27760.684730126923,28159.073680691607,,1.1762870697043415
2014-04-23,27594.309925746562,27685.295659214524,28113.62572299652,,1.1881800265324192
2014-04-24,27844.693721713786,27617.09815895531,28055.747084031067,,1.1249050041745523
2014-04-25,28115.375307910792,27670.489365308145,28009.891652563154,,1.1446069904140428
2014-04-28,27855.055008636748,27679.875082538063,27939.270422743135,,1.101262575422097
2014-04-29,27795.155856671703,27713.522026302027,27878.84073768581,,1.0855435264442992
2014-04-30,27683.480705910253,27754.160174593064,27823.719576026684,,1.0779798785628953
2014-05-01,27281.163238188867,27738.461966396444,27766.777041104437,,1.0876058262623345
2014-05-02,27704.98429770405,27754.27259096184,27734.292211356074,,1.1199726246492605
2014-05-05,27785.554249243305,27745.824094894742,27694.50913860481,,1.1015092380314058
2014-05-06,27812.338935148695,27702.533184500146,27678.388172841445,,1.0187462528594085
2014-05-07,27333.391797601253,27628.00986863806,27652.806000742752,,1.0577091451960603
2014-05-08,27267.871893526695,27552.68358818894,27636.43913074018,,1.0365405756352686
2014-05-09,27283.96532577831,27495.60996245593,27627.700755097532,,1.0279035995525971
2014-05-12,27423.22318005326,27515.904239865285,27623.052871090174,,1.0324933788350343
2014-05-13,27205.183016932617,27444.50405689808,27624.54378126934,,1.0071972831587814
2014-05-14,27387.64849191278,27387.660377279455,27632.53481481156,,1.0142880848200755
2014-05-15,27172.92014438787,27296.31483574238,27628.854574152145,,1.0210484368717345
2014-05-16,27136.702844240473,27268.216413833467,27626.47920851304,,1.0200889711080567
2014-05-19,26792.797598012017,27200.348657331295,27591.806897546227,,0.9478858772425396
2014-05-20,26721.466601332813,27119.991696696197,27569.475972921835,,0.9073539161855623
2014-05-21,26685.226633473354,27014.563618613407,27531.467935521465,,0.8512412237610313
2014-05-22,26876.2684279497,26967.575820187107,27502.557542647668,,0.8646333242995249
2014-05-23,26620.492723161184,26857.982138936808,27456.80210120417,,0.8566975128232934
2014-05-27,26246.9769315367,26725.704537100824,27394.300218184293,,0.8771851340648784
2014-05-28,26293.249768298814,26605.21124053773,27326.67266967663,,0.862791031686465
2014-05-29,26138.199106275486,26511.697170289764,27273.224744437823,,0.7960316403374641
2014-05-30,25946.41262523867,26400.975173704857,27211.793332344852,,0.7987960469364852
2014-06-02,26033.50864218027,26307.872603519954,27160.922712073414,,0.7968121208872523
2014-06-03,26033.748539131426,26187.512619403056,27115.41387444871,,0.7939266166662735
2014-06-04,26089.063596056283,26111.59417267383,27072.014304465116,,0.796595804559696
2014-06-05,26260.0850986446,26113.466767974995,27027.540143561735,,0.7933701726050649
2014-06-06,26198.26947489903,26099.898154632323,26972.6593353346,,0.7672591930903236
2014-06-09,26229.779860819555,26112.981119566997,26909.806153764886,,0.7375700083710686
2014-06-10,26374.977156689696,26174.20462406001,26860.47022536664,,0.738791347732061
2014-06-11,26361.13212147923,26221.007978245616,26812.669434193584,,0.7391153088492299
2014-06-12,26724.6960448528,26319.714764777305,26780.7099454917,,0.7899441189881726
2014-06-13,26706.522562704362,26407.92318858419,26761.555256308926,,0.7483762339265547
2014-06-16,26918.800306146637,26502.025361084514,26735.349123257027,,0.703135082308411
2014-06-17,27025.285027717262,26620.170440058624,26710.00681587284,-14.08,0.7053662886669567
2014-06-18,27145.011958632793,26750.91788260346,26687.762583322325,-12.43,0.7113387603261723
2014-06-19,27787.752333997913,26952.74290793336,26702.907934535542,-9.22,0.7745822004228117
2014-06-20,28003.551930757058,27187.3743092588,26727.43060244322,-9.01,0.7832946050417912
2014-06-23,28045.578580588928,27376.071814363822,26752.817710936877,-10.3,0.7833398762900495
2014-06-24,28100.280967759278,27575.180157942963,26775.386303860385,-9.38,0.7796774631053939
2014-06-25,28145.235928367172,27750.385246831658,26806.721400908194,-10.06,0.7618280654104506
2014-06-26,27903.680934470303,27875.870376367653,26823.92248232675,-9.59,0.7744833000073766
2014-06-27,28025.808882176363,28001.698508302547,26852.352106919698,-10.19,0.7602827351963812
2014-06-30,28065.668444629137,28041.400809821273,26883.317626932698,-10.23,0.7589573265041053
2014-07-01,28131.44250376234,28059.670891679027,26927.93912379102,-10.18,0.7127572573101901
2014-07-02,28249.93398079219,28088.86452027969,26978.888036439694,-10.33,0.7094549674596912
2014-07-03,27756.694006033482,28039.780668604588,27014.603615524993,-11.15,0.7910189861409389
2014-07-07,27804.144078477504,27991.0532614775,27045.532803875954,-10.36,0.7834236854347351
2014-07-08,27900.63095626281,27990.617550304956,27088.204078312654,-9.77,0.7578466488609257
2014-07-09,27972.365633748064,27982.982800529473,27145.71703505305,-8.39,0.6980676540276725
2014-07-10,28291.939491213434,28015.307235755823,27212.34002581692,-6.63,0.7182263854046343
2014-07-11,28459.334543077206,28062.14895565808,27289.711207043627,-6.05,0.702994538148783
2014-07-14,27759.658837526145,27992.10964947726,27350.152747453252,-9.01,0.8454024265594295
2014-07-15,27547.060289698176,27962.161975715044,27400.604469037182,-10.49,0.8643138188210256
2014-07-16,27654.965186073583,27940.85070537164,27454.64502393529,-8.32,0.8642769293815196
2014-07-17,27976.937973247856,27951.751707798136,27517.574169841657,-7.59,0.8818436686059055
2014-07-18,28058.34280633001,27964.03416102406,27577.516093431164,-7.56,0.8783813077054475
2014-07-21,28005.184640317642,27923.069182324623,27637.746598945123,-7.78,0.877591068101614
2014-07-22,27830.23643061328,27833.1980234012,27691.09515127161,-8.39,0.8911301787115079
2014-07-23,27726.019414832164,27828.392391587742,27736.129893209723,-8.37,0.8945873707507669
2014-07-24,27321.956326112282,27796.234682504088,27768.15736669749,-9.58,0.9421685219062681
2014-07-25,27678.751573150803,27799.632737800745,27799.959217640757,-8.05,0.9388909022603246
2014-07-28,27679.77482535571,27757.180859530345,27832.400959729093,-8.7,0.9384836749229504
2014-07-29,27572.20526171172,27687.7326388705,27854.18112491456,-8.62,0.9341605951271497
2014-07-30,27495.419652601915,27614.90906919672,27869.852279077346,-8.29,0.9345194525931507
2014-07-31,27301.80228465735,27539.41847691738,27875.07862327819,-7.65,0.9418223753074568
2014-08-01,27801.783792619015,27550.241959458217,27875.546338565524,-6.1,0.8999364983531555
2014-08-04,27874.449091524857,27629.169497374445,27871.24291059114,-4.28,0.8895722781146053
2014-08-05,27654.496167682537,27625.70443945032,27858.20683016094,-4.9,0.9001501604672691
2014-08-06,28117.059974818912,27688.173746516663,27858.76613039629,-3.67,0.9525187980312856
2014-08-07,28366.14480892869,27801.593681833572,27866.129759748343,-3.31,0.9656841924506442
2014-08-08,28347.247149244442,27923.28332421104,27880.915300240802,-4.39,0.951267363981924
2014-08-11,28292.30826203084,28064.784178121547,27889.798612902625,-3.78,0.9495377704651173
2014-08-12,28290.463563608053,28134.595573977167,27897.29178353523,-2.31,0.9493518761480705
2014-08-13,28423.355137195696,28213.01072335855,27907.022204649697,-2.4,0.9520596488352313
2014-08-14,28354.236050708758,28312.973563790852,27910.498940313544,-3.6,0.9505839187746062
2014-08-15,27976.069292579945,28292.83203775675,27917.811449865127,-4.97,0.9269085944243063
2014-08-18,27891.275691440227,28224.99359240117,27920.715836963864,-5.36,0.9284693368576049
2014-08-19,27856.92225373155,28154.947178756553,27919.25888021284,-5.13,0.9266311352823293
2014-08-20,27783.764405685237,28082.29805642127,27912.97217261071,-5.22,0.9264962057435067
2014-08-21,27301.12357101103,27940.963771764455,27879.94497527058,-6.57,0.9509257152835058
2014-08-22,27330.184334681508,27784.79651426258,27842.306634990746,-7.39,0.9425925267363034
2014-08-25,27312.78920234929,27636.01839306844,27827.41098048482,-6.8,0.83376711183948
2014-08-26,27473.11803486794,27564.168213395136,27824.94623865715,-6.77,0.8303333670736514
2014-08-27,27395.284171337236,27493.31228195184,27816.290204832578,-7.13,0.82833834361307
2014-08-28,27549.719726779993,27449.426206673095,27802.049596617,-6.74,0.8054704234144994
2014-08-29,27561.392100145964,27417.65873445331,27785.484573077534,-7.18,0.8031366617633489
2014-09-02,27048.78926963582,27381.610977114044,27753.604727388112,-9.19,0.8679634865953963
2014-09-03,27229.652357116778,27367.249266033195,27733.585258271545,-8.9,0.8737268445719799
2014-09-04,27019.250383020215,27325.31514898608,27710.026290544432,-9.06,0.8815179253065634
2014-09-05,27025.24871969616,27261.333818247276,27700.136036997228,-9.06,0.8424571144542761
2014-09-08,26753.53249291585,27169.65500704412,27669.295400989366,-9.18,0.8212136162113538
2014-09-09,26624.00279967372,27037.40973174306,27634.1030001333,-10.53,0.8237109855829591
2014-09-10,26733.841127945114,26919.188164285784,27606.157529007767,-9.56,0.8278887282981857
2014-09-11,26607.07399306994,26856.085981919296,27576.54600702338,-10.1,0.830115127240726
2014-09-12,26450.15653897239,26744.729436470196,27548.157815500534,-9.17,0.8275311722179904
2014-09-15,26459.05021500326,26664.70084103942,27503.400029580047,-8.13,0.7435106383468851
2014-09-16,26634.030505839484,26608.812524774246,27462.05274339051,-7.47,0.7548664479115801
2014-09-17,26653.01624118007,26594.45306024062,27428.670079173768,-9.55,0.7459956961789684
2014-09-18,26402.310725191106,26562.78276388613,27371.51177085284,-10.07,0.6789956351336779
2014-09-19,26084.593092050767,26470.033044472602,27295.460046956876,-11.56,0.6700916841838772
2014-09-22,26186.93316387617,26410.01292601627,27223.449580777935,-9.65,0.6802214203674997
2014-09-23,26340.797659427397,26394.39022893831,27158.39922735778,-9.36,0.6976441864111554
2014-09-24,26280.402060456105,26368.869064002964,27091.397177252733,-5.38,0.6963062319725558
2014-09-25,26263.05328294472,26315.87231787507,27019.387115444366,3.9,0.6841600211381916
2014-09-26,26402.337515156294,26280.061071300348,26954.323830925983,2.42,0.6992591031556413
2014-09-29,26324.71173788502,26268.975501685003,26899.278579102767,3.21,0.667996889663905
2014-09-30,26351.021273889222,26307.03667051904,26847.93676518438,2.47,0.6699110833686619
2014-10-01,26554.962345736585,26359.612267927667,26804.538101584527,3.37,0.6925002592683718
2014-10-02,26500.270199975002,26382.394059434533,26761.754961394206,1.46,0.6922797525282695
2014-10-03,25905.007378281793,26328.766247695312,26715.217754969934,-0.32,0.7371807917795696
2014-10-06,26261.896366890378,26328.600973973316,26679.608156043538,-0.44,0.7884990385132207
2014-10-07,26230.156796526,26304.003728454667,26643.52040918277,-2.99,0.788402709205779
2014-10-08,26117.191955177386,26274.358045210796,26598.322873193087,-2.76,0.7782404614550158
2014-10-09,26366.490139005047,26276.567883084663,26564.029738782036,-3.03,0.8041687835759009
2014-10-10,26349.43418419869,26247.206717150817,26524.020220695995,-3.15,0.7937439597516901
2014-10-13,26640.71666090044,26267.270497282967,26493.331039387795,0.47,0.8255070630062086
2014-10-14,26613.926730282674,26368.544690425908,26478.835621409366,-0.84,0.7565092639242506
2014-10-15,27012.051669814115,26475.709733700645,26471.582265165944,0.6,0.7976158050477083
2014-10-16,26925.114102637777,26574.98934885939,26468.44438915321,0.07,0.7871954915164778
2014-10-17,27030.640514165756,26705.482000143402,26468.624115635517,1.04,0.7905817170825925
2014-10-20,26994.482787652265,26795.19523566429,26476.65579212674,-0.71,0.76790875404618
2014-10-21,27088.865137974837,26900.828229060928,26492.151203403497,-0.08,0.7636320354748201
2014-10-22,26917.193388265154,26940.324904398727,26498.26294541415,1.33,0.7708593327950743
2014-10-23,26546.042386870784,26930.62714105419,26496.228558540843,-0.92,0.8078935319053852
2014-10-24,26617.448121021804,26874.255205512578,26501.804944609168,-0.01,0.8016306321871304
2014-10-27,26586.391741474385,26825.866296775108,26506.049662158202,1.94,0.8020388452737873
2014-10-28,26647.241925032442,26771.0950697562,26506.490042797974,2.91,0.7939439619720018
2014-10-29,26490.3599554061,26699.077522292468,26501.068166605506,3.96,0.8011476113116515
2014-10-30,25966.68482036374,26538.766048347843,26486.54730311123,0.28,0.8623308837683573
2014-10-31,25443.632244092743,26328.25731346623,26465.181941512663,-1.67,0.9110097557895844
2014-11-03,25392.223845512166,26163.426093272068,26438.69163090053,-1.67,0.9068625228070457
2014-11-04,25354.98871738973,25983.074749896037,26405.831332832637,-3.96,0.8975636931491886
2014-11-05,24826.53145059212,25731.666136912736,26357.368979170486,-5.71,0.9663811841089098
2014-11-06,24792.466460083702,25466.698213348696,26308.349418408485,-5.07,0.9661663452879895
2014-11-07,25435.861709402274,25316.05560677685,26276.13355821669,-4.39,1.0852591557529765
2014-11-10,25226.589049744107,25210.32763954545,26239.529468612,-6.85,1.0924765395489173
2014-11-11,25303.195506440425,25190.26524845218,26204.601943030393,-5.43,1.0946258670798086
2014-11-12,25201.935759974123,25163.081236232603,26159.501056838348,-7.41,1.0821339745625584
2014-11-13,25199.679029984072,25140.894138031774,26116.14801783866,-6.6,1.0824965137751728
2014-11-14,25812.681386595243,25281.772700318,26113.070484782445,-4.03,1.108580424738673
2014-11-17,25817.22977744471,25428.167459940803,26098.248265134232,-7.41,1.0774164448697199
2014-11-18,26164.882292972332,25532.31325759366,26096.072448349125,-4.14,1.1070536293374484
2014-11-19,26052.779159639467,25650.340416150168,26093.92535516452,-4.77,1.10702410197466
2014-11-20,26082.12277509377,25761.61574024361,26084.44644303415,-4.03,1.0925071163032516
2014-11-21,26224.724610475376,25907.728433172353,26080.28945724337,-4.53,1.0975366821586257
2014-11-24,26112.00854975557,26038.061221711072,26062.66585353855,-5.6,1.079374510624139
2014-11-25,26186.328906011084,26091.43943877039,26048.41259272949,-6.27,1.081179287691039
2014-11-26,26169.88986451787,26141.819451209423,26020.34053255295,-5.21,1.0411197503122587
2014-11-28,25707.27013560587,26076.446285871258,25979.745733651893,-6.76,1.0843022863166636
2014-12-01,26794.276597252374,26182.374491244555,25971.866936421455,-4.52,1.3451080244026068
2014-12-02,26272.556107303666,26209.57925298863,25947.802713743164,0.22,1.390351431823617
2014-12-03,26407.920461187972,26235.750088804536,25925.104557850213,-1.15,1.3924474160891778
2014-12-04,26415.107837492855,26279.049987052702,25908.368372824476,0.53,1.3885342372250065
2014-12-05,26003.743215157596,26252.966316930684,25890.29173376734,-1.78,1.39477576880218
2014-12-08,26158.33414962323,26251.31550051724,25874.987934720702,2.7,1.398679491514753
2014-12-09,26923.579267560428,26425.073947939225,25886.22751892352,5.43,1.5001678277207322
2014-12-10,26890.641187245583,26438.84031793821,25894.340827663927,5.14,1.5001168049047864
2014-12-11,26863.812414708176,26523.30550471028,25906.789242973984,3.49,1.495687455912209
2014-12-12,26998.95703882065,26607.739301514946,25941.198316922535,5.3,1.4471234271502282
2014-12-15,26691.17664213659,26647.177702178382,25982.783130190644,3.1,1.4105814384598332
2014-12-16,26671.565404061897,26742.58087202188,26025.427848808966,5.24,1.4096095530982815
2014-12-17,26885.353400258773,26846.440764969746,26076.44000490457,4.11,1.4128107451651302
2014-12-18,26837.31692374111,26834.1175729957,26143.466187342878,2.22,1.347669763461729
2014-12-19,26638.002350085968,26798.02631054446,26204.984050342937,2.34,1.3584473344804997
2014-12-22,26384.377829317033,26729.53565548866,26236.601254340076,-0.88,1.3002774060035338
2014-12-23,26337.039244556017,26634.975970593947,26273.616260833853,-0.78,1.2892779507028638
2014-12-24,26325.811023415667,26582.780882205283,26307.703444733037,-1.38,1.2894200552324508
2014-12-26,26848.683216792208,26608.08342688105,26362.595026626936,0.16,1.3279717218480513
2014-12-29,26575.379003284488,26563.8013701705,26408.451692403603,1.01,1.3466071181955959
2014-12-30,27022.412289130032,26590.243565225974,26448.776055821403,2.12,1.309905197624684
2014-12-31,26536.092457742077,26575.68500917671,26472.738145164647,-1.08,1.35790557626485
2015-01-02,26436.358815164556,26583.110864297887,26481.78736257106,-3.98,1.339689625723724
2015-01-05,26941.7988836317,26669.50509845146,26511.42135337082,-2.68,1.378858688692851
2015-01-06,27312.305952744282,26810.4329454984,26552.427459292485,-0.26,1.3977334661412373
2015-01-07,27215.896034036858,26862.8919193907,26585.46650674455,-0.25,1.3988700222887245
2015-01-08,27040.366080082244,26929.31864464762,26616.411757755464,-0.06,1.4024024168872755
2015-01-09,26950.251843140646,26919.01000950645,26641.87585565982,-1.07,1.404527065218273
2015-01-12,27180.86827266951,27011.120840210468,26675.575135931558,-0.49,1.4107331354419255
2015-01-13,27093.925137373906,27105.05888624037,26721.796969323852,-2.22,1.3674625213289722
2015-01-14,27054.646391622206,27121.1799588105,26730.47596246954,-3.76,1.13478001252818
2015-01-15,27770.17421378815,27186.589710388067,26780.396566019022,-0.86,1.166952642436133
2015-01-16,28024.51364012105,27302.106511257058,26834.283005316804,-0.43,1.1730617087761877
2015-01-20,28211.965516579217,27469.477859327835,26894.17826128633,2.12,1.1755583332840358
2015-01-21,28205.640636941454,27648.81911558498,26967.574842012487,2.02,1.1276835003152395
2015-01-22,28314.557690439284,27810.774746695002,27039.448960039703,-0.2,1.1263040885075117
2015-01-23,28158.8020699512,27962.90002277733,27080.623053452746,-0.13,1.0172654985788065
2015-01-26,27796.58815891241,28068.89170381879,27110.821285841677,-2.94,1.0498682699902542
2015-01-27,28082.092883812566,28113.451513822325,27151.43063481183,-2.07,1.0619786337086812
2015-01-28,27924.16639488775,28099.116193074733,27182.270946680754,-3.68,1.0676808145461367
2015-01-29,27221.393673704617,27957.605929807094,27199.94484773303,-7.77,1.1500226291522453
2015-01-30,27941.166305131133,27919.82388240551,27242.264877768666,-5.98,1.2415613235826761
2015-02-02,27988.839524388764,27873.292715826738,27279.047748573,-7.3,1.2356937489323623
2015-02-03,27500.003321994103,27779.178608975773,27301.13729518143,-11.31,1.2819913178446989
2015-02-04,27538.557275949468,27742.31705426664,27331.155792710186,-10.33,1.2723321116511561
2015-02-05,27609.12850556691,27674.750714517333,27371.980815251856,-11.99,1.2562899583474723
2015-02-06,26938.95784958481,27534.00663661691,27392.044768752778,-15.27,1.341329519511603
2015-02-09,27190.529836146095,27529.597516965652,27420.868729177117,-13.86,1.3499699405163867
2015-02-10,27061.66141383108,27403.953961065836,27427.968002411784,-16.22,1.3065069284841313
2015-02-11,26876.1993124402,27245.005359359086,27437.99534605034,-19.9,1.2986548455030744
2015-02-12,26917.71160922218,27161.82082896307,27434.50532338675,-20.02,1.2616992344960634
2015-02-13,26966.950031228826,27080.16265114583,27448.86724250298,-18.95,1.2155463069889254
2015-02-17,26569.22747760024,26931.60536143636,27453.296197917498,-20.0,1.2453558191416527
2015-02-18,26353.09179337893,26847.91021054983,27433.6726282424,-21.86,1.20153776772567
2015-02-19,26499.422256466332,26749.18055630981,27406.576505033114,-17.66,1.1766772630240674
2015-02-20,26478.91121012024,26665.930527208107,27382.01034423585,-18.2,1.1756607225885751
2015-02-23,26361.605273432135,26592.417093064105,27359.384984014185,-17.61,1.1729178000880118
2015-02-24,26316.562588792545,26506.538661574148,27338.262008869213,-14.84,1.1720738401502024
2015-02-25,26433.044048978176,26430.266378395525,27313.33453474616,-13.86,1.1631840415731391
2015-02-26,26470.03005978984,26416.095318708303,27292.538032160017,-10.93,1.1630310717172345
2015-02-27,26482.933090808016,26434.64407548388,27273.480922132854,-10.04,1.1631444771739754
2015-03-02,26331.92468886168,26410.715851540277,27225.53927130196,-10.73,1.047239095468612
2015-03-03,26357.704339820077,26393.40058435473,27169.97896129197,-10.07,1.0284235352756783
2015-03-04,26245.906266900132,26376.87215484998,27104.443652969352,-10.18,1.0158995606450028
2015-03-05,26351.248742001924,26381.8273195941,27042.630589804674,-14.42,1.0218933132771089
2015-03-06,25707.359386915818,26278.158082156577,26955.723979687195,-12.28,1.0920644205139316
2015-03-09,25762.27680540828,26177.050474387728,26875.839804202442,-12.47,1.095308608618901
2015-03-10,25713.3894176761,26067.115663940353,26806.399846161217,-11.86,1.0790983131169438
2015-03-11,25521.318252088528,25951.314744401458,26721.040691770428,-13.87,1.0548263987708406
2015-03-12,25569.48212204998,25838.711570434272,26642.551216009197,-12.5,1.0576089053843352
2015-03-13,25490.90077551825,25730.853643094055,26584.868119402974,-12.76,0.9703726668472196
2015-03-16,25727.043432050967,25641.68145595837,26511.064023633673,-12.83,0.8374784005390189
2015-03-17,25498.955034881677,25611.909405667866,26428.06787398346,-10.41,0.8404748703483539
2015-03-18,25497.34652103339,25574.06222218568,26361.312647284754,-12.8,0.7965759134263144
2015-03-19,25921.142079426354,25603.741173864208,26307.398807400652,-10.37,0.8674975641521683
2015-03-20,26181.2496417785,25698.017086676988,26259.802845274346,-8.77,0.8913837921011654
2015-03-23,26218.348494696264,25790.712282769116,26235.78253344471,-8.83,0.7843131098811396
2015-03-24,26224.142012275235,25895.46103087733,26203.569605982364,-8.53,0.7606860988511005
2015-03-25,26370.664884736285,25987.406952689536,26180.53638834587,-6.96,0.7673477554888976
2015-03-26,26620.879492457014,26147.681875200145,26172.025727679706,-3.65,0.7810200978157698
2015-03-27,26659.526774031678,26313.707625628584,26163.419566506705,-3.17,0.7809468199111319
2015-03-30,26194.657116491795,26352.781202352206,26137.676469348804,-5.21,0.8398992159848423
2015-03-31,26154.559628917625,26348.968343372057,26123.85420772601,-6.7,0.7985840646477306
2015-04-01,26620.497520311947,26406.41820417451,26132.767731957138,-7.39,0.8517283683344413
2015-04-02,26403.66109486526,26432.06378740152,26129.575693237097,-7.04,0.8596763518320868
2015-04-06,26745.847822332293,26485.661349915234,26138.473580310867,-6.14,0.8918456519403064
2015-04-07,26570.263720194285,26478.430525306347,26145.42886186956,-7.68,0.8966487820655145
2015-04-08,26511.598216487546,26457.297874228498,26151.930049459388,-8.16,0.8970810476170622
2015-04-09,26248.64597498543,26465.010568299196,26145.783446992995,-10.65,0.9123468916899309
2015-04-10,26546.782861964908,26521.04245873461,26148.341873732148,-9.68,0.9361479357445426
2015-04-13,26410.89830504499,26491.099713696432,26145.940714206732,-10.1,0.9410110628688042
2015-04-14,26319.219737168452,26479.036662596944,26145.517215816988,-10.06,0.937262834110095
2015-04-15,26478.46609255999,26440.83927262947,26149.54260757497,-9.68,0.94359255082002
2015-04-16,26433.5335880781,26421.306396612898,26155.796851614243,-7.91,0.9406054412298447
2015-04-17,26514.42503141378,26421.710227316777,26161.236061261345,-8.24,0.9394608396101196
2015-04-20,26398.822186712092,26443.16397184905,26184.284821254572,-8.71,0.8216962983342772
2015-04-21,26862.840147088562,26488.315012581115,26220.97026597727,-6.31,0.8761481700654203
2015-04-22,26393.456542534477,26485.823332222444,26243.63917013922,-8.89,0.9403584188901655
2015-04-23,26584.314914538118,26523.694071846614,26279.072392220856,-8.03,0.9334466022876666
2015-04-24,26303.266713816112,26498.665589168933,26303.53187861306,-7.87,0.9585967106694023
2015-04-27,27088.806550134355,26592.276012319806,26356.795404433582,-5.6,1.090087670434771
2015-04-28,27108.574657172518,26677.154530285192,26402.846445270938,-5.0,1.0818140785038013
2015-04-29,26969.010042130063,26758.60993820216,26451.848278845908,-5.99,1.0712519716766906
2015-04-30,26529.235079727212,26710.95207143628,26486.244564135744,-7.97,1.1215200395638654
2015-05-01,26385.62808440844,26709.833720275336,26501.727430968484,-8.06,1.0899986038112095
2015-05-04,26661.953766655326,26720.92498486356,26517.750901797725,-5.5,1.0913276113062929
2015-05-05,26835.269015277634,26796.92531364358,26538.314919150434,-4.2,1.0964715271994423
2015-05-06,26665.23228569306,26736.414704437768,26553.01792826435,-3.49,1.1042428101754633
2015-05-07,26620.39446080256,26666.674676385042,26561.342247466557,-3.55,1.1009256178012952
2015-05-08,26948.702254428914,26663.77356385626,26572.26967286567,-2.76,1.1102331189446175
2015-05-11,26656.815082416553,26681.999278525956,26572.17928314513,-2.42,1.1289682679419664
2015-05-12,27001.87151828125,26770.034054793417,26599.086429871433,-1.6,1.102577010113629
2015-05-13,27668.31719940659,26913.80025947227,26649.545015554442,1.19,1.1822334375567092
2015-05-14,27754.90518823454,27045.176855609086,26687.35860448517,0.55,1.14404109738995
2015-05-15,27481.5231968479,27161.789842916918,26723.287341217943,1.78,1.149383767910245
2015-05-18,27543.955739232846,27293.727168407026,26749.890938447974,2.3,1.1286890027228624
2015-05-19,27201.435511442978,27329.83191940907,26770.929998156305,-1.19,1.1472676937731887
2015-05-20,27270.454019665383,27417.494624730465,26796.225191595593,1.34,1.1461824628463373
2015-05-21,27100.791457128365,27431.62604456581,26824.63004100031,1.15,1.1359760307408329
2015-05-22,27098.967534109077,27350.290378094785,26843.03619673848,1.44,1.1195274144930147
2015-05-26,26691.091288647134,27198.31696386795,26852.37596285852,-1.78,1.151697079544328
2015-05-27,26831.725120088875,27105.488667187947,26869.459475622512,-1.14,1.1525801455339226
2015-05-28,26838.641420592823,27004.72947881078,26881.46531989028,0.5,1.1481631045925154
2015-05-29,26847.39762799509,26954.152638318017,26895.2607878875,-1.17,1.1474137081904505
2015-06-01,26785.16603697372,26884.825783647597,26904.285488072783,-2.22,1.147608531371291
2015-06-02,26862.690756161366,26850.811397795165,26919.74777372107,-0.14,1.1448680228101817
2015-06-03,26673.01219801665,26789.960635496038,26913.42017541863,-1.13,1.1069508308109213
2015-06-04,26617.3293311095,26779.42321299096,26920.88260170451,1.53,1.0586420205319107
2015-06-05,26432.52602180231,26722.394770378512,26915.82297194662,-0.7,1.058434324596943
2015-06-08,26455.586719926596,26667.67267028322,26920.900305483614,0.65,1.0399913284682536
2015-06-09,26637.14532734845,26637.63662733377,26905.84493139076,1.07,0.887730768934467
2015-06-10,26862.256623249585,26648.649568230445,26897.634330260007,1.25,0.9025552173947192
2015-06-11,26622.111835032338,26614.281150926436,26886.071056690067,0.02,0.9122319037546005
2015-06-12,26680.671779617704,26615.375376869524,26891.118946686387,1.68,0.8620910989407737
2015-06-15,26866.776903781425,26651.010744393938,26907.157240665518,2.31,0.8638189085621055
2015-06-16,26741.275784471356,26695.11785334668,26909.801307926016,-0.19,0.848481537468337
2015-06-17,26702.485564927596,26730.389116918403,26905.375192914405,-1.76,0.8402868216015457
2015-06-18,27196.155664792685,26810.247736553527,26923.072638884434,-0.17,0.8973651667629035
2015-06-19,27044.03519057449,26836.216103314287,26937.193996543498,-0.18,0.9037588183554288
2015-06-22,26579.33216029372,26830.10472120877,26924.88166007232,-1.2,0.9314763870351924
2015-06-23,26417.163113313694,26792.460626022625,26916.893261102276,-2.18,0.917135821032863
2015-06-24,26374.874957423464,26722.1889194,26895.993375740385,-3.17,0.8827223805618034
2015-06-25,26334.390552168825,26664.062457642918,26851.529154165833,-3.11,0.7406589881011482
2015-06-26,26344.707458336965,26612.95129955826,26804.522563169212,-2.68,0.7362799594879399
2015-06-29,26442.564250483614,26505.295383228255,26769.890598290414,-1.76,0.7261519380895491
2015-06-30,26401.508300208254,26413.505827461504,26731.809016989544,-2.17,0.7230914837141125
2015-07-01,26289.768417127583,26372.1395784377,26701.420113845666,-3.31,0.6948240566695303
2015-07-02,26148.253373018768,26333.723901252662,26664.01342562412,-3.41,0.6955251073003464
2015-07-06,26300.322342028296,26323.073527624565,26637.33112178743,-3.14,0.7013066072895933
2015-07-07,25824.7504073138,26250.267792644776,26594.85721756083,-6.52,0.7672893511929942
2015-07-08,26131.960629261357,26219.875388491368,26576.219528914677,-5.95,0.7618054714012499
2015-07-09,26053.400469452554,26164.280562629658,26550.27537389348,-7.06,0.7544787045187065
2015-07-10,25943.108542695452,26098.794882985098,26520.42427796355,-7.48,0.7564460336000541
2015-07-13,25882.18417531699,26040.568562726356,26488.250496207613,-7.05,0.7562796793596039
2015-07-14,25905.6920134279,26005.91693992753,26458.934695422773,-5.6,0.7569170085390865
2015-07-15,25691.584655993844,25918.954413351203,26419.89782541717,-5.99,0.7640755197509059
2015-07-16,25696.34528053979,25900.61082381223,26387.34226150128,-7.76,0.7571697230829806
2015-07-17,25409.94480749599,25797.46570641707,26347.0961107141,-8.7,0.7785282548128438
2015-07-20,24847.208539862004,25625.152573618507,26294.252194649478,-10.06,0.8602593245472923
2015-07-21,24828.141273065477,25465.871535100043,26240.004013087477,-10.29,0.8588755518606299
2015-07-22,24541.912243759296,25274.404116306454,26170.16291030124,-11.73,0.8584913256109372
2015-07-23,24631.716482965898,25092.407611954957,26095.811572291826,-12.01,0.841331645940303
2015-07-24,24513.230168672933,24924.071256623738,26025.515516746542,-13.96,0.8343756604580413
2015-07-27,24857.078193631318,24804.17595849399,25964.72906388032,-12.52,0.884808964881645
2015-07-28,24897.909791036174,24731.028098999923,25899.100160122165,-12.23,0.8707375265985653
2015-07-29,24670.072578589337,24705.722961675376,25830.060053259505,-14.91,0.8784019960735137
2015-07-30,24589.92844580432,24671.69255778087,25759.641482622053,-15.05,0.878171412560959
2015-07-31,24827.776676030247,24712.530333819133,25680.69551632988,-14.55,0.8174592998439001
2015-08-03,24649.892896187364,24715.12696427905,25600.890773183604,-15.0,0.8196785533465248
2015-08-04,24734.85257121969,24746.787307499773,25539.40812021444,-14.97,0.7827458808577588
2015-08-05,24504.352884335043,24696.39797760014,25475.647779248407,-16.51,0.7902108509427194
2015-08-06,24558.494276883328,24647.910047006928,25415.10175656378,-16.69,0.7947086724208764
2015-08-07,24660.666219300132,24646.566281394236,25359.310945468147,-15.29,0.803464834089374
2015-08-10,24888.316463615778,24689.193141081505,25310.764578977476,-14.97,0.8289319815461856
2015-08-11,25006.081466728123,24714.66525403836,25262.881819518905,-13.72,0.8314952527637784
2015-08-12,25552.12487848352,24843.555537223816,25234.56903879481,-13.43,0.937098089888622
2015-08-13,25568.141742593318,24962.596847420293,25210.51481631038,-13.08,0.9356007045364221
2015-08-14,25688.959578752438,25131.826375194425,25195.205023168153,-12.01,0.9370441040519943
2015-08-17,25762.37928170583,25303.80994731188,25177.273587824155,-12.72,0.9316583196250772
2015-08-18,25854.650456542022,25474.379124060273,25178.270256131764,-10.14,0.8740299703219403
2015-08-19,26110.43549506297,25648.967557124262,25177.552751658484,-10.11,0.8654124802832508
2015-08-20,26526.914747135354,25866.229454325246,25193.33656091454,-8.39,0.9106645382752704
2015-08-21,26845.669951458232,26051.021607607072,25223.421941206605,-9.25,0.9288196708762553
2015-08-24,26932.60573638437,26245.94503529157,25258.435993242263,-8.68,0.9270957055193352
2015-08-25,26892.05252087687,26417.815455595297,25291.314676823964,-10.28,0.9285554039016439
2015-08-26,26362.32020552156,26503.521301854402,25313.6725284749,-10.96,0.9905139638512723
2015-08-27,26220.644400964222,26555.806151057994,25331.14916582244,-10.62,0.9970894265591014
2015-08-28,26470.207904716885,26607.202209579624,25366.49126906308,-8.69,0.9835638879681224
2015-08-31,26470.383105649304,26599.126260796296,25420.59708792269,-7.7,0.8781148249979173
2015-09-01,26719.82703715313,26581.148701609778,25483.653280058876,-7.8,0.8861196676647038
2015-09-02,26603.580920485118,26534.145156480903,25552.37556928297,-5.98,0.8561510913814218
2015-09-03,26318.570481731284,26452.2191508886,25608.60403590848,-6.34,0.8902910021080994
2015-09-04,26219.810740713372,26431.860655916058,25665.490054976442,-5.54,0.8876041930908537
2015-09-08,26469.912660676706,26467.470407303423,25719.251203877975,-3.91,0.870750527326522
2015-09-09,25885.175882863507,26383.894404181945,25752.16007360555,-6.09,0.9767346226654315
2015-09-10,26131.56358576389,26335.49161562696,25800.876440511394,-3.79,0.9669933811741884
2015-09-11,25881.755572958064,26215.767120742374,25843.93734474989,-4.66,0.9854170007609149
2015-09-14,25946.964115141494,26121.964719979358,25881.243592720355,-4.9,0.9741890782299195
2015-09-15,25863.779550038438,26056.994586880184,25921.70648118208,-4.94,0.9646586688045449
2015-09-16,26293.9213939558,26067.581823057895,25973.675441940006,-5.53,1.0024257078708296
2015-09-17,26156.822346440964,26022.85463530996,26028.7577573436,-4.51,0.989030881153242
2015-09-18,26613.980197516925,26126.969537402903,26097.273954697946,-4.35,1.0274840456696857
2015-09-21,26392.466223205363,26164.241342751575,26155.000621494775,-4.87,1.0466085946178258
2015-09-22,26155.25922683745,26203.31329330536,26197.23204693546,-6.57,1.057906778725994
2015-09-23,26363.13059009308,26262.765646869582,26242.467017714305,-6.25,1.0626921120328676
2015-09-24,26997.442077945045,26424.717436570674,26290.644257696345,-4.68,1.0778078450329105
2015-09-25,26838.84239598441,26502.563294003052,26333.00094614265,-3.25,1.0869367324364523
2015-09-28,26487.74900189118,26549.838530495763,26359.627260247245,-4.68,1.117885621392247
2015-09-29,26411.75799156895,26520.94964393175,26381.273217242582,-4.17,1.1196359289379043
2015-09-30,26005.797981964846,26465.711323754596,26386.311468090116,-5.08,1.156779922443074
2015-10-01,25820.63071491142,26417.907250622553,26376.651308751727,-5.73,1.1496012141097238
2015-10-02,26387.91264150599,26421.447543681734,26372.01790523082,-4.37,1.1837045714877468
2015-10-05,26306.069394761493,26322.68001751229,26354.031220007564,-5.53,1.1622975233698147
2015-10-06,26412.25808147661,26261.73940115422,26336.68629817727,-6.06,1.1633002601222673
2015-10-07,26487.7120608895,26261.734123868602,26323.20828284435,-4.91,1.164835047239702
2015-10-08,26289.40180619336,26244.254668815327,26320.777669533465,-5.42,1.1155055660682145
2015-10-09,26578.712149566007,26326.09954990074,26332.713261153425,-3.99,1.1284662962753058
2015-10-12,26684.520676577922,26449.512401567506,26339.857020215564,-2.19,1.1177084814717875
2015-10-13,26709.25833595313,26495.418929345375,26347.819527892272,-3.59,1.1177432515891037
2015-10-14,27163.33737799818,26617.88578409382,26362.603205920506,-2.24,1.1471065014770923
2015-10-15,27243.731501434188,26736.66770123052,26383.941558618844,-2.04,1.1439606764449075
2015-10-16,27117.903274595083,26826.695017474038,26410.58598504762,-0.79,1.1280070654653611
2015-10-19,26844.988805427067,26906.064588793153,26431.425253871457,-1.55,1.1430757577728652
2015-10-20,27059.17376942403,26974.701963059073,26451.067290829742,-0.82,1.1393348231624019
2015-10-21,26838.03955428672,26996.63323130299,26482.829413210475,-2.13,1.0690952054219953
2015-10-22,26883.126401846104,27021.471526430654,26507.8815070798,-1.18,1.0577356515787903
2015-10-23,26762.241837419424,26964.172163490737,26537.23104922846,-2.28,1.0442606552279383
2015-10-26,26779.261897303862,26897.81936290062,26564.974308633806,-1.45,1.0439863669738045
2015-10-27,26781.275489669028,26849.7296793397,26595.557506621506,-1.31,1.0410284569337516
2015-10-28,27086.791602627247,26884.27293608231,26621.986513577154,1.1,1.0184799028831015
2015-10-29,26349.655747227393,26782.91321862542,26628.41429360335,-1.39,1.137334386876212
2015-10-30,26419.778772985417,26723.16167843927,26621.94091278563,-0.99,1.0914466012674184
2015-11-02,26276.20600811567,26636.458765049065,26618.065572282547,-2.23,1.085277133785597
2015-11-03,25826.1473302255,26502.730978306914,26607.095175728824,-2.98,1.1179735728930196
2015-11-04,25643.755363743865,26340.515759227,26583.116001517203,-2.3,1.1130813033742648
2015-11-05,25616.17890240541,26174.07338961799,26537.07389566588,-2.58,1.0087222777932772
2015-11-06,25332.283685597766,25923.429401471145,26486.855271986376,-3.08,1.020566877684503
2015-11-09,25444.30865245434,25794.09410221768,26452.07392700513,-1.94,1.0041833492523415
2015-11-10,25580.248064119085,25674.16114380849,26424.356929423535,-1.74,1.0108999521242263
2015-11-11,25392.479689244297,25547.914526827102,26403.912986332798,-2.46,0.9817939977290359
2015-11-12,25251.494911179612,25465.821324106306,26384.94179287503,-3.21,0.9786974907714285
2015-11-13,25245.758725346554,25408.96466147793,26346.869995669647,-3.86,0.8803981170743778
2015-11-16,25314.647870954737,25365.888799841916,26313.82261154279,-3.37,0.8830262745050063
2015-11-17,24906.051242357713,25304.998450807696,26263.61571690552,-5.05,0.9176009561169172
2015-11-18,24961.302335987093,25235.997548455638,26212.735392742106,-5.36,0.9165297172079483
2015-11-19,25190.64779887331,25180.340367706227,26176.110259164747,-4.44,0.9321335229165663
2015-11-20,25157.067240253553,25146.710017850357,26128.722095521043,-5.87,0.9023491441642728
2015-11-23,24919.49816862551,25099.281911771213,26069.88801192256,-6.69,0.9060166534287464
2015-11-24,25216.65021345619,25095.12355293014,26020.13440783943,-6.32,0.9408456318111766
2015-11-25,25100.573438229592,25064.541491112537,25951.375609847157,-7.12,0.8715363657995211
2015-11-27,24861.642717072507,25058.19741607138,25871.97265036839,-8.41,0.87390050474917
2015-11-30,25216.52784483152,25094.658203048897,25808.593469376243,-9.25,0.9282779827001427
2015-12-01,25021.730286810012,25070.52712989705,25747.818185422322,-10.65,0.9225648611753611
2015-12-02,24778.401000419683,25016.43195277825,25671.79242645552,-11.65,0.9110966451008665
2015-12-03,24990.730653626288,25026.60802206397,25610.215463100125,-11.07,0.9287302709581426
2015-12-04,25621.759777733525,25084.480816960335,25568.16990896302,-8.97,1.0549666074632817
2015-12-07,25366.82145369839,25122.516247741347,25521.6558961723,-9.09,1.0648766161734065
2015-12-08,25414.708683106954,25201.5256714608,25476.17078903243,-9.32,1.0660796881230956
2015-12-09,25470.176443877495,25237.7611856104,25432.46748750607,-9.25,1.0679732820099825
2015-12-10,25385.446134091868,25289.72059236467,25375.755971888204,-9.76,1.0395119038443745
2015-12-11,25435.733348643353,25383.625213538962,25345.291891935343,-9.96,0.9269313979304301
2015-12-14,25281.244877787285,25425.127245561886,25307.340762095402,-8.92,0.928314850145332
2015-12-15,25212.192612458213,25366.617650522716,25271.873648906872,-9.32,0.9255978762327839
2015-12-16,25506.3183420673,25386.54577743262,25261.212682634963,-8.58,0.9052583748756404
2015-12-17,24686.225611440677,25282.476767194592,25229.295024224866,-11.75,1.0700619725645943
2015-12-18,25059.700799242954,25223.83738938932,25210.74575411938,-11.42,1.110894907763615
2015-12-21,25347.978654039915,25218.484892238997,25211.268919734037,-10.93,1.1144374166924407
2015-12-22,25189.61324609138,25183.324877588875,25202.77907285529,-9.26,1.1171272596272477
2015-12-23,25053.22164627929,25150.750130230826,25185.211525593946,-9.05,1.115738035477127
2015-12-24,25202.049072055277,25149.301053030682,25178.863838354373,-8.87,1.1145556705151147
2015-12-28,24964.28050697765,25071.86707658906,25169.290024880942,-10.77,1.1232156650821554
2015-12-29,25201.448931163515,25145.47040797823,25167.813031741603,-10.18,1.1374437217799938
2015-12-30,24841.721771387885,25114.330546856458,25152.048828422776,-11.3,1.1654160188253346
2015-12-31,24919.53183885237,25053.123858972853,25152.49818163924,-10.46,1.1291371846573126
2016-01-04,25167.74732448315,25050.00015588584,25159.37968125567,-9.23,1.1429570321374534
2016-01-05,25400.604294346726,25099.626248467182,25166.378231104834,-7.03,1.1431289226471442
2016-01-06,25688.850270557847,25169.169276824487,25184.104332115003,-7.19,1.160049453597084
2016-01-07,26138.919255479082,25336.97481232509,25224.751701676847,-5.57,1.182484140551419
2016-01-08,25981.790441558347,25448.452170952623,25250.25637594685,-5.77,1.1741173794762658
2016-01-11,25919.61084217107,25602.436323921596,25277.557622744887,-5.73,1.1711288017709922
2016-01-12,25643.907023844196,25705.918493205947,25303.633099637304,-6.07,1.1748085862399202
2016-01-13,25737.63332409563,25787.330778864878,25321.0032822794,-7.42,1.149469558827155
2016-01-14,25421.841819951715,25790.364711094117,25334.340333384152,-8.8,1.163922332677247
2016-01-15,25980.532295705,25832.033571829223,25374.41137656023,-6.05,1.2099993581347968
2016-01-19,26099.326716357995,25826.37749481201,25411.364578651388,-7.18,1.204306858999877
2016-01-20,26533.13175972712,25905.140540264547,25441.743644717833,-6.46,1.1549631836211163
2016-01-21,26412.145141132394,25975.502582973135,25476.587767632307,-6.83,1.1410794765622583
2016-01-22,26311.773947417078,26070.912143483758,25506.48994310933,-7.0,1.144977258672966
2016-01-25,26423.14737502929,26168.84272218868,25538.25564081433,-6.6,1.1461825733398538
2016-01-26,26872.7251653196,26376.111771526612,25587.831608521938,-5.46,1.1776704621164862
2016-01-27,26750.012300436938,26486.037486488265,25631.64090691507,-5.66,1.1836949398634327
2016-01-28,26906.10396899572,26601.2913797221,25685.802876622107,-3.82,1.1765043976378675
2016-01-29,26884.73400000219,26651.520271190042,25741.554256206877,-3.61,1.174264893953089
2016-02-01,27072.720282391885,26745.88814851269,25793.767654217656,-2.82,1.1643456318418557
2016-02-02,27063.103765975666,26853.220979735255,25872.996926035485,-2.59,0.9708727878297532
2016-02-03,27441.177908665322,26998.65391311209,25952.379496349644,0.51,0.966146929549145
2016-02-04,27808.936416422515,27132.398377555288,26034.41142176241,1.75,0.9724572143550708
2016-02-05,27665.107321635995,27263.126237726636,26116.927890947212,1.29,0.9690695078259309
2016-02-08,28724.105574764202,27522.840752836317,26239.290688563386,4.55,1.1474531018356744
2016-02-09,28859.441193211693,27804.94178043785,26361.20375926855,5.34,1.1471889364211985
2016-02-10,28700.6085991501,28037.497254260416,26485.74802900764,4.18,1.1327722106590836
2016-02-11,29963.200570145284,28451.796797713,26644.473083640263,8.71,1.339181316435473
2016-02-12,30006.508454043505,28818.27258990971,26816.632639728734,10.93,1.2873929492071647
2016-02-16,29106.998806724885,29003.71007423901,26956.21487199118,6.89,1.448203611081092
2016-02-17,29342.155072390724,29243.28832434703,27095.36179692149,8.6,1.4465180904706263
2016-02-18,29640.530072477017,29374.206109734518,27236.69265619243,9.68,1.4474937441844538
2016-02-19,29835.861379652517,29513.694707797575,27374.926359828933,11.52,1.4431925385537072
2016-02-22,29317.081608095355,29601.762280504085,27480.865104916073,10.12,1.4798650358831968
2016-02-23,29642.90209737366,29556.00535582272,27602.902160109952,10.88,1.473181129049071
2016-02-24,30053.332165417312,29562.694457447422,27740.692870884763,12.95,1.4767794313673548
2016-02-25,29941.799186355573,29681.951654537446,27883.95594296853,13.2,1.4566893911703371
2016-02-26,29678.472977046033,29729.997069488145,28015.31726473359,12.17,1.4790403189471906
2016-02-29,29992.29929175458,29780.249815099472,28167.665847127017,12.61,1.4462231882527796
2016-03-01,29682.020590248612,29758.272559470362,28291.048790278535,11.36,1.4406019969730268
2016-03-02,29735.405288915514,29818.03308530205,28412.251409363747,12.62,1.4414764083491756
2016-03-03,29966.737121255705,29864.295231570624,28526.704921414705,14.88,1.424688029788616
2016-03-04,30154.607654623727,29878.763158600246,28651.45367186442,15.15,1.4155172113319736
2016-03-07,29900.35540346739,29872.842618187624,28771.07305373276,13.51,1.4273834863925279
2016-03-08,29926.094219221413,29908.217081355728,28887.837948539232,13.87,1.4288209242173826
2016-03-09,29933.894298922944,29899.87351095091,28989.876919659353,13.98,1.4098500218695948
2016-03-10,30205.372161646927,29974.63802115034,29105.055581699686,14.4,1.4042577367043008
2016-03-11,29962.54951855572,30007.0871968131,29206.937100018313,13.82,1.421267223315397
2016-03-14,29447.87418587716,29932.963920330894,29292.375106214236,11.75,1.4697383147141823
2016-03-15,29230.146201497344,29800.897998455912,29364.28930351784,10.07,1.4801795266389082
2016-03-16,29284.442508416392,29712.910442020213,29438.333928265918,10.51,1.4791741091439314
2016-03-17,29886.40861861383,29707.2410705047,29519.841618597507,15.37,1.5011426392643332
2016-03-18,29536.84989289476,29650.520441072327,29577.438734479994,12.47,1.5108332335598935
2016-03-21,29197.459608582136,29506.532933491682,29628.51714404486,11.31,1.5256809605806505
2016-03-22,29364.310195962404,29421.070173121458,29649.857298084844,12.43,1.3654292085477693
2016-03-23,28893.53732277248,29341.87919267746,29650.993835736812,9.58,1.397220116124012
2016-03-24,28898.842718892345,29294.550123733603,29657.601639728247,9.68,1.3931606784974444
2016-03-28,28865.50803431289,29234.702341718334,29621.01188853383,8.35,1.1227819933585614
2016-03-29,29237.003286071533,29141.930151355053,29595.361716268086,9.86,1.1510202335861859
2016-03-30,28797.269051795647,29036.27574548338,29585.03739110368,6.61,1.04817418557148
2016-03-31,28968.60978919886,29003.58291414327,29572.585881663985,7.59,1.0430108879634674
2016-04-01,28635.084179845253,28899.407768983394,29539.07101857625,5.94,1.0425557994877486
2016-04-04,28584.066323628296,28855.197626248533,29497.3445167087,5.89,1.0324253775154473
2016-04-05,28730.38759853697,28831.132609054977,29477.788049723455,6.06,0.9930874254441615
2016-04-06,28737.23089649943,28812.807303653233,29447.599009694284,6.76,0.9682959395673266
2016-04-07,29087.689998102956,28791.476833943278,29415.410937450455,9.57,0.9600101354645469
2016-04-08,29344.027949389045,28869.585247885436,29395.485229551545,10.24,0.9751204356001735
2016-04-11,29574.942991632102,28956.204276804412,29392.034230037778,11.24,0.9744460472661579
2016-04-12,29525.356197394412,29083.385993597232,29376.469460225726,10.8,0.9537488156874813
2016-04-13,29240.986741100132,29177.231767521906,29361.768331920728,10.38,0.9512880420606306
2016-04-14,28820.69206234727,29190.13240520922,29331.27789103513,10.99,0.9833573644260875
2016-04-15,29060.103457115743,29236.257056725877,29301.056768897175,14.21,0.9850252445044061
2016-04-18,29078.866662709315,29234.996580241514,29265.198735833415,14.52,0.9760707881544783
2016-04-19,29428.045071780885,29246.999026297457,29249.455058110507,16.06,0.9947500823984136
2016-04-20,29349.863536717945,29214.84481845264,29230.247368693723,18.22,0.9951847731130453
2016-04-21,29243.551005639834,29174.58693391617,29207.235925584286,17.95,0.9965508984795963
2016-04-22,28902.09194140979,29126.173391103213,29163.7932515764,13.63,0.9981890260836226
2016-04-25,29203.801338640784,29180.90328771621,29138.50164557919,15.77,1.0128457290515929
2016-04-26,29304.43359081826,29215.80759253087,29133.720292410504,15.81,0.9668336032288519
2016-04-27,29360.00459014829,29255.970153593593,29138.04890536554,16.5,0.957558355586946
2016-04-28,29697.45604932545,29294.45743610018,29151.81602339583,17.85,0.9792532000257905
2016-04-29,30291.46495145329,29428.97192391913,29165.31790115709,17.35,0.9753891153869618
2016-05-02,30411.535180778286,29595.826806081724,29194.47407741981,17.8,0.9494554148784294
2016-05-03,30296.12558868393,29794.974469978362,29231.096276756623,15.79,0.9245685243993405
2016-05-04,29987.22348116432,29906.8919189104,29251.860052929944,15.1,0.9436509961985168
2016-05-05,29955.06628846151,29999.83944714495,29287.244351786252,14.85,0.8899465411490183
2016-05-06,30453.38834410068,30156.0371262809,29339.062539293245,16.12,0.9328575365474744
2016-05-09,29806.775351885564,30171.6541695036,29370.438116545727,14.15,1.02243775137816
2016-05-10,29823.505976898417,30104.802887424295,29389.988206239916,13.89,0.9980705816563352
2016-05-11,30051.193815198618,30053.325549484365,29431.785698353375,14.83,0.959801830648165
2016-05-12,29916.122102880865,29999.039337226855,29463.369442142794,16.37,0.9619182254838367
2016-05-13,30025.771252137634,30004.54616165161,29509.72567788586,12.06,0.9326611830418114
2016-05-16,30128.284576973823,30029.291631439435,29561.199619664127,14.68,0.9309413801610067
2016-05-17,30183.24590739983,29990.699854767747,29609.62822995956,14.3,0.9288286280360694
2016-05-18,30120.96383576016,30035.583923892784,29655.75266126829,14.03,0.9310150318404734
2016-05-19,29789.34224286417,30030.703390459395,29679.14106942701,14.56,0.936423984218628
2016-05-20,29886.994221387973,30007.24630562961,29697.23994516035,14.25,0.9255587501164624
2016-05-23,29832.076850349273,29995.239840982216,29705.811073784284,10.8,0.9163823611572656
2016-05-24,29313.592068780934,29893.499957645578,29698.75226949714,9.01,0.9714316610571769
2016-05-25,29272.621944252784,29771.262438685233,29699.806776268906,8.97,0.9553478723086448
2016-05-26,29041.54541429165,29608.162368241166,29707.168554667012,7.57,0.9284912422566697
2016-05-27,28741.3469527179,29411.074242092138,29696.54333785375,7.68,0.935392586814389
2016-05-31,28841.92877600902,29275.729461113257,29688.64540829708,8.14,0.9378620190917243
2016-06-01,28815.07847616072,29122.598640366323,29668.213188443086,7.18,0.9089471118914689
2016-06-02,28848.57949481981,28982.09901814748,29651.503720379744,7.49,0.9087308186850932
2016-06-03,29512.33400198235,29010.490722890412,29660.463153591132,10.79,1.0027311201190063
2016-06-06,29487.37643422014,29041.16993574319,29679.9726366849,11.76,0.9770946597471899
2016-06-07,29398.58410127932,29092.175462455623,29686.46539543954,11.62,0.9616718637728412
2016-06-08,29745.47378994446,29235.622153488122,29701.166735410443,12.99,0.9830525750550717
2016-06-09,29877.37766247187,29383.543422982628,29718.412504487856,11.28,0.9853454045942754
2016-06-10,30056.677341973682,29560.91468952756,29730.386547576138,13.1,0.9694373118624805
2016-06-13,30408.981357941968,29783.829241402447,29734.30376112585,12.53,0.9224888497131039
2016-06-14,30532.4152867361,29929.555139224445,29738.3330979911,15.06,0.9226256177149229
2016-06-15,30602.647269279965,30088.87954423257,29748.550487344215,15.76,0.9202938213624788
2016-06-16,30744.656467642988,30281.17559657033,29773.79825356019,14.12,0.901185166569345
2016-06-17,30766.224419085465,30426.997115019178,29800.836857914426,12.65,0.9004476813785672
2016-06-20,30596.767786543474,30529.767132743662,29805.616172662503,12.42,0.856975777541098
2016-06-21,30163.0130568953,30544.957949161,29817.490762829533,11.55,0.8042020291624422
2016-06-22,30317.11952547606,30531.834830237287,29833.94454778222,12.49,0.8087368823136665
2016-06-23,30072.46173398083,30466.12717984404,29834.653478408356,10.64,0.8123106702682253
2016-06-24,31390.4799469444,30578.67470522491,29883.798739877097,15.86,1.134272553931607
2016-06-27,31746.930137046933,30721.856657996774,29941.170702707394,17.34,1.1475578025080937
2016-06-28,31594.56030160855,30840.19035549994,29990.046560195213,13.77,1.1536583310015487
2016-06-29,31700.007695209926,30997.796056737858,30040.605286455528,13.12,1.1540684723126473
2016-06-30,31433.562840703475,31179.30316871032,30084.358586620292,11.42,1.1669345531627233
2016-07-01,31910.055439664244,31406.86544216584,30155.04902651372,13.13,1.1680985088542817
2016-07-05,32253.69960202099,31718.47085188595,30233.93920586817,13.91,1.1780925968872222
2016-07-06,32547.05345311538,31883.695638481528,30324.438425960267,15.58,1.1807675274689384
2016-07-07,32420.566740385955,31979.92943895874,30428.004248347133,16.64,1.1249388395562383
2016-07-08,32383.196060412847,32092.591690216213,30531.690052219106,15.32,1.1245856217116361
2016-07-11,32170.0939252238,32159.74686593243,30635.975002583487,15.21,1.1202720027087578
2016-07-12,31680.020647340665,32194.955124023236,30733.930792404215,16.38,1.1444000363480968
2016-07-13,31746.563136476016,32171.599080710537,30830.751937753088,13.62,1.1446063265181583
2016-07-14,31548.087949054727,32070.797416001027,30921.852253516267,12.72,1.1554057191640335
2016-07-15,31355.52717845361,31900.579376764064,31005.417176304138,14.02,1.1671394104858035
2016-07-18,31539.033050878486,31774.64599254887,31072.973811267442,14.53,1.1053399055115785
2016-07-19,31615.45686517751,31664.968964658146,31143.909825632596,14.51,1.1037679868359251
2016-07-20,31345.15586641035,31547.12067054212,31208.795551137006,16.36,1.1176469109923277
2016-07-21,31603.47688969797,31536.185848022145,31270.728987795486,16.23,1.1089612660033799
2016-07-22,31423.023247996185,31489.96586395321,31322.25050731289,16.12,1.1169729112665292
2016-07-25,31329.04611687233,31458.67417364142,31364.6627998095,16.57,1.1172147141757363
2016-07-26,31483.259586931843,31476.921660566437,31400.472074109068,16.96,1.102442999620696
2016-07-27,31567.136510473636,31480.93644050828,31434.962781567003,17.06,1.1014961962012353
2016-07-28,31598.645547944845,31478.53482376092,31468.162724189213,18.93,1.1012917368894792
2016-07-29,31968.007753257432,31567.51366473894,31508.94110037635,21.31,1.1164630335003567
2016-08-01,31853.303844038455,31603.20322964447,31545.177081208054,20.2,1.120077672737985
2016-08-02,32209.420743065366,31715.545728940517,31598.932179758824,21.64,1.1269406768143804
2016-08-03,31977.51311019711,31808.183870844012,31659.41551486887,21.3,1.0997610739729027
2016-08-04,32081.548243356297,31893.653678904688,31718.229805464794,21.91,1.0984770606280672
2016-08-05,31590.9625796445,31897.057403072184,31768.846500320236,19.51,1.1286792996865687
2016-08-08,31517.214574579924,31885.424406877053,31773.070987908046,19.07,0.8019828015830646
2016-08-09,31630.164036885784,31837.16101882394,31769.178784569354,19.44,0.7767456770262927
2016-08-10,31750.13260083756,31822.42226979509,31774.36452787692,20.58,0.7746338479152332
2016-08-11,31695.751692601913,31749.040976871336,31774.2226611233,20.25,0.7730500266798395
2016-08-12,31529.063174798186,31684.976700385767,31777.40600559314,20.13,0.7632924900314073
2016-08-15,31710.928572633773,31632.031033139676,31770.76844335869,20.34,0.7174087922245578
2016-08-16,31935.682555503798,31681.276743976665,31760.167875141404,24.23,0.7009877927190349
2016-08-17,31747.812451221074,31714.219297782653,31733.52650841164,23.23,0.6848708779518939
2016-08-18,31971.637472862585,31763.00121720827,31718.56219949424,24.34,0.6969086016686514
2016-08-19,31675.561317703487,31752.348176760865,31694.974374737343,24.11,0.7152432053103004
2016-08-22,31757.230669209246,31761.130887704767,31681.212266203514,24.2,0.708845553523752
2016-08-23,31854.47640482025,31807.61849199342,31687.027458119515,24.96,0.6534129850337232
2016-08-24,31442.656614682266,31769.29392657216,31676.8972407264,22.22,0.6946770752750384
2016-08-25,31354.577817342833,31686.278963977737,31670.446903002634,22.96,0.6872952027151473
2016-08-26,31315.668784706068,31624.544154475843,31669.118289877722,22.82,0.6785265266879247
2016-08-29,31406.577431910155,31543.82129148234,31664.70310257872,21.16,0.6718278486582139
2016-08-30,31122.587301295884,31464.825003423863,31648.27411711601,18.87,0.6892569938395089
2016-08-31,31025.618924039434,31360.309039828502,31637.62288570367,18.34,0.6743542177403953
2016-09-01,31080.945622144252,31249.80464230318,31620.20517678509,18.52,0.6561465312166281
2016-09-02,31230.480483249234,31219.493766383934,31613.787084626903,18.43,0.655648695850408
2016-09-06,31716.442466558612,31271.188716271627,31626.700296283016,19.14,0.7132199285525814
2016-09-07,31499.20756704852,31297.408542320132,31627.23189562025,18.15,0.7200261507069523
2016-09-08,31425.777461831127,31300.15140373739,31622.519927332178,19.97,0.7195288285273344
2016-09-09,31258.107045958437,31319.51136726088,31611.168643932666,19.51,0.7253889809909707
2016-09-12,31197.48955024986,31344.064313862473,31585.48470383249,17.19,0.689260360075105
2016-09-13,31124.600151143328,31350.30067514841,31561.19458073601,17.88,0.6878856348146208
2016-09-14,31310.7160745797,31361.762902481216,31531.237758453066,17.07,0.6628892984223029
2016-09-15,31011.12231009088,31261.002880128897,31499.024731782825,16.71,0.6719725550358415
2016-09-16,30871.909189396443,31171.388826178652,31458.703429984176,16.45,0.6699364308544994
2016-09-19,31153.824710197463,31132.538433088255,31444.13216766926,18.69,0.6413101738636844
2016-09-20,31107.414776476497,31111.01096601944,31430.472174399223,17.18,0.640636813020257
2016-09-21,31429.27317552282,31144.12291248675,31423.775812353815,19.0,0.6665718550676142
2016-09-22,31647.687703605443,31218.849705695575,31420.360982446124,20.25,0.6755084363334045
2016-09-23,31506.584924365958,31246.83096995098,31414.055423504982,18.99,0.6796365603372454
2016-09-26,31600.505258340116,31331.028533986635,31416.436826289693,19.55,0.675025700354181
2016-09-27,31232.791841543967,31382.583198579294,31400.49893525342,17.8,0.6989746387186523
2016-09-28,31002.593698892673,31360.978768392866,31369.395973366376,17.44,0.694809223584864
2016-09-29,31005.921204228165,31346.479686642862,31344.66626513327,15.42,0.6887691601210001
2016-09-30,31033.431686650212,31289.930902518332,31313.392738926163,17.58,0.673681951432812
2016-10-03,30806.921092419154,31169.821386634772,31284.438064750037,15.88,0.666269083988198
2016-10-04,29727.560637244285,30915.675059902882,31216.782397017876,13.02,0.9083904558819131
2016-10-05,29790.19552826458,30657.05938417784,31147.973034466057,9.97,0.9066631136193277
2016-10-06,29421.049814059912,30398.239094537283,31080.58614111195,8.53,0.9045220044708469
2016-10-07,29454.587874112545,30177.09540528272,31017.253143004204,9.22,0.9064377816637935
2016-10-11,29461.768946895314,29956.502225663513,30955.456481743728,11.05,0.9072948274903219
2016-10-12,29555.761240726017,29745.406447674013,30893.76260870422,12.01,0.9078443773829313
2016-10-13,29656.59395768849,29581.073999855136,30844.896163917332,11.23,0.9029083804285326
2016-10-14,29596.581392808584,29562.362679221802,30797.26157954298,10.29,0.9024825847391337
2016-10-17,29592.374518742534,29534.10253500406,30747.64254276293,10.98,0.9007274496881024
2016-10-18,29778.27014704246,29585.134011144615,30699.23553155611,11.86,0.9047257435918381
2016-10-19,29925.51370911736,29652.40913043118,30639.537906308098,11.05,0.8548994790293334
2016-10-20,29825.7516000633,29704.406652312726,30583.756040742,11.89,0.8502779958474023
2016-10-21,29924.556713845654,29757.091719901455,30533.7153491425,10.82,0.8552516851920653
2016-10-24,29863.56194333175,29786.658574993588,30487.230512388298,7.93,0.8523923020380204
2016-10-25,30063.106191424224,29853.304974795454,30449.417733760674,8.32,0.865242110591951
2016-10-26,29871.717134487946,29893.21106275916,30407.654966538772,8.7,0.8701857048958747
2016-10-27,29982.012230909982,29922.31707474004,30363.364838416503,8.85,0.8645424006231636
2016-10-28,30179.321934421932,29958.575392640596,30335.638159227496,10.95,0.8622520564623409
2016-10-31,30029.99943078857,29987.75365417238,30307.574500607203,10.12,0.862956442567523
2016-11-01,30329.17402197162,30045.55612676165,30280.08614433296,11.91,0.8664078766455723
2016-11-02,30816.1492761087,30181.640031443643,30270.377294320613,13.72,0.9195806019925922
2016-11-03,30750.903913187634,30279.896848838776,30247.76498557615,15.21,0.8978494786963914
2016-11-04,30736.381976059463,30403.420397635018,30217.388127991308,14.55,0.8862305331709674
2016-11-07,30192.36393827182,30433.470641543823,30173.580761788166,12.5,0.9359597643410202
2016-11-08,30053.976738033845,30415.564184917403,30122.02981111134,11.94,0.9340034487136513
2016-11-09,29807.586231470326,30383.790870729303,30074.522957442205,11.28,0.9233490531564086
2016-11-10,29765.70641573458,30303.295498409974,30033.293381336953,10.81,0.916701552069677
2016-11-14,29172.588940092115,30068.501164693385,29972.182305865736,9.37,0.9769695694877473
2016-11-15,29338.47629640882,29866.725790867848,29915.6837928577,10.22,0.9857212562982176
2016-11-16,29312.19856861075,29663.271018375242,29865.859708730753,10.89,0.9803731295744961
2016-11-17,29247.33310072562,29528.266613011383,29849.852124180146,10.55,0.7507196590839638
2016-11-18,29052.132565803448,29385.14601697826,29825.25002543144,9.07,0.7572329822390955
2016-11-21,29162.07852265328,29292.9306300043,29816.617649051175,8.56,0.7289715548932908
2016-11-22,29215.318979339994,29214.303853376634,29808.642019225532,9.74,0.7295358398993623
2016-11-23,28758.4720252603,29155.14429411505,29785.198788504425,7.79,0.7816180788941863
2016-11-25,28644.859092177277,29056.05612208162,29754.83538355281,6.62,0.7799962347419079
2016-11-28,28846.541113083065,28989.533628434474,29727.833622065933,7.87,0.7898479107894751
2016-11-29,28800.86909554881,28925.75305626648,29701.309878823908,7.86,0.7896713673635875
2016-11-30,28408.017401889465,28833.73660427864,29661.831308262175,4.46,0.8230831849981768
2016-12-01,28305.13269294772,28711.315771463727,29612.72672645897,4.66,0.8112863677807087
2016-12-02,28349.647906239734,28587.648475306374,29560.19786636308,6.66,0.8041278034238836
2016-12-05,28237.99503861211,28513.294620071138,29507.272647648057,6.89,0.8046089001195121
2016-12-06,28084.469192835808,28433.23892016549,29445.936396947753,6.48,0.8013242635909495
2016-12-07,28141.747764005944,28332.554156011767,29388.542590970173,6.86,0.8048518220688713
2016-12-08,27897.02555432844,28203.43365012322,29316.33990306705,5.89,0.796937568579781
2016-12-09,27638.551157536283,28093.509900930203,29241.90103716875,4.52,0.8035692364918906
2016-12-12,27758.71663445636,28015.450464002788,29167.791183953606,5.14,0.8054135008598947
2016-12-13,27579.094348547413,27905.371384332222,29081.116931091125,4.9,0.7895775610720317
2016-12-14,27675.836197758526,27825.06297849598,29002.644823323564,5.84,0.7973225383240865
2016-12-15,27050.37660201611,27677.335465521686,28893.35157599176,2.85,0.8396982077874612
2016-12-16,27240.303026498405,27548.557645877558,28774.156701004755,5.48,0.7802248862704795
2016-12-19,27361.0359288907,27471.987699386264,28661.161101528134,4.7,0.7949113757011737
2016-12-20,27147.204601396938,27401.795334223127,28541.521855705978,4.2,0.795441107634862
2016-12-21,27160.32873969259,27316.31134925676,28440.454015753294,4.69,0.7565663631470939
2016-12-22,27076.557650830382,27244.52039244026,28341.20671284646,4.61,0.7563167324674944
2016-12-23,27155.919446384552,27170.246570815467,28252.817820010336,4.83,0.759479188598219
2016-12-27,27258.92995021526,27200.0399062724,28169.258604492992,6.1,0.7692819956439276
2016-12-28,27388.241790225882,27221.174015376717,28109.7803661642,6.58,0.7106154130600016
2016-12-29,27893.80370725227,27297.283698000014,28061.624613192304,9.78,0.7923012126461623
2016-12-30,27628.801678715132,27366.083280473948,28005.511383529007,11.19,0.80494557564537
2017-01-03,27961.111006051007,27480.48074709677,27962.637313706553,12.62,0.8442965353147412
2017-01-04,28098.97086417929,27626.539777575326,27930.865256985773,14.49,0.8461816636205917
2017-01-05,28322.526598065986,27793.197942100996,27902.880192832898,14.98,0.857793186064129
2017-01-06,28072.0616625255,27909.359615288144,27864.771615605678,14.52,0.8679975306170672
2017-01-09,28521.37062678254,28071.23516336722,27856.86823565637,14.74,0.8798586003521284
2017-01-10,28519.14113892569,28160.569082177644,27852.67763721471,14.54,0.8770609781468781
2017-01-11,28887.13491691,28340.330973348446,27854.030764008934,17.09,0.8997789416457775
2017-01-12,28891.39538155066,28473.22874127701,27857.048306875677,17.49,0.8992263959848364
2017-01-13,28800.20444960155,28573.404967765724,27870.12120846609,16.0,0.8634716212679463
2017-01-17,29187.6208585772,28696.9898621243,27899.537480653697,18.41,0.8912349675674726
2017-01-18,29087.186891577567,28842.007751989044,27924.1221134983,17.6,0.8949379882517642
2017-01-19,28964.224370707678,28905.272572549857,27948.329757901407,18.2,0.8954915282489813
2017-01-20,29000.359696304426,28974.01808074649,27978.859441350276,18.09,0.8874981211760975
2017-01-23,29252.392902251933,29026.197792938245,28015.880945958444,18.62,0.898148161555802
2017-01-24,29128.192323453786,29060.025927495743,28056.9198382626,17.04,0.8845903988737377
2017-01-25,28863.212062828425,29069.027015099568,28097.741868438945,15.42,0.8838907477836291
2017-01-26,28594.618384094993,28984.31237588823,28125.605260093635,11.91,0.903568932723405
2017-01-27,28634.915836455744,28919.70222515666,28160.79930969067,11.99,0.892399937838388
2017-01-30,28741.374553618294,28887.866537000984,28196.317254885907,11.88,0.8925879862797186
2017-01-31,28988.79666359802,28886.214675185936,28260.931256938602,12.52,0.7791069106501235
2017-02-01,28780.65906562338,28818.82412709615,28312.276458242784,11.32,0.7926999692974324
2017-02-02,28999.945092290847,28800.503094072854,28366.90676368947,11.07,0.7983736717657798
2017-02-03,28986.91458857464,28818.174883465148,28428.23042992875,9.27,0.7783118621706298
2017-02-06,29213.378161547902,28906.569137386978,28496.66541065735,8.82,0.7841627696324415
2017-02-07,29329.713965145525,29005.82601291367,28571.770621134467,8.9,0.7775146045707457
2017-02-08,29474.06597500528,29110.496215969324,28649.042172088473,9.6,0.7785698623454275
2017-02-09,29250.202912032022,29147.839965745807,28715.417937482398,10.95,0.8008218099454082
2017-02-10,29138.01994704166,29198.89152023409,28773.743876042838,11.13,0.8073946672689544
2017-02-13,28944.57733570264,29190.98184072173,28808.76966365787,9.35,0.7606970048814501
2017-02-14,28963.79265717459,29187.678707664567,28853.269362939893,9.42,0.7332529105771102
2017-02-15,29087.61473069846,29169.712503257073,28890.819487094755,8.86,0.7084786167650688
2017-02-16,29322.91990123135,29168.741922698384,28931.617788329844,10.22,0.7163012197908011
2017-02-17,29397.165527176698,29157.756144436873,28967.439085966846,11.7,0.7060776946057027
2017-02-21,29307.345239266844,29165.91933404175,29008.615205191574,11.78,0.6850976061842675
2017-02-22,29177.136910021683,29171.50747161039,29030.474081299577,10.23,0.635294132039448
2017-02-23,29585.698938124213,29263.096271956074,29066.0260079395,14.3,0.679250118168382
2017-02-24,29641.350538638268,29359.890255022263,29091.166528663784,13.43,0.6428603863340765
2017-02-27,29631.88665076922,29437.643386461372,29115.849570971106,14.49,0.6431000864402856
2017-02-28,29544.54952027002,29469.304760609353,29140.661073326693,13.87,0.6426608715983088
2017-03-01,29462.537178226972,29478.64356790217,29149.824950648348,13.91,0.5999931917475853
2017-03-02,29128.10819725453,29453.038276185947,29151.18899417085,10.78,0.633576243596631
2017-03-03,28971.188965241123,29423.617141217524,29151.421147322035,10.76,0.6366330712282119
2017-03-06,28916.326421491496,29327.99249598437,29148.620038161676,8.65,0.6371403957416302
2017-03-07,28647.807282111404,29186.057745052236,29128.46718415705,8.55,0.636370930149001
2017-03-08,28471.47422882634,29020.284541917168,29106.576581002773,8.86,0.6410019767952553
2017-03-09,28391.036566859028,28855.496977144056,29090.837397803738,7.69,0.6227743573870839
2017-03-10,28315.011302746327,28691.564709218484,29081.51716175874,4.88,0.6019812706214633
2017-03-13,28271.970354706467,28569.25930314032,29069.418979033704,5.34,0.6014719283169425
2017-03-14,28126.36062948244,28448.569540889137,29048.918514895937,6.19,0.6022890071098836
2017-03-15,27916.590232361967,28305.750085299038,29013.1783005214,5.7,0.5878936822545502
2017-03-16,28463.64420833579,28279.4410747593,29002.611138611785,9.45,0.6891247144686866
2017-03-17,28446.286399791887,28275.84281346894,28984.155848861858,10.17,0.6725024276994128
2017-03-20,28561.928160898675,28300.255898331958,28969.989634605994,8.24,0.6779281250510644
2017-03-21,28792.818393516885,28368.51405415631,28955.970975671586,9.45,0.6790879172321211
2017-03-22,28937.32253355199,28463.56436541996,28942.89126128517,9.56,0.6816851450702869
2017-03-23,28824.40213332111,28563.284580253596,28921.2357998956,8.82,0.6768325533383596
2017-03-24,28889.501958402292,28702.27196968826,28909.212434774636,9.89,0.6661455742957082
2017-03-27,29033.370849632192,28783.661489873593,28905.724131527666,9.24,0.6698659909958699
2017-03-28,28876.52139317202,28845.123631784958,28903.455600109944,8.21,0.6660726564360847
2017-03-29,28861.62778789387,28887.937864213116,28900.050104467322,8.06,0.6659805442605269
2017-03-30,28522.902029754554,28849.378383675325,28881.226347769178,5.01,0.6933342867500658
2017-03-31,28580.00817787795,28798.333475721734,28856.462623657288,4.9,0.6756164308644159
2017-04-03,28663.168589152505,28775.300112269288,28831.996059056495,5.7,0.6763000501908014
2017-04-04,28795.27774056339,28761.83950972078,28814.927142433076,7.27,0.6820186345686721
2017-04-05,28650.98877221966,28707.21349866209,28797.388871173065,5.88,0.683210079213496
2017-04-06,28759.293311849684,28690.466629901635,28769.84201696391,7.16,0.6314840830690958
2017-04-07,28647.248507407054,28659.841018403215,28736.705282589544,6.56,0.6314415131386727
2017-04-10,28432.57376635082,28646.93698077436,28696.728186442208,6.24,0.6418159779274851
2017-04-11,29030.979235225106,28711.36141753835,28679.609176940718,8.41,0.7599358260812017
2017-04-12,29149.42129289311,28780.82608950138,28669.171980762978,8.84,0.7633324690332123
2017-04-13,29332.585314250082,28857.58431431385,28675.98788466292,8.29,0.7431538817825469
2017-04-17,29391.309217320308,28963.344377899277,28689.99189306547,11.54,0.7360033038346598
2017-04-18,29422.997746137884,29058.159297083104,28706.88093722028,11.37,0.7346607418402932
2017-04-19,29261.65836767571,29145.932134264283,28727.342640072355,11.36,0.7201435326548612
2017-04-20,29307.847707230154,29270.97126867569,28755.221756019197,13.48,0.7083858924820834
2017-04-21,29439.651268357033,29329.35298769442,28790.175579402472,14.8,0.7074024909305963
2017-04-24,29165.362681151575,29331.63032887397,28818.520625349258,13.86,0.7300829952229893
2017-04-25,28820.287048425216,29258.444862327404,28836.79784847324,13.77,0.7658160591601748
2017-04-26,28722.730449453502,29162.933609775133,28856.676842472207,12.88,0.761858613695279
2017-04-27,28611.658911393668,29047.02806195457,28879.845798439907,11.85,0.7513017146004047
2017-04-28,28683.90936051179,28964.4924895029,28887.187970179195,12.96,0.6639753795101293
2017-05-01,28481.81865623749,28846.488339360803,28888.372378727297,12.79,0.6772079215068272
2017-05-02,28487.967109085712,28710.533459464885,28885.90701033349,12.84,0.6729983113876203
2017-05-03,28242.00945302673,28578.62585544746,28867.546712317195,11.56,0.6724132690786745
2017-05-04,27851.823834879127,28440.273967797733,28831.363422361388,11.83,0.7050663910677154
2017-05-05,27795.893896084817,28307.868745887918,28797.079814453547,11.36,0.7034553848457163
2017-05-08,27867.041742637513,28201.494864637298,28762.99780726135,10.62,0.703985241381422
2017-05-09,27661.444047078076,28055.428391289497,28717.26691384291,9.95,0.7028734322680926
2017-05-10,27828.026381145508,27962.029494848102,28682.317080108696,11.67,0.7123816735160302
2017-05-11,27912.554579864496,27879.827704959684,28650.681306507686,10.69,0.7165135142635771
2017-05-12,27910.05917868357,27832.406237196177,28630.25321147206,11.19,0.6878136213089138
2017-05-15,27880.17445544834,27836.456325849253,28606.925420724478,12.14,0.6859349462938429
2017-05-16,27969.852252319815,27861.307519597136,28583.81487616338,10.92,0.6865302421860078
2017-05-17,28417.91988383044,27940.004396910113,28571.236280938858,13.57,0.7464826836804168
2017-05-18,28432.929179098,28050.216558627253,28563.967627834776,14.75,0.7415514578698184
2017-05-19,28739.66855288846,28180.451154590184,28563.31346920269,15.0,0.765272460021704
2017-05-22,28734.78710887694,28297.912944448846,28566.231422585002,12.15,0.7617376952091486
2017-05-23,28623.253737548475,28399.79788142975,28572.587421624983,12.84,0.7520653516348248
2017-05-24,28739.032378997592,28522.49187050813,28562.855859750758,13.08,0.6466150934305844
2017-05-25,28761.493798923282,28635.583520022887,28549.924943285063,12.92,0.6416671215133312
2017-05-26,28935.497848778807,28709.523229301507,28536.68869443598,13.98,0.6408379451120315
2017-05-30,28793.52176180581,28761.036455402416,28516.762445918845,13.2,0.6441853230667157
2017-05-31,29068.86480107808,28808.064490858465,28504.95801441694,14.98,0.6702002144436137
2017-06-01,28901.502477255955,28831.880972055453,28492.952818069607,14.63,0.6709376809654226
2017-06-02,29067.34297746475,28895.32229204316,28484.93599374406,13.96,0.6793929238034703
2017-06-05,29139.051840288972,28952.4679293707,28474.916012808557,18.04,0.6754987819687993
2017-06-06,29455.066217053693,29051.549703389406,28484.572797338664,17.54,0.6831540349643084
2017-06-07,29392.118716605546,29116.781255935985,28503.633852944648,15.95,0.645420812000834
2017-06-08,29076.722203609494,29157.238461907953,28515.433578083168,15.43,0.674628163239993
2017-06-09,28820.78253555795,29121.798138261907,28522.40436555532,15.04,0.6912802564187597
2017-06-12,28825.85188517325,29110.99091082173,28527.135783044,14.38,0.689961966769972
2017-06-13,28860.253748436124,29081.406735246204,28539.75028611732,15.61,0.6764437591405155
2017-06-14,28969.617404175904,29057.201815801007,28555.80529595365,14.95,0.6791361303578148
2017-06-15,28415.85530474863,28908.743114043027,28561.60015767763,14.39,0.7513048208436197
2017-06-16,28631.52398679384,28800.086724070035,28587.59016274152,14.9,0.714011805420009
2017-06-19,28335.163839091394,28694.14981485318,28605.565827508395,12.59,0.7416243475952616
2017-06-20,28302.932406153253,28620.17122493844,28620.095516292255,11.43,0.7414432192605832
2017-06-21,28376.533501131846,28555.982884361274,28643.931831427417,10.46,0.7269192185135682
2017-06-22,28477.28155386779,28501.27257085166,28665.57367051815,8.95,0.7222719296277282
2017-06-23,28695.528436920038,28462.1170041013,28691.672799086697,10.44,0.7320985968794311
2017-06-26,28428.39169559593,28463.90791707965,28708.95054965044,9.68,0.7555818649312195
2017-06-27,28396.863605280254,28430.38500543471,28726.173521311455,10.74,0.7556120987358418
2017-06-28,28478.99746982605,28450.932666968554,28743.145028561725,10.65,0.7552539988180216
2017-06-29,28386.604611197105,28462.885839117425,28742.101186140626,11.66,0.699741078687876
2017-06-30,28426.627655750148,28470.042146920092,28741.89113536241,9.42,0.7001612982626236
2017-07-03,27827.44084197363,28377.20775950647,28711.483544998617,6.62,0.7694069150656554
2017-07-05,27954.52639872824,28271.350325479038,28685.474854660406,5.36,0.7760976800777903
2017-07-06,28005.480605747136,28210.93445550065,28664.88241693365,6.03,0.7754980941539742
2017-07-07,27660.470864387775,28105.73549251631,28628.930366446697,5.13,0.7982076968153815
2017-07-10,27697.0201463563,27994.024446305953,28593.44791136111,4.82,0.7987405327017639
2017-07-12,27797.029412263357,27909.799417886883,28555.498963477214,3.44,0.7922952485024383
2017-07-13,27686.872875714165,27804.12016359557,28518.610667274148,3.5,0.7910028512186812
2017-07-14,27947.706356925675,27821.30095144574,28481.238719135647,3.87,0.7903366837261678
2017-07-17,28019.871827000512,27830.636012627077,28451.851030793787,4.22,0.7887093777028221
2017-07-18,28236.037768148864,27863.57275011284,28424.14085714991,4.3,0.7953317805287662
2017-07-19,28227.90694897717,27944.635047911,28393.769360772767,4.3,0.7928537166293735
2017-07-20,28290.85221423703,28029.4682004654,28354.962227345506,3.1,0.763423114387956
2017-07-21,28534.130080008388,28134.768295857524,28326.362606125575,2.61,0.7843151277813806
2017-07-24,28585.384024822688,28263.127031444437,28309.98466683266,3.33,0.7635587899388883
2017-07-25,28492.73159370376,28340.987779555577,28299.049635437503,-0.81,0.7494275068687157
2017-07-26,28467.449441801527,28404.927438813127,28287.102887325113,-1.36,0.749419584161071
2017-07-27,28663.477066882722,28465.99019577514,28280.54366460666,-0.13,0.7606882202702183
2017-07-28,28792.090188361613,28546.587801401638,28274.62609074625,-3.91,0.7620551104806861
2017-07-31,28723.68116806121,28608.420509090913,28284.88695285668,-4.28,0.6749037568792385
2017-08-01,28889.45302240224,28659.180929433023,28293.484587376937,-0.75,0.6689971678804153
2017-08-02,28811.159024328423,28691.434500791132,28309.351093551515,-1.81,0.6409243247732751
2017-08-03,28534.380050924374,28697.38428039423,28317.066015043856,-3.73,0.666856610174972
2017-08-04,28345.662092102797,28679.986087580346,28316.03696807623,-4.99,0.677005017448579
2017-08-07,28329.213245340878,28632.234113074308,28311.101357791944,-3.37,0.6736981458653436
2017-08-08,28362.00251368738,28570.793016692358,28299.983827017495,-4.32,0.657959166664228
2017-08-09,28679.46397543226,28564.47627488843,28308.352903012063,-4.57,0.6682879714597069
2017-08-10,29004.42068419092,28580.900226572794,28328.60480564249,-3.13,0.6971192092849026
2017-08-11,29209.061309679135,28637.74341019456,28352.940266970916,-1.58,0.7056644564288108
2017-08-14,29103.50944066053,28719.047608728386,28376.837094619746,-2.96,0.706438658064833
2017-08-15,28907.577816583736,28799.32128365391,28392.868766647454,-2.61,0.7197520851685427
2017-08-16,29020.261250871434,28898.042427301407,28432.629446944098,-2.41,0.5940013047935938
2017-08-17,29189.53655970871,29016.261576732886,28473.79645231006,-2.59,0.5967597491933175
2017-08-18,29186.566637752563,29088.70481420681,28513.165986710166,-3.21,0.5973896209209845
2017-08-21,29250.75582547368,29123.89554867574,28566.175485413023,-2.17,0.5383462204078057
2017-08-22,29158.6746114162,29116.697448923653,28614.897300915047,-2.56,0.5460715487632709
2017-08-23,29199.31472000605,29130.38391740141,28661.64014450647,-2.45,0.5449375767425566
2017-08-24,29121.054499710466,29160.880586419786,28709.44619863977,-3.59,0.5408647569007149
2017-08-25,29270.58577221342,29196.64123232556,28753.54217914939,-2.31,0.5251981807914737
2017-08-28,29641.80610325152,29261.251167117483,28807.60665502449,0.66,0.5630142423139999
2017-08-29,29623.00052139466,29323.598864781005,28853.838746799403,1.34,0.5538033072003228
2017-08-30,29601.570987412182,29373.715316486145,28899.62754808056,1.08,0.5543758896650821
2017-08-31,29779.934283281233,29462.466698181415,28949.263617048786,-0.36,0.5601639984636532
2017-09-01,29937.60897443416,29567.93730595708,28996.046246863032,1.36,0.5493277259760521
2017-09-05,30324.052740435785,29739.794197489107,29054.00187071686,3.86,0.5867700273543426
2017-09-06,30238.811864429616,29878.11221066277,29112.204546407735,2.98,0.5854993531509894
2017-09-07,30452.466706242547,29993.920868232846,29178.371788555756,5.4,0.5899578545519836
2017-09-08,30441.75670862386,30110.886037837183,29237.64777661388,5.34,0.5851936564327392
2017-09-11,30093.518974569975,30181.164321716875,29281.028736154116,4.25,0.6324234350700348
2017-09-12,30048.702985612177,30219.559850620903,29325.19613007245,2.78,0.6307573446549896
2017-09-13,29948.175684783968,30221.069380670786,29360.486885485177,4.0,0.631548038686328
2017-09-14,30037.324583628808,30180.10821541239,29401.359070795155,3.69,0.6278697834938022
2017-09-15,29958.457456528857,30140.057585712522,29448.82831764867,4.62,0.5978538848434294
2017-09-18,29622.46821938213,30021.486373303724,29491.38852189121,3.63,0.6250486536536561
2017-09-19,29663.85135710675,29910.357037372356,29535.876458950093,3.25,0.6238331784681759
2017-09-20,29834.54645534516,29873.36096319769,29584.961257005358,3.82,0.6284527456125564
2017-09-21,29341.069155102883,29772.270415982497,29607.0147629944,0.87,0.6855016623976438
2017-09-22,29639.65432108368,29728.19593545369,29628.189217557385,1.01,0.6796766276579602
2017-09-25,29990.03858033883,29721.440792126847,29654.221793246023,1.4,0.7001959459293214
2017-09-26,29936.73256461644,29718.337236139392,29681.995897377903,1.39,0.6969058328428329
2017-09-27,29661.359204224784,29723.893091117166,29707.12194363264,1.44,0.7076701744122336
2017-09-28,29789.454051045406,29741.83633310827,29732.76170363836,3.36,0.7083293922982631
2017-09-29,29621.979796608768,29711.469667574125,29747.176478201647,1.93,0.7116685695312048
2017-10-02,29388.54252212201,29718.25157714795,29753.909007680664,1.06,0.7279764992094063
2017-10-03,29486.025583393937,29696.30461462108,29761.75133294463,0.2,0.7292905007606133
2017-10-04,29479.11346561768,29623.315312518072,29772.43262808472,0.44,0.7264850177529114
2017-10-05,29200.923408697407,29518.199718814874,29772.486251041046,-0.15,0.7479191813541428
2017-10-06,29325.68250137505,29470.24590412208,29779.30718442984,1.47,0.7500041605905035
2017-10-09,29653.48497387581,29450.821750241197,29792.070491152008,1.54,0.7713583618170068
2017-10-10,29857.24577370623,29484.4311755406,29799.251813500374,1.89,0.7465091642151405
2017-10-11,29666.30694240952,29524.111807010537,29800.695360867554,1.04,0.7562567767184516
2017-10-12,29824.02612408398,29572.397598537482,29808.110532089944,0.43,0.7620714122191269
2017-10-13,29939.75034711262,29638.202867322736,29813.437734217692,-1.16,0.7574847771947132
2017-10-16,29731.468398164434,29713.995008675116,29806.566381675253,-2.24,0.7621164993194748
2017-10-17,29354.732800601643,29718.145051421863,29774.255717014148,-3.11,0.7534209489583141
2017-10-18,29389.77087599125,29680.471608866537,29745.95435073289,-1.99,0.7537496952212069
2017-10-19,29601.207916769366,29643.89477216133,29717.579057750354,-1.18,0.7542233007887491
2017-10-20,29321.47644756323,29594.63327289692,29680.236382381492,-3.72,0.7699989070019697
2017-10-23,29418.50925806469,29536.702292036796,29657.736058497925,-1.3,0.7493079652480216
2017-10-24,29325.13795326789,29448.900521486998,29633.617224086447,-1.67,0.7505278512879859
2017-10-25,29354.456276669152,29395.041646988266,29613.82657714933,-2.32,0.7496081363738902
2017-10-26,29037.754459001393,29349.75902675944,29580.507572995128,-2.94,0.7685964142125787
2017-10-27,28980.535268013205,29291.29679704883,29547.91016671136,-3.48,0.7682406576594162
2017-10-30,29231.66654766226,29238.505172891277,29534.88344432078,-2.98,0.7635044238558015
2017-10-31,29054.882028894823,29200.42025593881,29514.584466713666,-3.74,0.7694891126437965
2017-11-01,29140.060251019422,29160.641826361418,29491.434926569462,-3.26,0.7630713207523836
2017-11-02,29106.50817549751,29129.409000966167,29483.616227249306,-2.29,0.7026396811029016
2017-11-03,28890.278105938378,29063.097833718573,29458.637020077804,-3.33,0.685931992649705
2017-11-06,29271.820793783503,29096.535881544864,29434.696427192663,-1.88,0.6951462275082484
2017-11-07,29095.23495399384,29112.921550969993,29406.6465068385,-0.74,0.7015541605807145
2017-11-08,29535.67928691152,29156.351942291218,29402.457176261396,0.9,0.7421312075562123
2017-11-09,29512.37974266683,29221.708758544708,29393.22136598217,1.62,0.7374534410950389
2017-11-10,29235.236070211235,29235.305304143047,29380.329908435542,1.72,0.7499623410482257
2017-11-13,29434.687899044846,29282.18812179246,29381.868087666357,2.06,0.7475019107013446
2017-11-14,29657.511514320937,29391.79289441875,29387.584285363926,2.92,0.7578162148698684
2017-11-15,29530.510664242996,29428.748590197945,29389.29752531797,2.36,0.7622457398023418
2017-11-17,29883.785425278773,29541.39865752416,29412.059592537335,1.26,0.7701460996818953
2017-11-20,29257.382881491412,29501.64202817849,29409.782938541222,-0.78,0.8630951261398039
2017-11-21,29460.954765221573,29494.29560282933,29403.3652649194,0.21,0.8474762959943436
2017-11-22,29581.96396464494,29543.82815917794,29394.18920461759,-0.55,0.8410213555848803
2017-11-24,29386.963090367622,29537.010329366796,29384.877742882818,-1.64,0.8415228185698164
2017-11-27,29533.38176116899,29519.277507488216,29375.18959745243,-1.74,0.8407784925108229
2017-11-28,29503.053473829237,29515.355051715458,29360.633035009603,-2.98,0.8371468174690675
2017-11-29,29232.30044535108,29422.285768868667,29343.994103249162,-4.26,0.8440457852424956
2017-11-30,29004.522259335634,29386.162822845792,29332.32041854014,-5.22,0.8243134257948335
2017-12-01,29170.35562785663,29344.64866036496,29325.0065769357,-5.12,0.8313746384698515
2017-12-04,29072.03620147271,29271.80183705368,29307.36751975914,-5.51,0.8212155510946799
2017-12-05,28711.977849333125,29175.37537404895,29287.050899818292,-6.16,0.8338130251556806
2017-12-06,28741.74622846896,29062.284583663302,29264.492132165284,-4.71,0.8311046381695157
2017-12-07,28515.828454446284,28921.25243803752,29237.515148871393,-5.94,0.8401876508347155
2017-12-08,28422.848852877196,28805.616496256418,29206.461568078397,-5.49,0.8404694064803535
2017-12-11,28358.08608760821,28713.26847172422,29183.80595569859,-9.66,0.8205572781491375
2017-12-12,28185.6448377896,28572.59550171452,29157.30960802436,-11.22,0.8260671757739663
2017-12-13,28430.76596339502,28480.98546770428,29130.612921882173,-10.01,0.826191659552692
2017-12-14,28520.53969289474,28453.6371596413,29112.801510682206,-10.03,0.8234751319543849
2017-12-15,28511.952451515583,28420.80947721856,29091.864584031948,-9.29,0.8208245684972743
2017-12-18,28601.046365103215,28432.983464454966,29075.015857018778,-10.37,0.823709776665599
2017-12-19,28624.037308560906,28461.72467240904,29066.14116377284,-11.25,0.8136577972313925
2017-12-20,28678.358058404094,28507.477811093842,29046.35907259335,-11.89,0.7742811396031037
2017-12-21,28668.520455361046,28576.460042175437,29032.135255972295,-11.57,0.767590243074539
2017-12-22,28871.91665655089,28639.481569769127,29010.00983496035,-10.84,0.7240267887822872
2017-12-26,29069.225931859593,28717.865318192966,28995.2380412668,-9.64,0.7370784303652145
2017-12-27,29142.932548254972,28808.005332013327,28992.161257201682,-8.01,0.7192967286339057
2017-12-28,29343.430445839298,28914.060200690157,28989.11934209491,-7.57,0.7194877497470114
2017-12-29,29595.578637144234,29052.851819059677,28987.054912855725,-6.19,0.7234687332867303
2018-01-02,29672.914161020704,29194.931262290902,28991.801696081708,-5.37,0.7204875475322562
2018-01-03,29539.65067146307,29319.37843601938,28980.33053762118,-6.34,0.6897110784005458
2018-01-04,29592.386961700573,29422.302765325778,28991.497340294718,-6.4,0.5701206044800768
2018-01-05,29589.458495494197,29496.621702988232,28995.780797970543,-5.6,0.5565052820771532
2018-01-08,29502.579875479692,29547.999892591364,28993.134661664815,-6.65,0.5541304681445874
2018-01-09,29434.945696648847,29561.073499849863,28994.734081874292,-6.33,0.542123684387514
2018-01-10,29648.631432934635,29568.652470677025,28998.575737599782,-5.36,0.5507662960294403
2018-01-11,29778.512852075743,29583.73799797041,29007.75771687453,-5.41,0.5556277649818189
2018-01-12,30025.694138093488,29653.172778918273,29034.204173299422,-4.88,0.5440718569474963
2018-01-16,29999.463306894388,29711.326542517967,29067.368874884894,-5.06,0.5200592342992245
2018-01-17,30281.740633586352,29810.223990816092,29104.415041742475,-5.27,0.5354112147822376
2018-01-18,29930.762169152502,29871.39288991264,29133.039240665235,-6.04,0.5791746757956499
2018-01-19,30084.004387946552,29964.115560097354,29178.773458618918,-6.6,0.5255012543633975
2018-01-22,30044.708045121664,30020.69793326727,29222.20551917404,-6.04,0.5280567475778245
2018-01-23,30175.739535298646,30077.444602300013,29277.53588853578,-5.94,0.49980185975004593
2018-01-24,30569.946966547046,30155.19500636416,29349.105825657894,-3.23,0.5296535117649742
2018-01-25,30633.332474736802,30245.747744627297,29424.94737189561,-2.8,0.5221801488284429
2018-01-26,30388.201327968793,30260.95641525409,29498.365921568373,-3.93,0.5342191848410085
2018-01-30,30069.45490411757,30280.76966310612,29552.988886258998,-5.29,0.5713383178243203
2018-01-31,30198.108762320142,30297.070288017392,29608.907855240006,-4.73,0.5725641950047669
2018-02-01,30267.7673648704,30328.935905123395,29667.4350190185,-4.0,0.5710490033732348
2018-02-02,30175.31711070191,30328.875558752035,29719.91071053843,-4.84,0.5779902373028818
2018-02-05,30233.730706358052,30280.84466443956,29773.56715713168,-5.33,0.5776843605160921
2018-02-06,30162.679544468792,30213.60853154425,29823.04454000071,-4.99,0.5827255782838695
2018-02-07,29677.619052950315,30112.096777970237,29856.681159920492,-7.18,0.6665655955097137
2018-02-08,29900.003312609566,30087.88940775501,29890.950715122373,-5.61,0.6678246642288524
2018-02-09,29925.40983944118,30048.932418772154,29919.490178708485,-5.77,0.6592632649230871
2018-02-12,30071.04208933929,30020.82880798195,29950.42716341118,-5.6,0.6625142696275844
2018-02-13,30193.517526796673,30023.428867424172,29978.76339944303,-3.97,0.6559714381341242
2018-02-14,30800.42772855573,30104.385584881264,30018.925035823384,-1.77,0.7313778945819316
2018-02-15,30615.62792906666,30169.092496966678,30050.34882809172,-2.24,0.7430877513393667
2018-02-16,30576.262648122687,30297.470153419035,30084.90256064708,-2.64,0.7370967344918101
2018-02-20,30313.523510215848,30356.544467362975,30108.940445597716,-2.6,0.7581933698752396
2018-02-21,30510.229355119143,30440.090112459446,30139.6328075851,-1.66,0.764918866363198
2018-02-22,30538.10955159549,30506.814035639167,30174.150463455666,-1.75,0.761220867930777
2018-02-23,30509.52209402537,30551.957545243204,30209.969676701476,-2.31,0.7594890075540737
2018-02-26,30450.04939094627,30501.903497013664,30236.683608635267,-3.99,0.7528335063051877
2018-02-27,30138.242435640826,30433.70556938116,30248.67459475423,-4.32,0.7765859557763817
2018-02-28,30198.53739908865,30379.744819519776,30254.43603678743,-3.91,0.762965728832964
2018-03-01,30061.34817317234,30343.71977137029,30256.49886566326,-3.83,0.7677048241481772
2018-03-02,30439.22129914275,30333.5757633735,30261.74822118183,-2.43,0.7829425951424602
2018-03-05,30387.20557852365,30312.018052934534,30276.96300149411,-2.37,0.7517846270398322
2018-03-06,30658.23022564886,30333.262071738285,30296.103862751028,-2.08,0.7628973186300527
2018-03-07,30430.193743386186,30330.425550657725,30308.953386026373,-1.87,0.7764366674303239
2018-03-08,30290.765364687406,30352.21454052095,30312.787580339114,-1.88,0.7780849263628303
2018-03-09,30441.301530751483,30386.895130757774,30308.49939914594,-2.29,0.745118860819816
2018-03-12,30313.68031980516,30422.942580277366,30297.844327314942,-2.55,0.7475542924012354
2018-03-13,30453.926007413214,30425.04325288747,30300.03514996295,-3.1,0.7383186313686705
2018-03-14,30364.48438972067,30421.797368773394,30309.86946614981,-4.05,0.7134299856704174
2018-03-15,30194.29035263377,30355.520244056625,30309.742185826846,-4.17,0.7174722942986329
2018-03-16,30150.53600947098,30315.569139211304,30305.83447398022,-4.59,0.7166219545139639
2018-03-19,30300.563676444905,30316.96889803452,30310.009359505028,-2.98,0.7202124049116019
2018-03-20,30236.67885280682,30287.73708689958,30310.107631053277,-2.47,0.7205646801386473
2018-03-21,30468.490289640707,30309.852796876006,30320.30132255902,-1.73,0.7322759104261917
2018-03-22,30526.34658812029,30320.19859411993,30348.59224039788,-1.63,0.6633905435650885
2018-03-23,31093.746920834466,30424.378955706954,30388.38369400526,0.93,0.7287568383679767
2018-03-26,31141.816334715422,30559.73981029008,30428.930577181032,4.76,0.7287090377619381
2018-03-27,30688.81215122529,30636.63640196941,30449.522912577293,3.02,0.7807810540392707
2018-03-28,30391.460765224798,30649.621700366693,30456.121020524948,3.3,0.8005055963177568
2018-03-29,30478.0176104503,30684.098665745132,30445.374016588183,3.47,0.7098033564767682
2018-04-02,30901.95568835648,30746.022294132836,30454.918275231124,4.89,0.7470269952330092
2018-04-03,30704.085972288078,30771.41363472811,30459.17905270333,3.89,0.756641603043327
2018-04-04,30662.179687955242,30709.761172888535,30470.80092529456,3.39,0.739091363392364
2018-04-05,30440.36003728551,30609.55313039784,30468.471948033322,2.85,0.742614210541583
2018-04-06,30552.170029991456,30590.032827364546,30468.940630646546,3.24,0.7455518053634047
2018-04-09,30673.42240834628,30630.31306209628,30474.403974457335,3.01,0.7487038546712941
2018-04-10,30787.88498223814,30674.579829493803,30485.66516083355,2.88,0.7502481884540657
2018-04-11,31147.069393322738,30709.596073060162,30519.292726089556,4.43,0.7497760701441967
2018-04-12,30856.762404566696,30731.406991957552,30541.23355960548,3.12,0.7733382547462742
2018-04-13,31045.074051540716,30786.106186756067,30574.024422217906,3.96,0.7726480142883768
2018-04-16,31069.23069191142,30875.944851702876,30595.024735310177,3.35,0.7416724551252176
2018-04-17,31173.656460514576,30964.728627492274,30621.23976471002,4.36,0.7417478302021592
2018-04-18,31383.627890244727,31066.186553477175,30645.419686863075,4.67,0.7346232625673613
2018-04-19,31440.99587192497,31159.48810914691,30679.11309114769,4.18,0.7180597088400302
2018-04-20,31254.75081229096,31174.871168999798,30711.245939401288,4.08,0.7221364705432288
2018-04-23,30961.126375683583,31189.780307730394,30728.573434232425,2.08,0.7427155146664454
2018-04-24,31333.39122781819,31230.968475769674,30762.563797832776,1.68,0.7653643101490774
2018-04-25,31032.178753225427,31225.67534167213,30781.83888935993,0.91,0.7867982104152322
2018-04-26,31146.870626690816,31221.848793982394,30807.91843059212,1.34,0.7856691119512811
2018-04-27,31237.925895587803,31201.034223317034,30842.70628202384,3.46,0.7767809488939985
2018-04-30,31005.92779140406,31138.881640385305,30871.219341421624,3.17,0.791243247231825
2018-05-01,30640.043786815513,31051.06635103162,30882.535345100612,2.79,0.8206426205417113
2018-05-02,30767.871645025272,31023.45853236637,30900.24177150801,3.37,0.8220219785697569
2018-05-03,31094.227542569148,30989.292291616755,30921.09967993895,6.59,0.8324095300678139
2018-05-04,30946.691500186407,30977.079826896745,30935.111177007853,5.48,0.8379601873799786
2018-05-07,31004.745416861104,30956.776225493424,30932.14446020896,5.77,0.7659593513160428
2018-05-08,31143.070158214214,30943.225405868674,30932.18625432551,6.48,0.7699158782288608
2018-05-09,31146.721842039402,30963.338841674584,30947.449910686166,7.21,0.7190511080760691
2018-05-10,31586.076558068336,31098.48638042488,30987.270437114188,8.31,0.7336571784326877
2018-05-11,31435.73878002184,31193.89597113856,31019.19447609981,7.6,0.7412730804196702
2018-05-14,31372.525934785404,31233.652884311974,31034.88015098075,9.09,0.7020476648717667
2018-05-15,30849.645675833992,31219.789195118206,31039.732141098877,7.7,0.7596344861266819
2018-05-16,31237.576550425052,31253.050785626685,31058.91203651453,8.29,0.7917773936858338
2018-05-17,31006.92014882963,31233.60078428579,31077.79737356603,7.66,0.7922957453151154
2018-05-18,31091.564059965473,31225.72110113182,31095.777174565195,9.45,0.7912391997930647
2018-05-21,31016.27588002677,31144.321004268313,31107.205623620997,9.58,0.7904972469168864
2018-05-22,31246.485602664445,31117.28483607407,31122.492310968537,10.22,0.7986887708886989
2018-05-23,31202.110054575507,31092.939710329687,31124.326999676974,10.5,0.7709899232178872
2018-05-24,31652.03401577354,31207.566616035998,31150.836053383846,12.7,0.7926260490340672
2018-05-25,31462.611191458705,31239.714421898127,31164.753958047677,11.8,0.7958711177852429
2018-05-29,30957.807493728542,31232.698328313018,31161.039851441732,10.97,0.8510230332672035
2018-05-30,31359.271647195925,31270.94226934548,31167.227024330943,13.46,0.8819498449963199
2018-05-31,31003.686377922317,31269.14376904496,31154.56230725348,11.69,0.8976125381853017
2018-06-01,30879.586523944527,31216.7296149422,31135.848662320772,11.97,0.8990074584124613
2018-06-04,30605.813427282625,31131.544382472122,31114.21741615385,10.59,0.9066314217911436
2018-06-05,30771.90075570368,31005.8110596048,31107.909895487875,13.76,0.8977286916754927
2018-06-06,30776.174987744926,30907.74874478898,31089.33602081885,12.98,0.8678096956298729
2018-06-07,30694.768696415616,30870.171773743416,31078.08901892503,12.18,0.8519273598077861
2018-06-08,30946.81194040393,30811.248958487595,31071.420396048823,14.0,0.8631981147979954
2018-06-11,31011.821102203125,30812.411061956413,31063.88356960267,14.18,0.8623087775032874
2018-06-12,30911.930825864994,30817.031676517003,31060.75033741817,14.16,0.8535390479346197
2018-06-13,31147.534505146883,30894.420401925487,31077.666694695752,14.7,0.834919630385631
2018-06-14,31258.09965085069,30963.877386946762,31094.0076282233,14.67,0.8340738253064185
2018-06-15,30711.123223902196,30954.584277825696,31081.237484267604,12.13,0.8742191250312235
2018-06-18,30713.569736232,30957.270140657467,31073.466758802533,10.11,0.8703345115930727
2018-06-19,30681.085013272674,30919.309151067264,31062.678078682722,11.05,0.8695514942015341
2018-06-20,30593.23761387128,30859.51150987723,31044.350327204666,9.41,0.8659588724980253
2018-06-21,30631.416464997314,30819.43802975331,31027.173481303205,9.01,0.8665084725087524
2018-06-22,30403.17667605031,30713.101197025604,30987.74348523592,7.35,0.8296397056617527
2018-06-25,30371.13860253128,30586.392475837045,30952.256812652944,8.19,0.8269702827406036
2018-06-26,30370.74332557753,30537.766776076383,30918.86405901263,6.48,0.8270281051831171
2018-06-27,30289.980204173695,30477.253985781754,30900.208543290693,6.21,0.7736252560069644
2018-06-28,30555.22368440786,30459.27379594424,30877.463447756818,5.77,0.7541308695222196
2018-06-29,30444.755355780668,30438.062044788683,30858.724621322006,5.38,0.7457195079873524
2018-07-02,30006.360906704027,30348.76839360382,30822.551182880004,4.19,0.784073192345838
2018-07-03,30406.94868263685,30349.30725168756,30802.24027630041,4.18,0.8269801039323207
2018-07-05,30672.245164602224,30392.322474840497,30783.09892836511,5.45,0.8316813450199356
2018-07-06,30638.98094708128,30430.642135056,30764.32795811544,5.78,0.8315876320830848
2018-07-09,30591.64608565917,30473.737260982394,30728.981693778187,5.49,0.7819328991634693
2018-07-10,30444.877083339394,30457.973460829682,30695.057223507512,4.08,0.7796762636151758
2018-07-11,30283.350036710406,30434.91555810507,30672.575308273485,3.97,0.7317123872102659
2018-07-12,30257.701439308417,30470.821348476624,30635.856301343938,4.83,0.6846314423697177
2018-07-13,30047.55149989635,30419.47889379944,30603.985138743123,5.08,0.666585957641797
2018-07-16,29987.8542396717,30321.7087616665,30574.260729267447,4.72,0.664490393864332
2018-07-17,29788.645121874295,30200.2322152076,30547.021785753717,3.64,0.6565570212837849
2018-07-18,29645.36677182441,30065.04945608867,30509.470652957756,2.26,0.6492050343917942
2018-07-19,29663.26929455484,29953.391200547772,30472.3737965179,3.07,0.6495965465486447
2018-07-20,29974.527492722802,29909.273694264037,30448.365756394964,3.36,0.6829919912682996
2018-07-23,29753.086989384363,29837.185915704285,30408.574924694498,2.64,0.6715522769053698
2018-07-24,29952.663124679646,29823.63043353068,30373.269658777117,2.53,0.6847087365846144
2018-07-25,29966.36903915711,29820.561119171125,30341.750932553412,2.17,0.6841377986190559
2018-07-26,29830.924481669226,29826.601027713292,30297.86393177087,1.21,0.6669977976963356
2018-07-27,29721.95144630805,29837.541695496864,30246.658991619446,1.61,0.6614431705104096
2018-07-30,29636.35933753429,29833.69741592237,30210.833528740455,1.71,0.5907876720149359
2018-07-31,29724.88979521941,29798.034887707658,30177.877530706675,2.7,0.5952761062553975
2018-08-01,29502.944758834958,29762.3002833426,30138.606188892078,1.86,0.6066116515143501
2018-08-02,29244.885239873216,29661.18915694207,30093.661109758912,0.54,0.6212201241051053
2018-08-03,29464.28289406399,29589.46256478663,30054.75665739452,0.48,0.6408825211053227
2018-08-06,29281.158650568344,29510.92458891549,30017.356056545177,-0.39,0.6371610503588988
2018-08-07,29435.86043488282,29470.054444425874,29986.18011762351,0.44,0.6481851087716045
2018-08-08,29417.094414891617,29438.730884048557,29954.391820600627,0.82,0.6479501971796697
2018-08-09,29339.68210309189,29383.70121374407,29922.715217231213,-0.83,0.6479265635482343
2018-08-10,29596.575019369535,29397.07696524901,29890.760261729858,-0.15,0.6479214115331737
2018-08-13,29106.389654182192,29377.29188157831,29846.148071676493,-1.77,0.7061555097309273
2018-08-14,29512.49845604318,29384.179819003813,29829.68598998785,-0.11,0.7168350333411406
2018-08-15,29129.43351944659,29362.504800271774,29787.10215121483,-1.13,0.7020896303619029
2018-08-16,29392.61566797798,29356.326976428074,29744.44783466061,0.91,0.7036534533199242
2018-08-17,29127.57959570816,29314.967716544867,29694.0677896147,0.54,0.7172181672374323
2018-08-20,29290.25039916039,29307.906044554496,29650.68793339804,1.29,0.729322789963871
2018-08-21,29414.41050835577,29281.88254298163,29616.33904756531,2.68,0.7335503572522399
2018-08-22,29535.285044075652,29343.153312966228,29591.40354781076,3.74,0.7351687360683485
2018-08-23,29297.28300525795,29312.40824856822,29559.389600009225,3.19,0.746997090382834
2018-08-24,29980.55252600856,29433.99667807775,29557.156300879768,5.88,0.8603867899886237
2018-08-27,29829.5923893753,29496.421923991824,29551.88090586985,5.51,0.8645570095268169
2018-08-28,29866.97759836983,29602.050210086363,29554.49198841974,6.19,0.8560554916634622
2018-08-29,30048.700054022203,29710.400160780973,29567.936431159575,7.64,0.8575148549596394
2018-08-30,30035.783341449183,29799.167708366043,29580.35356605624,5.52,0.8576735388797775
2018-08-31,30311.11157056231,29910.000069292528,29591.57303531741,6.56,0.8526458440003867
2018-09-04,29977.8814867723,30007.228423794466,29599.066185230266,4.96,0.8664438294960249
2018-09-05,30320.537697326636,30055.79773398276,29611.32867098525,5.31,0.8826497523772026
2018-09-06,30455.972873273262,30145.28066025355,29627.648798789083,5.25,0.8856999995017767
2018-09-07,30367.290244692165,30216.7538954424,29645.527657556533,5.35,0.8829907388574725
2018-09-10,30417.88547974624,30269.49467054648,29668.725458671153,5.29,0.8794233361115206
2018-09-11,30627.045137767967,30353.96064144905,29701.748318679132,5.49,0.8833414358470539
2018-09-12,31097.513639548688,30466.30379416155,29747.50244682332,7.69,0.920403740701404
2018-09-13,30575.176848989944,30551.63170305001,29783.243516495328,5.94,0.9665180743660321
2018-09-14,30440.350422350293,30568.747806624644,29823.092355911187,6.72,0.9542366473160061
2018-09-17,30588.713935291915,30587.710815485036,29860.573390618712,7.03,0.9496178873274097
2018-09-18,30700.922510483484,30635.372567740935,29907.898852615803,7.11,0.9397659767620792
2018-09-19,31088.253767193764,30731.139465947235,29962.97863035947,7.96,0.9589574059123003
2018-09-20,30861.08979180333,30764.574416523534,30011.111809589962,7.71,0.9725971186500093
2018-09-21,30340.832431744686,30656.477101122695,30044.483487211666,5.5,1.0273078265649596
2018-09-24,30635.77771251104,30665.134367339313,30079.123576983064,6.94,1.029913435894582
2018-09-25,31107.754441886063,30760.4777987014,30145.83573657324,9.41,1.004850033390639
2018-09-26,30863.536640630653,30799.738185177957,30190.87034272601,6.31,0.9962352371801902
2018-09-27,30427.30485082126,30760.64994808393,30234.13272043864,4.38,1.0022425341550414
2018-09-28,30739.921070044733,30710.88813420598,30279.042900507648,4.8,1.0057035922132647
2018-10-01,30439.58027756685,30650.67248931527,30322.776256569723,3.57,1.0085213849124566
2018-10-02,31363.451556251155,30796.760935673756,30391.882961806157,6.6,1.1362296528909874
2018-10-03,31055.20881151383,30856.67966410305,30446.57623857806,6.13,1.1569779618387157
2018-10-04,31268.03608082271,30879.57704109379,30504.33460646967,6.69,1.1598856690332255
2018-10-05,31529.688950283286,30974.741656758957,30578.748137970517,7.1,1.1496548581882569
2018-10-08,30897.291152793838,31041.882557039815,30609.306092196453,5.94,1.1517230677493482
2018-10-09,31023.654583641248,31082.415916124624,30649.108165338635,7.65,1.14708754890076
2018-10-10,31356.134999775488,31213.352305011027,30698.746745385477,9.17,1.1596916703380593
2018-10-11,32279.45663555416,31344.210173483407,30773.105298103394,12.82,1.2639787348270517
2018-10-12,31947.442736442947,31471.672162758452,30836.82727793629,11.38,1.2844103145087946
2018-10-15,31955.20645409589,31569.83935894072,30891.630440720917,12.2,1.2778886642683527
2018-10-16,32154.011236962117,31659.028257037913,30964.168099060655,12.87,1.2567451052758092
2018-10-17,31789.424952113244,31786.475942655332,31013.131007553387,12.56,1.2691129940944972
2018-10-18,32063.647348251026,31935.0463375992,31066.720156719286,15.12,1.2745503143585493
2018-10-19,32136.281035608277,32046.495771289938,31125.68651641657,15.62,1.2714596210207354
2018-10-22,31728.581971399173,31967.79939069599,31169.37639947161,13.86,1.299328171466379
2018-10-23,32217.6398278995,32006.398975190306,31222.396222475916,16.47,1.3207093550663727
2018-10-24,31794.24337445787,31983.404249527626,31245.620546973,14.25,1.3221101006254272
2018-10-25,31827.557143145492,31936.76795041029,31287.36655677805,14.03,1.279562015458229
2018-10-26,31915.47111653377,31954.774545327895,31336.537246584146,14.35,1.2749904911892633
2018-10-29,31667.08529586703,31898.122823558748,31372.482958603152,13.58,1.284879892518759
2018-10-30,31819.265058787718,31852.834826869625,31409.761043546598,13.76,1.2857900569352123
2018-10-31,31576.668378354825,31831.132885005856,31426.041530585288,11.12,1.277291495979296
2018-11-01,32377.568950466353,31853.979902515453,31476.59083587403,13.87,1.345045618122931
2018-11-02,31913.130536156612,31870.96378275752,31529.000772687792,11.04,1.3338310841539298
2018-11-05,31708.466302651814,31853.950805543787,31564.757059025764,10.35,1.3331976812863413
2018-11-06,31534.290203681907,31799.496389422035,31578.974917752297,10.17,1.3110039514998646
2018-11-07,31756.583405291058,31812.28183362633,31608.743143241107,10.5,1.3063490482733928
2018-11-08,31303.50296562254,31738.601534602898,31637.94974706769,8.84,1.3068839999848048
2018-11-09,31103.001264380557,31670.934804035085,31650.05242021208,7.49,1.301664109281106
2018-11-12,30788.830069125805,31443.972106700498,31661.694079930585,6.93,1.3025749174099401
2018-11-13,31036.12071696017,31318.684989672685,31650.78305195421,6.77,1.184347950512187
2018-11-14,30992.160208080903,31216.355547592044,31648.681431839865,7.23,1.1708492824170023
2018-11-15,31053.546361122222,31147.677855797112,31641.531774516403,6.83,1.164373997691275
2018-11-16,31038.928402693564,31045.155712568336,31625.17308959663,6.52,1.153168717813414
2018-11-19,31046.92490407235,31008.501703775353,31630.160881305983,5.4,1.0921464979455646
2018-11-20,30906.208071015048,30980.388390437834,31626.24599755183,5.15,1.0929518859211709
2018-11-21,30959.39774309818,31004.75520100551,31613.021422329297,6.47,1.0745239531907267
2018-11-23,30587.711116226546,30940.696686614836,31556.62990501821,6.13,0.9354210653012807
2018-11-26,30496.465396682022,30869.883142128587,31508.263993692894,5.8,0.9218482490432843
2018-11-27,30331.49714469249,30766.7332540676,31454.140350046007,5.1,0.9239217273075857
2018-11-28,30617.16958328572,30706.48199415207,31402.912294923266,5.69,0.9351437312051191
2018-11-29,30563.634976575864,30637.44057593814,31362.05262907197,7.56,0.9168791775488899
2018-11-30,30172.815338098004,30532.670185521245,31299.024895400307,5.38,0.9205292607972531
2018-12-03,30441.768666845153,30458.7231746284,31242.541149774937,7.43,0.9389291999754658
2018-12-04,30937.619814602964,30508.71013153983,31216.17574454844,9.31,0.971147497150672
2018-12-06,31031.41560832395,30585.13159034614,31176.634937229257,9.36,0.9251021046466434
2018-12-07,31196.55787935404,30708.711695297487,31156.71208739231,9.55,0.9041546429878677
2018-12-10,31389.492756251308,30819.043577150576,31142.109941162667,9.39,0.9121970571961815
2018-12-11,31943.58584695348,31016.17941577626,31143.047098843257,12.37,0.9688671480712733
2018-12-12,31959.479322222764,31271.41712779445,31152.79356638864,12.55,0.9574389075282286
2018-12-13,31709.25577847717,31452.48671516989,31149.126590378335,11.34,0.9649265593512706
2018-12-14,31300.014118531428,31504.257330016368,31139.90478171756,10.26,0.9838179521764316
2018-12-17,31723.309066858594,31603.09925266462,31118.096118930727,11.6,0.8974996225031686
2018-12-18,31627.708110873846,31664.69214288252,31108.58203808814,13.66,0.8609415179254709
2018-12-19,31249.462081273145,31644.687760742647,31093.28189737573,11.79,0.8803380718686437
2018-12-20,31588.09047495086,31593.902707599103,31095.07523975124,12.79,0.8983696457872836
2018-12-21,31172.170972656586,31481.43008623272,31075.59482533013,12.7,0.9199746066329724
2018-12-24,31441.057806683282,31443.116090262574,31080.179986698924,13.52,0.8971742174759308
2018-12-26,31528.111641747644,31475.701450722558,31094.350332611302,13.42,0.8895394925205655
2018-12-27,31688.671825269823,31470.753273351915,31124.34505781606,14.45,0.8701978487281559
2018-12-28,31680.749745860336,31478.330649778247,31145.832692112774,13.36,0.8601910194818749
2018-12-31,31610.632095692352,31529.92636612377,31166.448421699803,12.82,0.8609964848229545
2019-01-02,32298.880328776715,31631.467773813223,31207.959553955,14.39,0.9431029599116892
2019-01-03,32688.000229075355,31848.01481044399,31262.928614834447,15.8,0.962248224574576
2019-01-04,32615.473111420408,32015.788425406176,31315.213555079452,15.29,0.9646510155752616
2019-01-07,32359.0182063308,32134.48936320309,31363.64055958986,13.4,0.9739300483722527
2019-01-08,32400.761535135352,32236.216464613164,31411.686019324512,13.35,0.9739400292203134
2019-01-09,32797.284596337566,32395.721443252904,31485.338468661655,15.11,0.9579151966660961
2019-01-10,32782.72554332099,32563.16336434228,31561.54714021633,15.16,0.9541348648605771
2019-01-11,32922.8787194946,32652.305991587895,31647.926526043066,14.86,0.9429212617247524
2019-01-14,32810.84602228894,32669.85539061789,31721.049074009807,13.96,0.9408460586539702
2019-01-15,33069.658606085875,32734.739032712365,31804.583194993436,15.13,0.9428119812764257
2019-01-16,33212.00295743036,32856.59399715598,31905.889448971302,14.96,0.896679434806138
2019-01-17,33323.818468144185,32988.4592733,32001.957775681218,15.66,0.8902787786770882
2019-01-18,32918.27911709179,33005.744204836235,32067.979752430816,15.36,0.8960385811113429
2019-01-22,33167.037069783146,33060.645851473724,32139.167134479434,17.01,0.9014372544522571
2019-01-23,33057.3420517377,33079.85489893705,32201.193273558965,16.69,0.9050911057114743
2019-01-24,32920.56115541512,33095.52848938427,32252.228886864334,16.07,0.9081420798766539
2019-01-25,33313.04453897791,33130.29790836892,32297.877509931724,16.16,0.8788314764423475
2019-01-28,33434.362600243956,33162.06357162765,32347.040285865714,15.27,0.8795464367511585
2019-01-29,33637.718633747136,33206.90645242802,32411.322381041446,15.16,0.8649849528440234
2019-01-30,33932.49112304673,33351.793881850586,32499.071614525466,16.59,0.8257523232236549
2019-01-31,33947.68986480908,33463.31570971118,32573.217641123632,17.44,0.8009418560885259
2019-02-01,33913.76772207275,33585.6622340445,32649.41962816343,16.86,0.7971757768259863
2019-02-04,33966.46418887754,33735.07695311095,32739.986365083605,16.37,0.7502756772013744
2019-02-05,34074.77384463722,33843.89542534841,32822.8758107399,16.75,0.7348991443017342
2019-02-06,33993.171806905135,33923.72531201371,32916.90917188128,16.21,0.6796733405404973
2019-02-07,33881.88445902601,33958.60614419622,32998.270060292634,16.2,0.6799138527596892
2019-02-08,34011.92004891144,33969.95313360542,33081.0636738648,16.48,0.68033014306464
2019-02-11,33635.18044387744,33925.30893061523,33145.94729448507,15.5,0.7222742416368707
2019-02-12,33729.678824401984,33899.01051666268,33214.24493043646,15.23,0.7211260671604961
2019-02-13,33571.773848438155,33842.62618231348,33279.61632219454,13.26,0.7276147391485261
2019-02-14,33572.26550622712,33770.83927682681,33322.0624947764,13.33,0.6253289479845285
2019-02-15,33854.089521239766,33750.97037887467,33360.93213784844,14.37,0.6069846428932713
2019-02-19,34753.583898864286,33875.49887028017,33432.2024974299,16.7,0.7596535823144657
2019-02-20,34787.987405654705,33986.36563552916,33513.16813740755,16.2,0.7362647724802914
2019-02-21,34131.608434380905,34057.28391988682,33570.863034048925,12.56,0.8327924960278609
2019-02-22,34223.31319270643,34127.80311535831,33618.39732059439,13.18,0.8093181777636467
2019-02-25,34064.49517681198,34198.19187655513,33661.1229750442,11.86,0.8163038685401014
2019-02-26,34072.217423508984,34269.6135790231,33699.434265177944,11.93,0.8145798153521298
2019-02-27,33810.45299478207,34263.3797895291,33732.75449759439,12.35,0.8265360409121457
2019-02-28,33803.436435223215,34127.64443758024,33757.21375856573,12.5,0.8165412782018457
2019-03-01,33205.78066922951,33901.614903804446,33757.00634895886,10.88,0.8798687190838058
2019-03-04,32989.517839435925,33738.45910452732,33745.862994668634,9.83,0.8854247021815486
2019-03-05,32875.890880672225,33545.97020280893,33744.45005345469,9.74,0.8590215373801857
2019-03-06,32877.06220051963,33376.336920480644,33734.784224479146,10.99,0.8470763799842076
2019-03-07,32673.625526053504,33176.53807798773,33721.9936736231,10.15,0.8522684431932227
2019-03-08,33067.0432235588,33070.33668209932,33726.876409227894,10.83,0.8782902593006716
2019-03-11,32624.62765681276,32901.93542804037,33703.92917982241,11.19,0.8831652275824259
2019-03-12,32722.20937671017,32832.853814823284,33680.19073903784,10.4,0.8821520755381838
2019-03-13,33030.89089108235,32838.76425077234,33659.96314761564,10.14,0.8930643153667355
2019-03-14,32619.159386942047,32802.08832309608,33616.185423078634,8.96,0.900646508273211
2019-03-15,32647.842757755545,32769.34268841573,33572.85718617688,10.07,0.900965615122259
2019-03-18,32429.482923419655,32734.465173753244,33523.38102622181,8.86,0.9063658652197304
2019-03-19,32388.572248895205,32637.540748801614,33470.78462822238,9.34,0.9046031320375979
2019-03-20,32605.922428449798,32634.868573321826,33421.822914349534,10.95,0.9132027767859638
2019-03-21,32513.661706247374,32605.076048970222,33372.50591099436,10.27,0.9133960623120356
2019-03-22,32700.390649632074,32557.861728762942,33333.122784014544,10.93,0.9219557911927817
2019-03-25,33067.39573775497,32621.89549316466,33301.638640309124,13.24,0.9452751054833587
2019-03-26,32764.57079850026,32638.570927557135,33272.61831879665,11.73,0.9387750408122044
2019-03-27,32893.71494851186,32704.889788284898,33244.752856267,10.93,0.9405148913589215
2019-03-28,32362.149612091005,32701.1151258839,33204.43204838882,8.39,0.9794211709566453
2019-03-29,32503.235166460367,32686.445517028016,33168.79770372982,9.56,0.9844424306442199
2019-04-01,32354.9812237494,32663.776876670974,33118.82742714683,8.49,0.9699779686649577
2019-04-02,32285.651171510402,32604.52837979687,33036.56300290177,7.84,0.8127482248895057
2019-04-03,32150.137504047016,32473.491489267773,32948.63467284814,8.14,0.8107584209597353
2019-04-04,32099.636387314888,32378.500859098775,32880.90227127945,9.35,0.7502775548204693
2019-04-05,32190.695129875872,32278.069456436806,32813.148335851976,9.53,0.750606631570172
2019-04-08,32446.78860718282,32290.16074144947,32759.22478353083,9.61,0.7703632461284353
2019-04-09,32791.93373289229,32331.40339379651,32716.54866051028,11.84,0.8016495102569791
2019-04-10,32795.16845766413,32394.28728435614,32682.705842606476,11.48,0.7926387719285986
2019-04-11,32224.931046313694,32385.612980756378,32630.08899630954,9.89,0.847023138614661
2019-04-12,32410.227558358525,32422.768702800786,32603.570559280615,10.41,0.7999525195348156
2019-04-15,32189.6024419638,32435.62099632195,32576.90671269819,10.85,0.8006982873056714
2019-04-16,32133.112459147964,32427.394900502903,32552.14743198057,10.88,0.7993577423827053
2019-04-17,32157.52514782215,32386.071549166525,32528.162863557536,10.01,0.7997063019699469
2019-04-18,31927.283646858552,32262.550108305044,32503.284800917656,9.89,0.8021967091057884
2019-04-22,31948.560732535905,32141.6061475724,32466.00205121686,9.64,0.7657654822408564
2019-04-23,32165.713345732176,32133.146476060152,32450.704907514155,10.51,0.742614938159022
2019-04-24,32182.350785868675,32100.592651418276,32432.70962115278,11.4,0.7400365447464957
2019-04-25,32345.799188786426,32122.90647239238,32409.873231076203,10.5,0.7239197326736594
2019-04-26,32606.351124673085,32190.511996039324,32409.44628900066,12.07,0.7053650629360524
2019-04-29,32299.413589491003,32210.781773420316,32397.83198339194,9.36,0.7257340431938348
2019-04-30,32391.49943147574,32277.098314079856,32396.565866993864,9.76,0.7177784392993606
2019-05-01,32237.591350962295,32318.38840242688,32391.53317039609,10.27,0.7226813197005187
2019-05-02,31978.554129681448,32291.65137156312,32370.620893770458,8.64,0.7246914791828436
2019-05-03,32121.35312769191,32282.93742039587,32357.543941152097,8.31,0.7292532005057112
2019-05-06,32065.2656274696,32242.86119735028,32336.373107079915,8.58,0.7203381259541934
2019-05-07,32218.140833558777,32187.402584333504,32308.06461027339,7.81,0.6928298023985014
2019-05-08,32351.091658849058,32194.785165669662,32294.28197228486,10.57,0.6801958203891005
2019-05-09,32501.187152437276,32210.454840092785,32281.197712415706,10.32,0.681849755464999
2019-05-10,32742.90853253935,32282.643008888834,32293.889676430572,10.69,0.6274432537554974
2019-05-13,32880.39015013712,32411.476726096655,32306.461509219804,11.89,0.6271009876153395
2019-05-14,33069.04369176872,32546.861092392886,32330.263591487208,11.97,0.6271737143262035
2019-05-15,32964.565826177335,32675.332549351668,32352.89407997603,11.73,0.6290607065214938
2019-05-16,32631.75265032119,32734.419951746506,32368.947918185095,11.63,0.6536757388900202
2019-05-17,32377.006385978977,32738.12205562315,32378.193584807217,11.63,0.6702467458079753
2019-05-20,32439.114739329358,32729.254568036115,32386.474238455543,11.21,0.6692611625140472
2019-05-21,32264.0397362523,32660.844739995897,32380.38260942474,10.98,0.66078822103699
2019-05-23,32516.68160718804,32608.886376717262,32371.207538567982,13.25,0.6468019464362172
2019-05-24,32458.36125661643,32521.646028837986,32359.980631866307,12.93,0.6473618460850452
2019-05-28,32190.036250906163,32410.998946656073,32358.817472019295,12.88,0.5826391935648956
2019-05-29,32365.220539754628,32372.922930861158,32357.317238065847,13.87,0.5816139749249754
2019-05-30,32501.567003745375,32390.71730482685,32367.716056791694,14.61,0.5720553959117871
2019-05-31,33051.70745270975,32478.230549595184,32398.33588991041,17.26,0.645463731908172
2019-06-03,33283.12706042921,32623.814453048366,32435.855953663835,17.07,0.6547888624392098
2019-06-04,33105.590271616806,32707.944262252324,32475.13284115568,16.08,0.6475908472067526
2019-06-05,33419.42761192788,32845.23945586809,32524.161737135302,17.21,0.6647154920381108
2019-06-06,33684.85800237666,33058.78542036457,32574.79989235699,17.77,0.6681694687725833
2019-06-07,33646.96356065084,33241.8915662063,32623.620318183053,17.55,0.6697249389265743
2019-06-10,33225.837830939905,33345.35882723438,32652.95493958816,15.86,0.7130029769398761
2019-06-11,33354.113338910436,33388.55966812053,32677.88034672936,16.34,0.7025644086885098
2019-06-12,33426.41902836663,33409.029949254225,32715.447194691747,15.77,0.6759364656690371
2019-06-13,33761.47751008294,33502.72812617783,32761.113130645204,16.14,0.6945321928594206
2019-06-14,33832.64108018515,33561.7586216437,32814.28145495256,16.09,0.6847878232049516
2019-06-17,33783.01021971986,33575.78036697848,32874.429991287245,15.13,0.6629601277602825
2019-06-18,34148.9484334518,33647.492491664634,32942.0165014791,15.39,0.6815418343836636
2019-06-19,33929.226143547676,33747.976536322916,33004.14851868177,14.34,0.6958067703411818
2019-06-20,35200.91616633669,34011.80551166939,33103.57436310773,19.16,0.9515056489792219
2019-06-21,35238.858890311785,34270.72549194736,33199.83327082321,19.08,0.9518878406898577
2019-06-24,35588.21447862198,34531.68791602446,33302.73418169593,20.27,0.9600523307393755
2019-06-25,35619.99542663748,34787.02425123219,33398.63707816601,20.74,0.9572251365306484
2019-06-26,35554.78486858554,35040.13491535506,33487.78356878087,20.79,0.960630406552703
2019-06-27,35456.35844432205,35226.90777405138,33567.36072719942,19.59,0.9637631429873579
2019-06-28,35347.58963285267,35429.531129666735,33646.79485408862,18.7,0.9635831362078504
2019-07-01,34550.59621511065,35336.62827949226,33710.756306248404,15.07,1.0427120071701685
2019-07-02,35139.69737081046,35322.46234813546,33802.84600574275,17.13,1.0610382214679324
2019-07-03,35423.83771357557,35298.979953129376,33902.336771551025,16.98,1.0652636269054692
2019-07-05,34726.090509867674,35171.279250733554,33984.40513067146,16.02,1.1338834496230707
2019-07-08,34581.96628577977,35032.305167475984,34053.24795329124,14.95,1.135617635980767
2019-07-09,34801.58405839608,34938.76596948611,34131.35538001731,15.83,1.1356821564963953
2019-07-10,35072.0061908062,34899.3969063365,34227.42104468073,16.23,1.121454095380496
2019-07-11,34725.89940378707,34924.44021900424,34306.11034014846,13.59,1.1442006726549585
2019-07-12,35018.58668856345,34907.138692968656,34390.010996309175,14.32,1.1490664513350617
2019-07-15,34994.73786874116,34845.83871513499,34454.77867684364,15.16,1.1176558355216724
2019-07-16,35040.70007494455,34890.782938716664,34513.36444399406,16.53,1.1136360106533552
2019-07-17,35417.403139326525,35010.13106065137,34590.42487291768,17.28,1.116936518901636
2019-07-18,35480.79220338043,35107.160795649244,34659.13702596624,17.22,1.1087144131008098
2019-07-19,35488.899171357574,35166.71693572828,34719.27173159892,17.61,1.1035254115859445
2019-07-22,35483.572778617345,35274.95598927566,34780.49203886464,17.36,1.102777943438976
2019-07-23,35523.61774433601,35347.10328295721,34857.0847026445,17.77,1.0691892994765666
2019-07-24,35519.10923790117,35422.01347855159,34929.25123261089,19.68,1.0696432362273256
2019-07-25,35381.30868047981,35470.671850771774,34994.41422101483,18.33,1.0752987247353716
2019-07-26,35478.71724739083,35479.43100906695,35051.65554559181,18.56,1.0646191137777445
2019-07-29,35362.20553791622,35462.49005685747,35102.641027516125,17.6,1.0684677820056099
2019-07-30,35655.1620168078,35486.24189192163,35165.046087418996,18.09,1.0738558743498168
2019-07-31,35631.1501011959,35507.32436657484,35214.45280967702,15.68,1.0611596099498668
2019-08-01,35669.54201856898,35528.17069146569,35272.46333884448,16.51,1.050672894884524
2019-08-02,36233.23402177295,35630.188517733346,35306.87393402581,18.5,0.8520302993329214
2019-08-05,36900.00428260166,35847.145032321765,35362.24544710219,21.73,0.9093623795966798
2019-08-06,38088.73612415411,36220.004871859084,35445.59616861989,24.84,1.0587474816267375
2019-08-07,38833.44671184118,36715.8964681338,35552.711211459835,27.16,1.103918425237028
2019-08-08,38550.95497583119,37129.58117656516,35652.58354836802,26.36,1.1164371715597514
2019-08-09,38146.862291827296,37488.96863237023,35742.26700995142,25.28,1.1382785885516746
2019-08-12,38675.74992885501,37918.426905268,35853.20568648478,28.33,1.15160285478032
2019-08-13,38892.21780906641,38298.281732023825,35997.92640628318,28.79,1.0454842357468455
2019-08-14,38972.76787979756,38594.3908173378,36125.6954232494,29.64,1.0164024627697301
2019-08-15,39373.04645718012,38777.86372205615,36257.33571470281,29.35,1.020570764558121
2019-08-16,39235.476578874615,38835.29656020446,36407.64858366971,29.12,0.9321872657651855
2019-08-19,38602.49416985386,38842.65930220804,36541.6661798055,25.91,0.9925597984892366
2019-08-20,39180.201358904604,38990.27916893363,36687.620089822514,28.75,1.0126907020301072
2019-08-21,39079.52019713929,39047.96063583131,36821.20389003356,29.01,1.0170283010977033
2019-08-22,38688.345354598634,39018.83599947925,36953.28542172735,27.09,1.0176793931514938
2019-08-23,39711.89587484749,39124.42571305803,37109.729061270256,31.0,1.0969584011990996
2019-08-26,39473.38951841687,39138.7604360921,37259.0174495928,29.62,1.1094638650823379
2019-08-27,40220.03515640502,39279.411661453545,37431.66195230831,32.46,1.1404313232962575
2019-08-28,39788.881842903815,39448.89561474643,37577.37790909434,31.78,1.1679808622820274
2019-08-29,39800.17361076839,39537.463079298184,37721.357289340594,32.0,1.1692653251255012
2019-08-30,39384.81571360882,39581.07672450798,37851.22117408216,29.98,1.1967088557417103
2019-09-03,40237.26710497413,39802.35126027571,38009.67765162736,33.07,1.2389015739470548
2019-09-04,40630.984498074766,39933.64963502224,38179.923210085435,33.35,1.2414030006745265
2019-09-05,39439.89730960926,39928.86503376386,38310.61614580899,29.2,1.385437929386345
2019-09-06,39344.44117262938,39803.78017893859,38442.72056221391,26.53,1.3829792801858327
2019-09-09,38941.116343373826,39682.670821862564,38558.13386541332,25.04,1.40603444123842
2019-09-10,38860.38106878442,39548.41474443568,38674.73971644218,26.63,1.4042806486470363
2019-09-11,38841.080496825176,39470.738284895466,38780.936999109384,27.8,1.402563407777068
2019-09-12,38790.81218434346,39264.10186766194,38886.25906854768,27.27,1.4031623145453362
2019-09-13,38440.582382278466,38951.18727969059,38978.62708067124,24.4,1.4197983769474924
2019-09-16,38611.44615050322,38832.8371141042,39057.90081829553,25.75,1.3983418785481436
2019-09-17,39059.35482690863,38792.110493287444,39129.87916977257,27.39,1.3765360567946043
2019-09-18,39100.318797666776,38814.853701044405,39163.59859222323,28.45,1.2525767214138088
2019-09-19,38773.51419414423,38802.444147525086,39161.60084163348,26.91,1.212660692680672
2019-09-20,39099.22133790356,38839.321410536766,39179.87638703609,27.47,1.2139176001651115
2019-09-23,39234.80057096291,38902.74832291156,39216.14099634066,27.44,1.1968307511439333
2019-09-24,39228.328500770534,39015.28348269633,39234.56028207119,25.95,1.1720109373002638
2019-09-25,38793.8147204848,39041.33613555027,39231.28017911837,25.72,1.1866425823351776
2019-09-26,38882.21550131901,39016.03051760793,39228.26176650226,25.24,1.1867745789042556
2019-09-27,38614.046387197595,38946.56303039725,39202.961764169486,24.28,1.1768437356726076
2019-09-30,37373.989661198546,38746.6309542624,39140.912200247,19.89,1.3097633773758104
2019-10-01,38016.79526182219,38591.998657678916,39121.38890331263,21.14,1.3229778284087272
2019-10-02,38600.5545753252,38501.3920868731,39102.06734385987,22.77,1.3245595004923372
2019-10-03,38780.10327623476,38437.35991193993,39092.08677982986,24.08,1.3270616311016825
2019-10-04,38690.69555211311,38422.62860217265,39092.16511974682,24.97,1.3147631134789142
2019-10-07,38361.30304019536,38348.2125362988,39047.14535859178,22.43,1.2248472327591509
2019-10-08,38643.62952983547,38352.43869953283,39019.486692305654,24.53,1.2306057106456227
2019-10-09,38791.631204823825,38554.95892004988,38971.873227252814,24.54,1.177650063675026
2019-10-10,38608.72139182242,38639.51979576371,38932.53454555,23.6,1.1658451925160627
2019-10-11,38065.58858342087,38563.09608263416,38874.715044638266,22.77,1.1898597591610356
2019-10-14,38261.03624602486,38488.94364974648,38837.25572905217,24.87,1.1830949203007604
2019-10-15,38187.177575806934,38417.01251027414,38768.919411413124,24.11,1.1038547973141875
2019-10-16,38621.455326908486,38454.17712266104,38701.9351057075,24.21,1.1099051872542263
2019-10-17,38657.498447206635,38456.158396571875,38675.85514362752,24.92,0.9794550927477844
2019-10-18,38444.976340608206,38406.63627311268,38645.8729825601,24.0,0.9830093163711742
2019-10-21,38084.694942733324,38331.775351814926,38617.325602538884,22.29,0.9801961939176471
2019-10-22,38106.90597595128,38337.677836462855,38592.20976611127,22.35,0.9801073815857071
2019-10-23,38301.62832140029,38343.476704373956,38574.22802693049,21.26,0.9856520813408359
2019-10-24,38337.823220688246,38364.997510785506,38559.12839480862,21.96,0.9858141633061221
2019-10-25,38610.79452264207,38363.47453874775,38564.802132820834,23.07,0.9808352222766644
2019-10-28,38172.16408741956,38294.14105877812,38550.15939738477,23.74,0.9994856510628436
2019-10-29,38044.211791612484,38236.888980350326,38516.3212962081,21.79,0.9749059273180162
2019-10-30,38283.62971501732,38265.308233533586,38489.098326786356,23.47,0.9830609211202855
2019-10-31,38807.87373366742,38365.446484635984,38490.24364477048,24.82,1.005670552981302
2019-11-01,38709.66517302646,38423.73746343915,38477.25843927438,24.8,0.994217831436628
2019-11-04,38459.90902077455,38441.17829202329,38451.42872093469,23.09,0.9977937871245519
2019-11-05,38027.52227246017,38357.85368485429,38411.401846657696,21.87,1.0163899364475886
2019-11-06,38212.31874316597,38363.59006424674,38392.01864741395,20.73,1.003393008627475
2019-11-07,37601.225296141434,38300.30627917924,38349.31897390808,19.51,1.0409769585159288
2019-11-08,37725.753763632485,38220.60971469538,38319.709219789256,21.86,1.037931218358118
2019-11-11,37576.0164019713,38044.63009588101,38326.44344448149,19.82,0.8555916418534459
2019-11-12,37591.967148758784,37884.958949557375,38312.28250737935,21.25,0.7933144348291528
2019-11-13,37949.40225365873,37812.029411397874,38290.57742999047,22.89,0.7598928127333511
2019-11-14,38404.070302927335,37865.82198717871,38278.04299754674,25.48,0.7884038183890861
2019-11-15,38188.09692673551,37862.36172768793,38261.28971003418,24.1,0.7936323993679087
2019-11-18,38148.78572176635,37940.58464563425,38254.20579941968,23.96,0.7788920869527599
2019-11-19,38333.219487560214,38027.36546333879,38243.858798010646,24.89,0.7718228623936262
2019-11-20,38288.40439012805,38129.13517593273,38227.08457085416,23.72,0.7681206023193666
2019-11-21,37979.50850375983,38184.498226646865,38206.110807918754,22.47,0.7769922843821907
2019-11-22,37964.8485167231,38186.7048356565,38202.75280569568,22.82,0.7336669021540738
2019-11-25,37818.36473179635,38103.03261120937,38187.99708855475,21.42,0.7300643926939412
2019-11-26,37847.01062177481,38054.3059962147,38176.65819008698,21.08,0.7297225535525386
2019-11-27,37549.0829128714,37968.63416637267,38140.912442952394,22.27,0.7080912857194319
2019-11-29,37927.35657072209,37910.65374968095,38116.574380402766,23.49,0.7354521331801255
2019-12-02,37934.83498625712,37860.1438348421,38099.56966859102,23.64,0.7297269668604919
2019-12-03,38294.91228978129,37905.2015185601,38106.57691349263,25.17,0.7311994101546684
2019-12-04,38364.707663712055,37962.32425384437,38115.1703030847,25.25,0.7317678142586544
2019-12-05,38183.833277024685,38014.53404601983,38111.24380160545,25.59,0.7312550552567209
2019-12-06,37673.44084538652,37989.73836367897,38089.097722428785,24.04,0.7700153037551656
2019-12-09,37626.77156253741,38000.83674220315,38056.29695709199,23.89,0.7562903312977082
2019-12-10,37539.081112446285,37945.36881959225,38035.1941912594,23.93,0.7304743972481522
2019-12-11,37740.08109431323,37917.5468350287,38025.05650134931,23.51,0.7361553572868602
2019-12-12,37521.820972038026,37807.105218208264,37999.66287658339,23.25,0.7321989886536624
2019-12-13,37659.092179936335,37706.3030062403,37961.37015812571,25.5,0.6858979821614245
2019-12-16,37712.657526558236,37638.99218474542,37928.136569910246,24.03,0.6866097496502657
2019-12-17,37825.90105605066,37660.77221484057,37907.002971086156,23.32,0.6816745162637368
2019-12-18,37931.455335282735,37704.29846808953,37903.800739846876,23.8,0.6531926175029324
2019-12-19,37955.349996145036,37763.765451474916,37895.235114945965,24.07,0.6467325266732183
2019-12-20,37989.65698416232,37799.419150025715,37908.18283788015,24.78,0.5739858448960561
2019-12-23,38084.04792420039,37879.73728604828,37920.12597656573,25.76,0.572715543732915
2019-12-24,38611.71737197973,38015.82659919666,37954.6493422327,27.61,0.617290368703879
2019-12-26,39054.20378232055,38207.47606430522,38003.390563351415,29.97,0.6463981836732605
2019-12-27,39039.400177728414,38380.8330816882,38039.72382748723,30.18,0.6280112584309132
2019-12-30,39064.409742975164,38542.68371135848,38061.735142155485,31.14,0.5925359825935905
2019-12-31,39192.27496906989,38719.38727891977,38095.20774356673,32.2,0.5825685002234564
2020-01-02,39163.54001301387,38887.084854469766,38129.03288660844,32.03,0.5822583805062057
2020-01-03,40016.599553967775,39163.16365872217,38185.14555548852,33.5,0.6934300679290417
2020-01-06,40634.72912426243,39452.165337620034,38263.35637995973,36.57,0.7367392614773859
2020-01-07,40811.859083803865,39703.258952117394,38357.7680659612,36.25,0.7126621218979413
2020-01-08,40648.07510351696,39933.06965580051,38447.208952187495,35.65,0.720627464186569
2020-01-09,40079.43731852325,40078.073595165144,38522.57803841183,34.36,0.77237986202747
2020-01-10,40106.66280638502,40208.700429067016,38597.899777898936,34.94,0.7724233649652584
2020-01-13,39737.195300256106,40290.651184387505,38670.83685747857,34.08,0.7786703481172519
2020-01-14,39452.61520821145,40210.081992136584,38721.6788120615,32.73,0.7800080472372038
2020-01-15,39771.57343428272,40086.774036425566,38782.90342699587,34.81,0.7892458869901245
2020-01-16,39620.92973193782,39916.641271873246,38827.10400840094,35.48,0.780693078808456
2020-01-17,39999.92270185564,39824.04807163669,38881.61117633904,35.76,0.7955997332095942
2020-01-21,39986.40934354942,39810.75836092553,38941.69704522317,36.56,0.7879332757089046
2020-01-22,40036.34296161702,39800.7126688159,39020.460449097554,36.01,0.7358665453239714
2020-01-23,40223.73573149262,39870.21844470607,39107.025921395914,36.74,0.734662778425943
2020-01-24,40528.87055100101,40023.96920796164,39206.68556934769,38.14,0.7356361345014617
2020-01-27,40678.192487818385,40153.486215609526,39304.62261579806,37.44,0.7340974071591725
2020-01-28,40547.39961278313,40285.83905573083,39405.4752371562,39.31,0.7255190399727076
2020-01-29,40443.89577497973,40349.263780462956,39498.30202365766,37.04,0.7312740571873686
2020-01-30,40836.72229379839,40470.7370590706,39602.437515899044,40.19,0.7429973795864934
2020-01-31,41015.90701392454,40610.67478082861,39708.7710478281,39.54,0.7436330118540415
2020-02-03,40786.344781246626,40691.04750222287,39803.93402936037,40.03,0.7590023529093807
2020-02-04,39991.01675650265,40614.21124586676,39871.78958803912,36.53,0.8581463044230526
2020-02-05,40061.25636391359,40526.077513879965,39940.84290069739,36.2,0.8579878109012126
2020-02-06,40294.27358088876,40489.916652180254,40014.51708925366,36.43,0.8610463109365313
2020-02-07,40548.91650173199,40504.91961314423,40079.09039357876,38.41,0.835637740202679
2020-02-10,40732.51928009304,40490.033468328416,40135.03424350445,35.86,0.8170008886925417
2020-02-11,40363.77253113378,40396.87139935898,40179.17998861794,35.31,0.8387044120835293
2020-02-12,40407.51641912883,40342.753061912954,40223.95021115641,35.29,0.8386512403729022
2020-02-13,40617.93034288118,40432.31214568125,40271.47205695013,35.17,0.8410705398484606
2020-02-14,40798.05654863195,40537.56931492686,40325.95594147071,35.83,0.8422111716514786
2020-02-18,41290.70853693364,40679.917165790284,40368.42624090289,36.22,0.7773493661421935
2020-02-19,41615.54440612366,40832.29258070354,40401.12008363158,38.82,0.7404681719477751
2020-02-20,41998.770389077654,41013.18559627341,40440.683793807526,38.52,0.7536332456013413
2020-02-21,42894.24611336245,41374.681822305276,40515.55616080239,40.84,0.8334308894353258
2020-02-24,43484.31104672633,41814.22391196234,40629.05195174242,43.19,0.8053255282889481
2020-02-25,42916.52872040743,42142.59510875174,40722.71414887657,41.09,0.8550382959178104
2020-02-26,42631.90800631564,42404.57388842106,40819.20457241187,39.2,0.8442946489154904
2020-02-27,42509.35447143789,42578.666164779235,40921.09588118618,36.7,0.8311118324194179
2020-02-28,40692.82417939289,42446.84898953246,40951.80423935652,33.09,1.1647569541569727
2020-03-02,41553.20376217533,42383.19661426012,41016.2133736978,36.51,1.2183787345893262
2020-03-03,43253.706632565074,42434.54811700327,41124.6728380546,41.4,1.4082487334247726
2020-03-04,43534.24984545638,42441.682231107996,41242.93418811833,41.8,1.4086730850596845
2020-03-05,44627.608814725514,42686.12224458158,41395.976383221896,43.55,1.4650902537429997
2020-03-06,44632.19494414802,42971.87752141484,41542.92502364392,44.62,1.466448691611488
2020-03-09,44815.94406840008,43301.39032098119,41685.82747422407,47.71,1.4645447951719803
2020-03-10,44650.236654286135,43866.73496025162,41818.228946439674,45.75,1.4703465420670567
2020-03-11,44054.56083536614,44224.0716849938,41935.13432052582,41.62,1.4969968288109745
2020-03-12,42975.25501187633,44184.29288203908,42019.512961755696,39.24,1.5759887282749463
2020-03-13,41281.12184075434,43862.41745279516,42034.32627998739,35.67,1.7412780280716986
2020-03-16,39719.22732410139,43161.22009699153,41991.10362365991,29.21,1.8743924482819248
2020-03-17,41451.71505057701,42706.86582648115,42013.28263263752,36.18,2.039922236298878
2020-03-18,39547.26435545404,41954.19729605956,41998.490885935724,26.09,2.182548697589248
2020-03-19,40100.61087886308,41304.2507567129,41999.80270310069,29.13,2.197595681501753
2020-03-20,40342.4426906698,40773.94816461312,42001.40834009349,29.02,2.1977855664276644
2020-03-23,42860.87128484703,40757.60763218041,42078.4734995308,35.94,2.472545559800143
2020-03-24,45940.86147590084,41423.28472291572,42252.08490605777,48.69,2.7812491158571917
2020-03-25,45613.98023272584,42265.392281290675,42427.09182944397,47.03,2.7782432040767455
2020-03-26,45267.167548775076,42810.45692389033,42589.08020043224,44.36,2.7863920809913094
2020-03-27,43890.64536398974,43430.9399251097,42698.17070113569,35.97,2.856781640152353
2020-03-30,44273.07282703423,44027.005917705595,42814.00457708239,38.58,2.858601716314414
2020-03-31,43182.24951822436,44432.692607355966,42877.05594312549,35.13,2.897266582469738
2020-04-01,42997.619180785005,44452.22802106078,42923.12510228083,33.72,2.897119086212925
2020-04-02,45611.824330320655,44405.22271454973,43043.560233655575,43.48,3.0911261091707507
2020-04-03,45582.19007211424,44400.68126303383,43133.15836561397,42.16,3.0727107251147467
2020-04-06,46238.342978531306,44539.42061014154,43224.95943000739,43.88,3.0735410432626624
2020-04-07,45742.33126686789,44803.94716769563,43319.152848222606,44.17,3.069766533932222
2020-04-08,46177.52615196568,45076.011928399756,43437.34011974409,43.33,3.0672161785531427
2020-04-09,47700.42371024328,45721.46538440244,43610.37576103757,50.03,3.11258594578837
2020-04-13,48067.65146230817,46445.75571033465,43856.20333713467,51.03,2.983250858842146
2020-04-14,48867.90060205067,46910.909463438606,44100.02656513055,53.12,2.976500010221231
2020-04-15,47435.665264229414,47175.69163374071,44239.42518618603,49.79,2.9672422230729403
2020-04-16,48046.34147249249,47433.977132878135,44389.82824042042,51.0,2.9717465606988607
2020-04-17,47393.42667513684,47669.847905487884,44482.02216910074,50.09,2.959623142788803
2020-04-20,47119.713608961334,47804.44611363007,44564.93945792764,45.53,2.9631563685352442
2020-04-21,46866.283145059344,47685.28317574731,44633.28409381633,46.86,2.966138734935873
2020-04-22,48126.13366804848,47693.63777656747,44749.14732760836,51.78,2.998564826711872
2020-04-23,47897.2276985497,47554.970218924536,44877.23622304772,51.89,2.9865735916397926
2020-04-24,47640.44312607376,47584.224199188604,45032.74249352093,50.02,2.945487090483427
2020-04-27,47226.30245658149,47467.075768344104,45230.91518071517,50.87,2.8413974694714925
2020-04-28,47134.969898399075,47430.15337166829,45478.10659985865,51.54,2.728658972378054
2020-04-29,47111.02808602958,47428.91258267845,45666.75036770701,53.01,2.636688959537181
2020-04-30,45845.05141202742,47283.02233510251,45876.67660292635,47.72,2.5315037997264134
2020-05-01,46408.27714792278,47037.61426079912,46086.932145228486,49.74,2.5296604745112834
2020-05-04,46674.10776131176,46862.88284119325,46297.98764758309,50.3,2.5296315770768203
2020-05-05,46759.55492387864,46737.0416694507,46427.94376888399,50.65,2.287003540673117
2020-05-06,46400.307231183615,46619.04235153645,46443.25862739335,49.45,1.8895423023379954
2020-05-07,47424.557752192355,46660.41204493493,46503.611211375646,53.45,1.92380652434371
2020-05-08,47052.693945017476,46652.07859621942,46563.12875791713,51.98,1.924198603594376
2020-05-11,46310.61813666873,46718.58812831023,46643.79451700648,51.4,1.858002145158757
2020-05-12,47043.13241745857,46809.281738242935,46736.1298366872,54.26,1.8713912951115736
2020-05-13,46914.800156585,46843.666366139696,46860.54819129929,54.67,1.8046326865975553
2020-05-14,47417.67409473811,46937.68339054818,47007.88335509772,54.87,1.8047738441604972
2020-05-15,47872.37036096314,47147.97812337428,47083.23488945241,56.63,1.4508560531119827
2020-05-18,47492.47321695328,47157.680332625554,47146.91099428038,57.4,1.461013926069314
2020-05-19,47693.795704887794,47249.266298320676,47195.426085158935,56.67,1.4416768847220505
2020-05-20,48122.01132110458,47508.03675324044,47274.7487536336,55.55,1.4306206905557608
2020-05-21,47157.69089885473,47524.402250583684,47307.420911863446,51.97,1.4766151661102898
2020-05-22,47446.9154750743,47600.41872465397,47298.97063735798,52.09,1.3509076148219155
2020-05-26,46930.85162487838,47530.87265753107,47261.07730944355,49.51,1.356539170671593
2020-05-27,46902.86232344658,47392.371509314646,47195.57603349015,46.83,1.3163975414143863
2020-05-28,47177.23697108422,47347.337759905626,47186.961757052195,47.62,1.210541316202486
2020-05-29,47720.28543326372,47351.12200681652,47176.093222411226,50.49,1.2057461901480613
2020-06-01,47464.1746860479,47257.145344665005,47178.45148944159,51.64,1.183295860236608
2020-06-02,47255.3162362214,47271.09182143105,47182.97157701701,48.96,1.181199137299589
2020-06-03,46096.92333876738,47078.23580195861,47157.32625014062,45.75,1.261115429692147
2020-06-04,46967.73244058722,47083.50448991784,47118.71287589197,50.3,1.208691599260844
2020-06-05,45768.18355932233,46921.407523613954,47047.74473791768,44.89,1.2893694685355621
2020-06-08,46388.08435392249,46808.67143544768,47005.99944551264,48.81,1.3154493733206485
2020-06-09,46902.58549143816,46691.85715804462,46995.20888000801,49.18,1.3240972520186087
2020-06-10,46792.90732577146,46595.96182086319,46983.80679425374,48.42,1.3243063662251155
2020-06-11,47532.411947208515,46635.54692243253,46997.852922959624,50.0,1.3559266513716064
2020-06-12,47780.4373732255,46876.04892735503,47062.36578833287,50.82,1.256399327779049
2020-06-15,47262.221992903855,46918.11886339954,47090.83061649874,49.51,1.258622100802536
2020-06-16,47530.98015900694,47169.94694906899,47119.39302975535,47.16,1.2585649119871116
2020-06-17,47943.413977372424,47392.136895275544,47158.854998205104,46.67,1.2668968736813748
2020-06-18,47755.92140005084,47514.042025076495,47204.04213716735,46.42,1.2599255415895165
2020-06-19,48245.660239134006,47721.57815555696,47231.41222006555,49.09,1.2093393004430362
2020-06-22,48449.873519872184,47852.644094509735,47277.9848725607,49.53,1.2001856784298628
2020-06-23,48578.293650911866,47966.62356275001,47353.574056368816,48.12,1.157545749579185
2020-06-24,48289.35511844121,48113.356866398026,47395.11481306826,47.3,1.1337146637321713
2020-06-25,48419.013763177034,48240.218809850514,47445.255266621214,47.07,1.1319911560257025
2020-06-26,48428.98308064716,48309.585824604546,47478.965566151586,47.6,1.1174131061390078
2020-06-29,48543.17724392965,48422.05094515958,47501.32579558392,46.79,1.1054557646506167
2020-06-30,49092.981929436566,48543.09690091653,47554.6760860001,47.82,1.1105564790112614
2020-07-01,48582.919394578814,48562.10345444615,47584.31354232331,45.79,1.128565290555777
2020-07-02,48688.407933639,48577.83406626433,47603.19342940773,47.91,1.1180953003768863
2020-07-06,48309.487947889604,48580.7101847572,47641.58666437541,45.66,1.0616094541418677
2020-07-07,48686.772046583625,48618.96136810099,47682.91521675885,47.28,1.0649176052175395
2020-07-08,49331.46340042117,48747.887128068935,47762.93560927709,49.85,1.0638645714655146
2020-07-09,48768.0981466817,48780.018685604846,47825.1101367183,46.39,1.0900197191091787
2020-07-10,49001.21367469728,48766.908934927415,47885.909360171856,46.56,1.0886738828148348
2020-07-13,49231.131642859014,48859.510684680725,47936.270900491625,46.36,1.0736848619832111
2020-07-14,49411.154037809945,48962.76012813406,48001.17021221717,45.62,1.0675787279776803
2020-07-15,49514.884251541116,49134.95960008459,48076.48914606124,45.86,1.0619900038892447
2020-07-16,48874.901494046906,49161.83523543711,48169.08841790383,44.12,0.9817248794791039
2020-07-17,49168.198926127196,49138.51173910924,48242.43730075508,44.76,0.9322057358890398
2020-07-20,49192.77942423962,49199.18049304613,48356.59049625248,44.37,0.7798638911870714
2020-07-21,49972.43738868517,49337.92673790242,48476.06893074463,47.01,0.792219476221676
2020-07-22,50412.684273960585,49506.71997091706,48593.0722234952,48.79,0.7847622375441542
2020-07-23,51122.949843727016,49751.26222890509,48737.40697409362,50.31,0.8072722674154672
2020-07-24,51336.14344198811,50011.44211325475,48864.19802391976,52.63,0.7706893132403209
2020-07-27,52214.808211017764,50488.571644250835,49012.01038517952,54.8,0.8140307938589141
2020-07-28,52754.21042009001,51000.859000530625,49195.07666608567,57.14,0.7810206863524682
2020-07-29,53056.51978935747,51552.82190983317,49379.261320430785,58.04,0.7810596724655366
2020-07-30,52570.521988545035,51923.97685267031,49533.49825413674,55.29,0.809263645525789
2020-07-31,53238.114007171636,52327.60967170128,49716.238007707645,53.19,0.8163793809907797
2020-08-03,53273.56926002498,52634.84101688649,49883.83497507051,53.14,0.8084051178685906
2020-08-04,54525.75931465731,53090.50042726738,50086.364501563214,59.75,0.888352378549303
2020-08-05,55281.658754865864,53528.621933530485,50309.810005028296,61.53,0.9059619134876368
2020-08-06,55563.98553891346,53930.018379077315,50552.29768571084,63.11,0.8848354482460409
2020-08-07,54455.480595395005,54129.86992279653,50753.51324678485,59.82,0.9927632724032175
2020-08-10,54934.409317617545,54467.568112663925,50970.360788017264,62.48,0.9939129329078129
2020-08-11,52495.8725287473,54361.533615745604,51102.11729751105,55.3,1.3332571465920782
2020-08-12,52418.38269926727,54239.364107065965,51212.96398983871,57.86,1.32515780920578
2020-08-13,52918.44652773306,54009.74799464856,51357.48156094377,60.41,1.3093497731883743
2020-08-14,52566.34979662588,53621.846714900006,51486.746289709954,59.89,1.3209912948294966
2020-08-17,53777.65159233478,53366.656151103125,51669.01841119155,63.57,1.3565107083467187
2020-08-18,54238.068725364195,53335.59731252705,51854.061633817604,66.0,1.3573708560912934
2020-08-19,52988.75662516771,53057.64692789103,51975.971407975754,60.25,1.4290823367175838
2020-08-20,52435.30306542142,53048.99414741567,52098.21157193358,60.72,1.4259172229353618
2020-08-21,52480.15724198283,53057.81908208983,52214.17635750994,60.38,1.4255715643306717
2020-08-24,52238.523372222415,52960.68720273142,52314.422748488934,58.15,1.4304862252279926
2020-08-25,51446.83632669518,52800.756707027555,52382.278824785106,57.72,1.46416397812477
2020-08-26,52261.3876802865,52584.14757673442,52473.82893907651,60.08,1.48754312259066
2020-08-27,51599.414778001854,52207.19701282574,52564.64604854162,59.11,1.4866615109073158
2020-08-28,52423.21573442747,52126.40545700597,52673.14660881832,61.86,1.5070895597433893
2020-08-31,52043.38877152209,52070.41770073452,52768.1669203942,59.61,1.5167935528903829
2020-09-01,52444.88486788274,52065.378790148665,52850.5818363674,61.3,1.498325630755071
2020-09-02,51264.381406292436,51926.215652158215,52878.971740778536,56.77,1.5552550500036828
2020-09-03,51069.18069594687,51872.264847765015,52877.17943585242,54.44,1.5362413460158326
2020-09-04,51109.91246047147,51707.7683877913,52869.63840313504,55.99,1.5343777962408982
2020-09-08,51492.96206800341,51692.560857791985,52845.57686503455,56.54,1.5071116931263946
2020-09-09,51900.855899585105,51617.93802424307,52817.13171435123,60.38,1.5018555050436235
2020-09-10,51987.02362081146,51609.88585985665,52781.48184206635,59.94,1.4979283567616237
2020-09-11,51534.827850223926,51479.87771447642,52746.95870412215,59.28,1.4970386276632508
2020-09-14,51907.31986977201,51571.72606640203,52702.59889954204,60.78,1.4836097210218897
2020-09-15,52088.88128499895,51717.39757912393,52663.10930037449,62.02,1.4854323315951685
2020-09-16,52323.888847189985,51890.82277722657,52589.71361812552,63.0,1.4179086701129062
2020-09-17,51609.753537523364,51907.50727287148,52467.31677754745,60.33,1.4055386138304964
2020-09-18,51954.88228471822,51915.225327889835,52347.01333574081,60.12,1.408660930532276
2020-09-21,50566.62367701135,51712.31105020323,52217.384771794575,54.2,1.4431798643950449
2020-09-22,50528.37773848231,51568.5324628119,52070.51705249002,54.07,1.428168985951582
2020-09-23,49446.76868621596,51217.0251508749,51968.88025773888,53.44,1.2468603966988756
2020-09-24,49856.19133861715,50898.06944424872,51883.47387905046,53.83,1.260696676009692
2020-09-25,49508.82447052577,50495.91739044019,51769.819810476896,53.8,1.2463778716789842
2020-09-28,49922.69836220468,50254.909508251716,51681.69809599618,55.36,1.257727792975741
2020-09-29,50684.71349664396,50073.45682424094,51578.600159472975,57.61,1.2122765611219317
2020-09-30,50414.01925171984,50051.656192056835,51451.13184368486,57.9,1.1973830014030225
2020-10-01,50875.61068868494,50101.260899228706,51380.69364580214,59.24,1.1490272467735145
2020-10-02,50321.60799764005,50226.23794371848,51310.237143542865,56.44,1.150276584421904
2020-10-05,50720.25097044839,50349.67503398018,51251.57360115821,57.6,1.1620311200264304
2020-10-06,50270.695957273245,50458.51381780101,51185.979353993134,55.42,1.1690775102748296
2020-10-07,50289.41401966735,50510.90176886746,51147.398610425495,54.23,1.1392124553513439
2020-10-08,50236.76316169811,50446.908863875484,51079.91112647255,55.53,1.095615929414455
2020-10-09,50876.80316594949,50513.020851622736,51055.824072737494,57.07,1.1025612183261724
2020-10-12,50771.560867017426,50498.15659138454,51000.76891049047,57.49,1.05847748443558
2020-10-13,50103.15819485086,50466.949476699745,50936.09455793475,56.68,1.0758726599555488
2020-10-14,50627.880839424346,50453.75374369643,50875.52775698602,57.61,1.0849023802551605
2020-10-15,50455.57494497911,50480.1650276546,50848.56754160896,57.35,1.008374936023917
2020-10-16,50443.37618886053,50502.15962325356,50827.707391372816,56.57,1.0064175121724752
2020-10-19,50642.18621987202,50560.07720299278,50812.116516686234,56.54,1.0092986437995952
2020-10-20,50839.09703472591,50554.69061281745,50790.32101557677,56.42,1.00186822338488
2020-10-21,51267.45279709168,50625.53231711366,50769.20757882694,56.58,1.0033500098989423
2020-10-22,50664.700617372735,50705.752663188745,50725.130145378906,54.09,1.0237296232430644
2020-10-23,50715.31262140901,50718.24291775801,50697.81297108506,53.36,1.0132110523676314
2020-10-26,50804.79024016059,50768.13081706954,50661.06198343138,54.12,1.003736560931176
2020-10-27,51054.38821028237,50855.41824870131,50626.57888094088,56.46,1.006090701858488
2020-10-28,50085.056413237224,50775.82827632555,50551.95113314266,54.69,1.0550453188621405
2020-10-29,50230.57697026628,50688.8968385458,50505.97858090078,54.85,1.0318234748603647
2020-10-30,50428.774803739405,50569.08569663869,50455.10833153501,56.3,1.0261154458310615
2020-11-02,50973.86088090783,50613.251448572744,50468.68290499846,56.76,0.9247670767582379
2020-11-03,51397.24090041193,50710.66977414489,50497.645010396096,58.35,0.9359011572993363
2020-11-04,51159.134303143495,50761.290354571174,50554.72386429385,58.93,0.8455795769102807
2020-11-05,52334.25139454515,50944.127952323426,50637.32586615831,61.7,0.9268036956427167
2020-11-06,52285.36196819479,51258.457317317174,50729.87711608062,60.87,0.9138940551372866
2020-11-09,49588.23813043718,51166.694625913035,50718.72844168842,50.03,1.3282733850725894
2020-11-10,50164.23069789044,51128.90261079158,50701.379015063496,50.72,1.3152929805411375
2020-11-11,49992.040340382984,50988.64253357372,50687.3130513524,51.01,1.3132104346188824
2020-11-12,50507.09793398414,50861.47925265559,50675.02929286237,51.13,1.3161898813476038
2020-11-13,51061.62913119643,50847.54994237742,50699.69666398093,51.59,1.3152589024132837
2020-11-16,50847.403936689996,50635.143162683715,50703.93509618913,51.12,1.3105062355546542
2020-11-17,50724.52291366953,50412.16615489445,50719.06266140242,52.67,1.3004331074337179
2020-11-18,50470.18144587829,50538.15805710107,50725.08824227626,51.32,1.3041613465456385
2020-11-19,50095.950253908995,50528.40370796089,50720.394478683425,49.87,1.3114283969629914
2020-11-20,50188.49212217823,50556.468248217236,50697.450777224454,48.66,1.289813019298979
2020-11-23,49297.544864738185,50383.674952610265,50648.3169104817,45.71,1.3281406169898022
2020-11-24,48466.20357054994,50012.89987251801,50593.751756338526,43.46,1.3415729496691653
2020-11-25,48304.81775825136,49649.673275598456,50516.31632029961,41.45,1.3243635803866394
2020-11-27,47724.85364912603,49221.149094948814,50425.29227710441,40.66,1.3379204871544677
2020-11-30,47489.49941265203,48795.33737591548,50326.82971789737,34.91,1.3388188078232488
2020-12-01,48571.785322430376,48577.599528560684,50257.816354649265,37.84,1.4096344998046553
2020-12-02,48637.90847791813,48356.08757938019,50184.44340275576,36.67,1.4071845522551099
2020-12-03,48938.6711602496,48304.81990731082,50106.817348194374,37.39,1.4023859731434933
2020-12-04,49049.02678302669,48388.08036623576,50052.961553716166,37.95,1.3901617855018498
2020-12-07,49690.75150364515,48586.070901291714,50018.80951645747,40.15,1.4134217326222265
2020-12-08,50086.3857767999,48923.432633817196,49994.86270101219,41.7,1.421475868510172
2020-12-09,48922.39227302269,49128.13161387081,49923.79616977026,41.6,1.4771951868935553
2020-12-10,49034.06720567841,49194.17188290613,49888.76319618474,39.54,1.4400254812003062
2020-12-11,49061.2581184456,49254.65040298126,49849.78590112403,38.5,1.4386883124299357
2020-12-14,48772.72959307283,49230.94446481339,49794.584394101796,40.45,1.4389720540239057
2020-12-15,49483.89830055282,49293.06896731683,49744.91897475645,43.09,1.4512525730121537
2020-12-16,49518.14626261666,49268.41107574105,49682.28248682991,42.29,1.4412482388254615
2020-12-17,50250.100308283516,49291.79886595266,49651.98135366788,43.28,1.4683514186400577
2020-12-18,50150.95847215152,49467.30832297142,49579.20492292146,44.42,1.3999468422145371
2020-12-21,50028.249477383186,49609.334361787354,49503.967839894445,42.86,1.4000742693680581
2020-12-22,49916.758102396416,49731.54864520899,49514.91850562642,42.64,1.03106687719441
2020-12-23,50360.314422919735,49958.346478043924,49521.45462979401,43.72,1.0218746119392492
2020-12-24,50207.49039980452,50061.716777937756,49528.63629844139,41.76,1.0214151808779202
2020-12-28,50032.99208066611,50135.26618051635,49512.83276999742,41.01,1.00524190310816
2020-12-29,50001.651233387456,50099.77345553147,49477.500173403816,40.89,0.982551080108809
2020-12-30,50239.795551315074,50112.46446684003,49457.246560557935,41.59,0.9850211620119832
2020-12-31,50076.752145522056,50119.39341943072,49435.654201619574,40.97,0.9857355118753295
2021-01-04,50612.40084195282,50218.77095365311,49440.39484815523,42.49,1.0018749532411295
2021-01-05,50979.13273589328,50307.17356979208,49469.83426422129,44.08,0.9994944266716476
2021-01-06,49820.64404853487,50251.90980532446,49457.57266176641,40.42,1.086112478813474
2021-01-07,49951.64965992453,50240.28945950419,49479.37615493933,41.26,1.0350003198703308
2021-01-08,47965.129504050725,49949.35778388381,49462.67368605584,34.53,1.2329879822178889
2021-01-11,48322.66917676443,49675.4825875195,49463.26873333951,35.62,1.2394689651474036
2021-01-12,48239.55886684468,49413.02640485125,49480.425573930144,35.24,1.2189175250780457
2021-01-13,48289.62918358833,49081.201882228255,49507.09656629488,33.27,1.2147282369567807
2021-01-14,48206.88714851104,48685.166798317005,49494.9332938311,30.64,1.1407060737569392
2021-01-15,47606.156971034536,48368.81150153173,49460.5415769351,24.99,1.161952972096081
2021-01-19,47937.82055584503,48081.12162952019,49427.17989012152,23.44,1.1636275054065948
2021-01-20,48627.940592382714,48175.808927854254,49413.14368376682,26.14,1.1946784653068272
2021-01-21,48425.66705103217,48190.522909892454,49370.974202013014,26.95,1.1696979112979136
2021-01-22,48205.513296356265,48185.659256965984,49308.27845266486,24.64,1.1596670706725647
2021-01-25,48211.81323019299,48174.54269219509,49284.592484570545,23.96,1.0825016010276374
2021-01-26,48085.577924833175,48157.21280309771,49252.976175209136,23.38,1.081964270928595
2021-01-27,47902.034446410486,48199.48101386534,49214.33538614139,21.66,1.0833076081626722
2021-01-28,47796.91734776764,48179.35198414006,49181.80831129775,21.82,1.079357748822336
2021-01-29,47976.715290553824,48086.31979816407,49131.56887763118,24.28,1.0443334348423359
2021-02-01,48305.995088142125,48069.22380346592,49091.16383848215,23.29,1.053769933479229
2021-02-02,47658.369688791725,47991.060430956735,49004.77281783248,21.95,1.0358277241215155
2021-02-03,47569.86850472393,47899.354041604056,48918.73648558483,22.96,1.035819773548224
2021-02-04,46408.52854094486,47659.77555819175,48798.079121036826,16.86,1.1157828689069587
2021-02-05,47035.812813180135,47536.029610587015,48702.047611396265,19.16,1.1532114298777791
2021-02-08,47476.30602121773,47490.22799250909,48605.91399800628,18.04,1.1547909042799283
2021-02-09,47659.24673575812,47444.875341824125,48520.972542537995,19.78,1.1592927942285245
2021-02-10,47747.71915993336,47365.12163779353,48444.79677851349,19.97,1.1605140848572983
2021-02-11,47309.51071946957,47315.2846421759,48355.05876138285,20.12,1.1687887352013149
2021-02-12,47160.5283476102,47256.80747687391,48252.416521259394,17.21,1.1624342248225261
2021-02-16,46483.51364810752,47267.51963503978,48132.64190467894,14.4,1.1839065154363648
2021-02-17,45995.30709659356,47118.875961241974,47978.738779833664,16.62,1.1661102990517958
2021-02-18,45968.09100918043,46903.41667380716,47811.7040556098,16.84,1.150771711991204
2021-02-19,45908.960524135815,46653.375786432196,47681.31460479647,17.89,1.0915293939149164
2021-02-22,46674.09319970409,46500.00064925743,47572.06272278925,20.11,1.1438328727277103
2021-02-23,46544.64483375392,46390.73409415462,47524.713233779374,19.83,0.8977356916029524
2021-02-24,46295.427258098476,46267.148224223936,47457.1385031571,19.35,0.8867170055538315
2021-02-25,45742.99360399013,46161.35964649277,47373.91966106196,19.0,0.9073930132327824
2021-02-26,45011.45186316423,46020.80889885979,47264.64708371436,16.58,0.9420888330667989
2021-03-01,45138.52183810041,45902.299017277146,47162.36824003384,15.56,0.9466883716888913
2021-03-02,45239.49713481895,45806.66139023219,47083.47957882658,15.7,0.9293388707857637
2021-03-03,44755.37449125439,45532.55871759568,46977.398043340196,15.43,0.928790447918803
2021-03-04,44121.16818778294,45186.34776817156,46827.172296520075,12.84,0.8982277151113192
2021-03-05,44215.89382481371,44889.27156341715,46686.84652231286,12.7,0.9032642675090822
2021-03-08,43688.237968061585,44595.73504399934,46536.27067803641,11.37,0.9176162713227678
2021-03-09,44821.38485486924,44568.58261424303,46423.25639885887,15.54,1.0601350319389344
2021-03-10,44609.678748395694,44493.03360142878,46307.39309297775,14.73,1.060998999033488
2021-03-11,44587.54356747034,44399.89737752186,46196.91006367977,15.47,1.0612489308610034
2021-03-12,44474.03254859354,44359.7056714275,46086.1472370406,19.0,1.0612525150318535
2021-03-15,44744.24558471238,44448.71672813169,45978.39824684585,17.7,1.0666708917634458
2021-03-16,44684.900574251675,44515.71769233687,45857.69509638275,15.76,1.0528877989386405
2021-03-17,44586.97232907555,44644.10831533798,45755.315184392035,14.97,1.0326920616522877
2021-03-18,44590.70787512082,44611.15446108793,45656.00983007178,15.25,1.033500270592106
2021-03-19,45058.94406159849,44675.33522011659,45611.02368076021,17.46,0.9681031316154335
2021-03-22,44802.55985132675,44706.05183209585,45536.58191536516,15.94,0.932052860054645
2021-03-23,44449.77917246623,44702.58706407781,45435.6976870733,14.59,0.9152480219033825
2021-03-24,44804.079931609835,44711.13482792037,45340.525460268305,16.05,0.9275699075470064
2021-03-25,44617.754819047266,44701.542577177286,45236.193315572295,17.21,0.9254100129181523
2021-03-26,44786.351307085744,44730.02528832214,45152.08800182616,17.05,0.9220283211835065
2021-03-29,44165.70639737798,44669.310791502045,45052.26060348501,15.66,0.9478616853128234
2021-03-30,43614.95235292392,44463.026261691535,44956.641893645625,12.93,0.9400771530259038
2021-03-31,44818.63409358695,44465.32258201497,44917.41946021219,15.94,1.0706408157867904
2021-04-01,45002.11186143853,44544.227251868164,44885.220155287534,17.06,1.0743788712104654
2021-04-05,45121.2206952107,44589.53307524004,44858.96216099014,18.48,1.0759769189591397
2021-04-06,45440.22427610303,44707.02871196185,44817.833196869986,19.24,1.0366645645283348
2021-04-07,45534.11590771962,44813.85222633822,44784.14889933566,18.88,1.0373191676965523
2021-04-08,46541.29691224347,45153.22229989086,44792.34455447396,21.4,1.113129975398261
2021-04-09,46272.42227647729,45532.86086039777,44809.992176890126,19.84,1.0954581740502793
2021-04-12,46065.28682488237,45710.95410772519,44845.12000894745,20.68,1.0553278740276208
2021-04-13,46627.010787396044,45943.08252571949,44894.736307257415,22.56,1.0751283332985968
2021-04-14,46442.96430728718,46131.903041731035,44934.8518796732,21.31,1.0788697069537547
2021-04-15,47161.75673153154,46377.83624964846,45015.06462101564,21.53,1.087371359712467
2021-04-16,47335.863426853975,46635.22875238104,45122.22112898454,22.28,1.0449608600532354
2021-04-19,46976.97538262987,46697.468533863976,45214.257180911554,22.15,1.0607479019264028
2021-04-20,47386.0602884445,46856.55967843107,45337.51792492419,24.61,1.033339099826765
2021-04-21,48150.394423371836,47154.43219250015,45448.48491054078,26.01,0.9711391816492292
2021-04-22,47839.69012173583,47327.67209740622,45556.15195631881,27.23,0.9760367777596333
2021-04-23,47513.14999317018,47480.55576681665,45653.67217050865,25.94,0.9892174466932173
2021-04-26,47430.320611834155,47518.92203543229,45752.21510595009,26.22,0.9880066618268945
2021-04-27,47364.65173676823,47523.034651134694,45839.56197768524,26.0,0.9872889089685883
2021-04-28,47085.309337887,47538.51093045728,45919.57560313965,24.07,0.9960024425052821
2021-04-29,46784.18422416336,47452.528635559334,45992.81599964251,21.82,1.004720950241962
2021-04-30,46633.38530969253,47235.81304789228,46060.90524746179,22.11,1.0083100682325936
2021-05-03,47262.29380871456,47153.32786031706,46134.35023903226,23.89,1.0188737975997524
2021-05-04,46688.02787069471,47035.453271393264,46197.19917301138,21.8,1.0414834166132563
2021-05-05,46869.01613957781,46955.26691821431,46277.8404052486,22.41,1.0272961200908173
2021-05-06,47707.15948782136,47004.19659693752,46374.609723789246,25.61,1.0630800888660632
2021-05-07,47996.99014503305,47134.436712243725,46487.250901321815,26.42,1.0585508876698153
2021-05-10,47952.17505805522,47301.292545657074,46592.77835968733,26.8,1.0600684728581602
2021-05-11,48047.50489891337,47503.309629831994,46722.17164307212,26.95,1.0151365847007183
2021-05-12,47618.37101309981,47554.177801887905,46855.61893174474,26.82,0.9986288786231702
2021-05-13,47848.76783749595,47719.99779714431,46956.6233898749,26.16,0.8851595898777835
2021-05-14,48063.78888975469,47890.67961859703,47058.67929081867,26.7,0.8854815058313991
2021-05-17,48727.4882958806,48036.440876890505,47178.88821084102,27.24,0.910375701111895
2021-05-18,48729.1979719544,48141.04199502298,47288.52066736941,27.02,0.9075372157570875
2021-05-19,48986.61200791319,48288.81870214641,47403.60387070924,28.29,0.9090624406144778
2021-05-20,49063.08766374674,48433.90195426345,47487.663562425725,30.23,0.8299467839469614
2021-05-21,48795.797801343426,48602.105781154976,47571.77607992142,29.68,0.8289323128880907
2021-05-24,48925.98155138147,48755.993454567026,47667.13257080466,30.33,0.8204847722193267
2021-05-25,49226.984039780386,48922.16419028597,47753.798345884185,30.44,0.801913056751764
2021-05-26,49288.516720512074,49002.311108091046,47848.65009299169,31.36,0.794556772833739
2021-05-27,49053.97169559021,49048.70735432421,47911.72392512709,30.26,0.7615370852988413
2021-05-28,49237.04437667825,49084.483407003536,47975.09662345449,30.56,0.761580432476869
2021-06-01,49114.729483258256,49091.860809792364,48046.35509347568,29.84,0.7465230917681741
2021-06-02,49483.271234896725,49190.07130030011,48116.2621250242,30.45,0.7428337093172348
2021-06-03,48614.953116644785,49145.63866676603,48131.747414800026,28.08,0.7677233916481117
2021-06-04,49151.41765028724,49134.84346826588,48175.47166575144,29.38,0.7805842105524433
2021-06-07,49242.63989942257,49128.289636680056,48233.12132929315,29.3,0.766805215901463
2021-06-08,49055.64234834554,49128.528301360355,48287.298720510305,27.05,0.7704518662048919
2021-06-09,49193.40323346995,49122.293852331386,48348.25710373372,25.96,0.7694934065191538
2021-06-10,49226.128453958525,49138.20799100186,48419.61774093608,26.09,0.7575849255066406
2021-06-11,48807.58433683982,49041.681291280045,48487.06441135903,24.94,0.7660969290990567
2021-06-14,48604.769904868714,49040.22654674096,48552.77723119805,24.02,0.768239708716093
2021-06-15,48323.509981241026,48921.954022592734,48588.15110361576,23.39,0.7439685814946991
2021-06-16,48562.318615026736,48824.76526767867,48650.627461759745,21.36,0.7061156780671255
2021-06-17,46626.97890007475,48477.81334649665,48642.559553776184,14.75,1.0292841706118485
2021-06-18,46742.446066040815,48127.67660829212,48610.40243971646,14.53,0.9732716324199844
2021-06-21,47040.16693063098,47815.39639067437,48578.508332569894,15.73,0.9739855137872867
2021-06-22,46889.46388599577,47541.379183409466,48543.08462683459,16.99,0.9751151781243141
2021-06-23,47172.86717027404,47336.82164989625,48513.93003587971,17.62,0.9817600770068607
2021-06-24,46941.60593269199,47139.406785818086,48491.37119986614,18.13,0.9726336412728389
2021-06-25,46932.23666157561,46906.537935325076,48460.82016066859,18.96,0.9675586155956143
2021-06-28,47025.86979986575,46963.52234958112,48426.222857672474,18.24,0.9640931608912189
2021-06-29,46627.378103801886,46947.08406926266,48356.219184603295,17.68,0.9339699857184348
2021-06-30,46840.36951609637,46918.54158147105,48293.25823607445,17.1,0.9400595200158768
2021-07-01,47028.01198072185,46938.33416643313,48227.97156850149,17.61,0.9372744233935132
2021-07-02,47315.875206001685,46958.76388582374,48169.73115324378,18.18,0.9457602712315721
2021-07-06,47460.10701765763,47032.835469388534,48125.20812712063,17.99,0.9452106198424802
2021-07-07,47957.3178657095,47179.27564140941,48092.91933759848,18.33,0.9658455775851122
2021-07-08,47944.54269050611,47310.5146257856,48050.171292622384,17.86,0.9573976020933449
2021-07-09,48156.84575462865,47529.01000447358,48012.448927092555,18.77,0.9615330050587101
2021-07-12,47888.67967115224,47678.768598054136,47973.60585961143,18.41,0.9628165155449889
2021-07-13,48025.11031981796,47821.21121792495,47933.20805771649,17.6,0.9615312529055348
2021-07-14,48496.847977785736,47989.92161389334,47912.61200753401,18.24,0.9801056269796219
2021-07-15,48482.142329285816,48135.92665841324,47879.241044013696,18.87,0.9687645916094426
2021-07-16,48157.43749102408,48164.51517631539,47863.99052316,20.42,0.9225998615977747
2021-07-19,48064.55250669623,48181.65943577247,47827.76168504059,19.98,0.8978353104226843
2021-07-20,48356.18102619392,48210.1359031392,47798.21305593302,20.01,0.9052402578311786
2021-07-21,47843.14931131259,48203.63156602,47757.79662136535,17.99,0.9220158021116901
2021-07-22,47843.089336586774,48177.62856841513,47712.78615813603,17.46,0.9196565630091079
2021-07-23,47755.23937173131,48071.68448183579,47663.75652206192,18.31,0.9193357648148517
2021-07-26,47681.671504645885,47957.33150688665,47626.22609432191,18.0,0.9083855872209079
2021-07-27,47600.74435637925,47877.803916222285,47592.75857603898,17.19,0.9063021424058756
2021-07-28,47737.09464270563,47831.02422136494,47573.21139808744,17.01,0.9031692549529652
2021-07-29,48504.80871907503,47852.256748918975,47571.29440155576,17.47,0.9475595594736088
2021-07-30,47923.06567456281,47863.673372238874,47614.497294038534,15.16,0.6251347687356225
2021-08-02,48150.75879293473,47907.62615171714,47661.44105160187,14.65,0.6284420741240293
2021-08-03,47908.53139596649,47929.52501232283,47690.3865337799,11.69,0.6293774206209477
2021-08-04,47843.30689492188,47952.61578236307,47722.181300744414,10.02,0.6264005372784762
2021-08-05,47681.067400646985,47964.090502973115,47739.12130842358,11.1,0.6222664617008714
2021-08-06,46425.8478395154,47776.769531090344,47721.929371984304,8.9,0.7862445636966424
2021-08-09,45711.630663051874,47377.74409451655,47681.2425053671,7.53,0.8328176853040462
2021-08-10,45839.3490779021,47080.07029499327,47641.6918146347,12.65,0.8338839974798792
2021-08-11,46392.94050714686,46828.95339702283,47633.87722807924,11.65,0.8530114816532776
2021-08-12,46148.76192542299,46577.55775837387,47610.82364172389,6.69,0.8532147624926575
2021-08-13,46939.373388707,46448.42440034236,47607.8690219899,7.82,0.9087546714861655
2021-08-16,47221.19077716886,46382.727739845,47604.712874361874,5.81,0.9084838232427883
2021-08-17,47118.99272930291,46481.74843838598,47593.3423980837,5.57,0.9073838472272393
2021-08-18,47174.830103378656,46690.776929861735,47567.25947267264,5.26,0.8852718076492428
2021-08-19,47077.72873822854,46867.688309910045,47538.36567426373,5.44,0.8857060531605341
2021-08-20,47200.03467473165,46982.98747670864,47506.47197160075,7.14,0.8827702660052117
2021-08-23,47706.32166117949,47205.496010386516,47500.39337126811,11.01,0.9012787343852036
2021-08-24,47644.066323075596,47306.16642958139,47487.69190470974,15.41,0.8998011332516372
2021-08-25,47209.699893246434,47304.524874736155,47444.78696855853,18.86,0.8932828564228881
2021-08-26,47286.713750614916,47328.48502063751,47404.93934926937,14.08,0.8943943835124893
2021-08-27,47966.72445732881,47441.612785486235,47398.58224814584,21.29,0.9285507998077241
2021-08-30,47341.31015197046,47479.26727316209,47374.47416965465,18.06,0.957827474085836
2021-08-31,47443.14103848063,47513.99675369688,47344.039503397544,17.6,0.9512694670063748
2021-09-01,47125.87546904129,47431.07586910682,47320.13037532171,9.95,0.9396505158991427
2021-09-02,47004.042044226284,47339.6438292712,47292.16213224282,2.31,0.9403989648301734
2021-09-03,47626.08445150431,47399.12733759412,47287.85696823547,4.41,0.9729596084115363
2021-09-07,46751.27042238158,47322.63543356104,47256.84359882672,3.28,1.0287884768836597
2021-09-08,46794.68969441232,47155.20189600332,47229.97511009475,6.62,1.0289445308773915
2021-09-09,47224.87854601489,47138.56880943903,47212.90124020527,6.67,1.0425160187687195
2021-09-10,46859.99785222449,47055.262639973844,47158.07421131035,8.52,1.0033378859700763
2021-09-13,46914.09841367581,47025.0087749213,47124.44196928094,9.11,0.9826172247838234
2021-09-14,47257.18426339073,47061.17194908857,47094.65615162949,3.61,0.9885791109853772
2021-09-15,47005.3075034817,46972.48952794075,47064.54868854632,3.12,0.9890590880819511
2021-09-16,45881.061145663356,46848.173916980624,46999.140496904154,-0.77,1.0769769393058768
2021-09-17,45824.134338663236,46709.52315187241,46937.24272817125,0.18,1.0762792087778732
2021-09-20,46231.24472085793,46567.575462564826,46930.755957549314,0.12,0.9813949311143911
2021-09-21,46580.40206315331,46527.6332069827,46959.71500421911,-2.35,0.9469022860792551
2021-09-22,46683.34581990974,46494.66855072975,46987.84822895278,-2.88,0.9465107928725575
2021-09-23,45972.51444743649,46311.144291307246,46973.83402696252,-5.92,0.963972370168882
2021-09-24,46003.37761683879,46168.0114503588,46968.9878833428,-3.02,0.9594260227342956
2021-09-27,45994.38020542844,46184.19988746728,46937.488110566635,-4.27,0.9028458851581616
2021-09-28,45628.83728761435,46156.30030874695,46884.40966091504,-3.72,0.903385044588967
2021-09-29,45460.11642235784,46046.139123246074,46829.11378401667,-3.52,0.9044393253939038
2021-09-30,46451.87168634566,46027.777640845095,46805.015170115235,-0.88,0.9965805409979512
2021-10-01,46454.56956302332,45995.095318432366,46784.243197608,-3.47,0.996163904476314
2021-10-04,46633.47659929828,46089.51848298311,46765.357928426565,-2.64,0.9977243387612926
2021-10-05,46722.80076993131,46192.29321913847,46732.573898718256,-1.93,0.976729033006306
2021-10-06,46740.68272860288,46298.90786530716,46702.461112235986,-1.03,0.9768235868572174
2021-10-07,46794.83823697524,46465.47942950045,46688.632390360035,-0.72,0.963828470758349
2021-10-08,46796.02262629019,46656.323172920514,46672.27601954937,-0.67,0.9631937806423891
2021-10-11,47047.98485415654,46741.48219689514,46641.651366110644,2.62,0.9293114296939108
2021-10-12,47207.80422952918,46849.087149253915,46637.20116869608,1.72,0.9015001594543397
2021-10-13,48210.16427578798,47074.32824589738,46662.76860994001,3.29,0.981378284142743
2021-10-14,48177.174243931506,47282.09588504051,46697.811902436115,3.03,0.9721231053769821
2021-10-15,47190.272943566815,47346.323058607326,46704.01959908108,1.7,1.0456489195580183
2021-10-18,47133.03353550596,47394.63667268412,46687.5845685477,-0.61,1.0163365913020936
2021-10-19,47408.57520229408,47482.14418354205,46709.49472787827,0.76,0.9625994623533058
2021-10-20,47721.032201796144,47578.29380463277,46740.37281145751,3.05,0.9689775301319818
2021-10-21,47446.276734789266,47612.361305383696,46747.75275108318,0.86,0.9622082358203532
2021-10-22,47863.12436883185,47562.784175817455,46781.19030163685,2.02,0.9625257804623804
2021-10-25,48225.52777869429,47569.69182364217,46824.90461380432,1.7,0.9705501726204245
2021-10-26,47931.78352061132,47675.62190607616,46847.39125571152,0.12,0.9711721327675686
2021-10-27,47942.14568222429,47791.20935560763,46878.61919500331,0.95,0.9649143905956435
2021-10-28,48144.15344248777,47896.291961348485,46954.05560489744,0.94,0.8468698525146273
2021-10-29,47486.610821073875,47862.80319267298,47009.47148764432,-1.32,0.8906509049295396
2021-11-01,47892.66313595962,47926.572678555334,47064.85210148096,1.56,0.8896830272370414
2021-11-02,47659.24393070559,47897.44690168117,47100.8134970665,0.45,0.8880893323358735
2021-11-03,46916.424579183265,47710.432158893775,47108.58278904259,-0.03,0.936474005488133
2021-11-04,47522.01849240676,47651.89429772113,47160.232923874755,1.32,0.917249358860164
2021-11-05,48169.77105853,47684.41220862099,47232.446038597824,2.1,0.9450306143138015
2021-11-08,48274.73694443531,47703.06699461384,47308.4579298983,1.16,0.9444880288787334
2021-11-09,48171.056811560746,47800.84499325497,47393.19858069618,1.49,0.9299740829610414
2021-11-10,48797.63650594455,47930.126903252945,47504.44925014923,3.26,0.9454895388292877
2021-11-11,49362.30966474953,48173.42200811633,47601.46384942978,7.08,0.8898380142726331
2021-11-12,49431.75846512497,48532.75542039318,47700.70347950012,5.25,0.8891289439025507
2021-11-15,49396.015199720285,48800.46923572464,47792.788099514444,7.93,0.8899635655671446
2021-11-16,49127.90507587072,48937.34552391725,47872.9582430462,5.91,0.9001264038100735
2021-11-17,49570.26867862772,49122.42148594345,47967.27777471344,5.69,0.9094452815636371
2021-11-18,49207.87869942371,49270.53889849569,48047.712456795074,5.16,0.9251600545285636
2021-11-19,48892.455267795056,49284.0844359036,48117.59354484528,2.86,0.9366118118897686
2021-11-22,47781.10758222339,49058.198424113645,48142.03096911411,0.0,1.0322260411784039
2021-11-23,47266.609409231154,48748.891416128194,48143.99114177078,0.01,1.0510599820746538
2021-11-24,47293.43446188914,48448.52273929545,48113.43348130733,-0.5,0.9725338754636204
2021-11-26,47362.624783743755,48196.33984041853,48086.281832634406,-1.21,0.9732549313851917
2021-11-29,47584.990097891816,47912.728614600645,48099.439071111876,-0.36,0.9010596700952496
2021-11-30,47399.00273614892,47654.317762704835,48108.30471113324,-1.75,0.9039772583952224
2021-12-01,47610.26457855618,47471.14766424043,48115.02769034157,-1.73,0.9013521417455187
2021-12-02,47031.054846373794,47363.99727340468,48092.02844516088,-3.19,0.9202113937912881
2021-12-03,47578.184602917005,47408.50801536015,48096.42537409862,-1.47,0.9401479731854789
2021-12-06,47616.58464333615,47454.67232699479,48088.20738324871,-1.66,0.9260126847359937
2021-12-07,47853.04526224714,47524.732395353065,48075.79129936695,-1.19,0.9197398690769862
2021-12-08,47885.510133238204,47567.66382897326,48074.2488531212,-1.35,0.9131128397319239
2021-12-09,47633.23681467936,47601.12584019133,48063.95189086944,-2.97,0.918158399965598
2021-12-10,47993.082944536014,47655.81417819006,48058.916207604605,-1.21,0.9256599007545067
2021-12-13,48155.081704781835,47816.38944367639,48081.19857039501,-1.1,0.8909885187043494
2021-12-14,47800.13928667839,47848.097255642926,48078.11444208572,-1.05,0.8888240018475106
2021-12-15,47727.8068633096,47863.98614421061,48080.399873172246,-1.97,0.8846115309001238
2021-12-16,48753.50220042322,47992.62284966452,48141.63579388012,-1.17,0.9165317662399519
2021-12-17,48920.69156167189,48140.50591086916,48188.258229522406,0.31,0.8912012987247426
2021-12-20,48543.616467257765,48270.56014695125,48200.719743146496,-0.93,0.8719102765063745
2021-12-21,48229.21605879433,48304.293448986755,48199.20238029162,-2.04,0.8797451127859686
2021-12-22,48552.39937057198,48361.053115527546,48211.91379892528,-1.74,0.8870785465739507
2021-12-23,48664.140811063,48484.48190472381,48207.46394242893,-1.72,0.8551590967394841
2021-12-27,48488.46187364261,48593.1469061992,48178.335682724915,-0.79,0.8284816745669503
2021-12-28,48329.04360126755,48532.50996346346,48141.57852059652,-1.71,0.8290680098951868
2021-12-29,48041.64785830416,48406.932291554556,48096.432942549385,-2.34,0.8345451001210824
2021-12-30,48131.15353290688,48348.009015219555,48063.20789111704,-3.68,0.8314931069433059
2021-12-31,48433.61314006444,48377.20859825824,48025.31937316507,-3.93,0.8220318143293658
2022-01-03,47741.81395430707,48261.41068165004,47976.450548327964,-6.61,0.8506109290297931
2022-01-04,48057.80588742063,48174.79140684434,47948.6289023151,-6.39,0.8551406585532447
2022-01-05,48424.12617665906,48165.600592990006,47970.06285546273,-7.26,0.7575077632189425
2022-01-06,47404.60887534059,48033.53848928426,47974.66283766627,-10.14,0.8299574567840128
2022-01-07,47617.666497898106,47972.96972351202,47985.47057219992,-10.25,0.8337584586488757
2022-01-10,47559.16018520623,47891.25638812567,47992.02175224871,-9.53,0.8338690806528909
2022-01-11,47955.427225554326,47822.944114625454,48004.3696565042,-9.92,0.8432634524652163
2022-01-12,48024.95173558494,47863.39236909364,48025.23462315202,-9.85,0.8397248124412445
2022-01-13,47856.74812857627,47834.66983211679,48033.45074148625,-12.23,0.8392721136899238
2022-01-14,47845.26714890223,47751.97568529419,48060.59115157028,-13.45,0.8062451418379459
2022-01-18,47917.13480707498,47825.19367554358,48071.88949170907,-13.76,0.7792178502162056
2022-01-19,48970.76077253446,48018.49285763502,48117.02869601597,-10.07,0.8744340692587607
2022-01-20,48842.96561690997,48201.893633593405,48150.02604117145,-11.09,0.8734406876567813
2022-01-21,48561.275506396996,48288.443387998,48172.55155360997,-7.5,0.8814365727890766
2022-01-24,48798.147205330235,48398.89988367473,48211.38189996481,-6.91,0.8779803782337932
2022-01-25,49242.38868454332,48596.84853452657,48253.025424631436,-6.95,0.8825077773725915
2022-01-26,48724.488614802256,48722.45160108379,48272.00565496534,-7.31,0.9051996941505941
2022-01-27,47823.376873734465,48709.05761060544,48272.78024120033,-11.07,0.9594169555934009
2022-01-28,47799.11973995344,48541.68032023524,48275.157337088385,-11.87,0.9590236069755627
2022-01-31,47960.750703153804,48415.649618270145,48248.73228717943,-9.49,0.8728231634354527
2022-02-01,47792.61667366541,48305.84121359459,48211.12979091257,-8.85,0.8712139081284548
2022-02-02,48151.08570320903,48213.403856149744,48198.045432111125,-8.25,0.8735189352209952
2022-02-03,48035.448654594,48040.98385187132,48191.586518637836,-8.05,0.8666171860340686
2022-02-04,48016.531334956686,47939.8470976076,48173.72425078402,-6.67,0.8570518070541806
2022-02-07,48387.52597285218,48020.43982605423,48164.50375617742,-7.41,0.8684520943319488
2022-02-08,48557.4677728951,48128.775259333,48166.8039528196,-5.9,0.8684119538036198
2022-02-09,48810.19528111369,48250.12448475616,48182.84234214773,-6.89,0.8708802617695172
2022-02-10,48911.13120207563,48409.912274528826,48211.825120273235,-6.02,0.8631026095690453
2022-02-11,49511.81701866733,48604.30246245222,48257.847236465415,-5.59,0.8887938857761808
2022-02-14,50112.116411698975,48900.96928489634,48313.79734552006,-2.25,0.9070182752345632
2022-02-15,49985.46000968244,49182.24480985744,48388.58554736574,-2.12,0.8622124288417657
2022-02-16,50060.45339899773,49421.23444216379,48455.34046441863,-2.05,0.8569212372064564
2022-02-17,50786.985505490054,49739.736975390995,48534.102442046504,-1.37,0.8830195286351997
2022-02-18,50745.07305690413,50016.148086217894,48645.45124809891,-2.23,0.7744065468179051
2022-02-22,50574.954538955666,50253.837134344234,48744.02751613408,-2.72,0.7799753953906896
2022-02-23,50729.2683410526,50427.75875182663,48849.69778799564,-1.56,0.7777018192813555
2022-02-24,51158.603347264645,50577.256885479605,48956.47032538603,-1.44,0.7780630959113407
2022-02-25,50653.615107594494,50672.707613753424,49044.09243778636,-2.76,0.8086141105705651
2022-02-28,50769.836196195414,50774.04801335292,49141.195373373725,-2.97,0.8023851879371745
2022-03-01,52069.14368426695,50957.21346746385,49281.99125788609,0.89,0.9090110199012393
2022-03-02,51846.00781888517,51114.4898620333,49412.95369161318,-0.21,0.9180962941167058
2022-03-03,52093.14597135142,51331.37435237638,49517.0331982404,3.02,0.8439943325861948
2022-03-04,53102.30940347338,51670.38021843774,49659.011324459316,5.09,0.8955701550664381
2022-03-07,54254.21883240386,52112.61100202799,49848.776101993026,9.72,0.9437084593762052
2022-03-08,55992.79587385076,52875.35111149294,50088.59772427728,12.31,1.0760261530626665
2022-03-09,54387.6207513539,53392.17747651466,50260.105459837614,9.85,1.2318210188389855
2022-03-10,54167.087663836726,53691.88375930914,50441.52542813867,8.5,1.2121528302683418
2022-03-11,53873.432284849645,53981.51582587404,50643.19394184252,6.29,1.1519662691171888
2022-03-14,53555.14754993157,54190.373194241096,50835.06153550844,6.23,1.163484203543125
2022-03-15,52524.185705616495,54107.78409454652,50987.17603559047,3.24,1.2377150393153946
2022-03-16,51813.537134645805,53759.11528058137,51121.206717623274,2.96,1.2693134920080258
2022-03-17,52572.413742110395,53270.48926176131,51268.58431891997,3.65,1.2850955400788115
2022-03-18,52166.89200503315,52953.24229800062,51406.29909726779,3.77,1.296421778455016
2022-03-21,52153.546024194635,52665.59349233763,51544.19958690902,3.71,1.2963057120344987
2022-03-22,52186.5921729797,52424.61633349955,51670.83512691309,3.88,1.293550918605008
2022-03-23,52477.10695195343,52270.6105337888,51801.489766214785,3.15,1.2945922872174669
2022-03-24,53469.204622898855,52405.613236257006,51956.79007760734,5.31,1.3275810563344157
2022-03-25,53097.35357706532,52589.01558517345,52096.33082344035,5.98,1.34022574141136
2022-03-28,52680.36879425165,52604.437735478794,52201.94921595951,4.05,1.3416658652854985
2022-03-29,51764.35298277936,52546.93216087137,52257.023768328625,2.59,1.3738696024128818
2022-03-30,52093.49027933504,52538.352768749,52327.29144398371,3.27,1.375194991535739
2022-03-31,52628.295345973456,52601.45322203423,52412.88617554952,3.92,1.3845448797749187
2022-04-01,51871.22471965845,52514.89861742088,52449.02748268843,2.03,1.3932665857109723
2022-04-04,52203.01338754911,52334.01415522822,52497.62549370974,1.82,1.396600061402074
2022-04-05,51678.695628561334,52131.3487340148,52534.41686336348,2.0,1.409141711553414
2022-04-06,51539.10956701068,51968.31170155321,52561.41157089571,1.62,1.409908146875026
2022-04-07,52293.269013948084,52043.87113457705,52599.2337597847,2.93,1.4261430196690628
2022-04-08,52482.13956999559,52099.39246181505,52660.184575198095,2.8,1.4124377873221063
2022-04-11,52557.95987738909,52089.34453773073,52719.78869790435,4.94,1.4123123150063106
2022-04-12,53253.05580661243,52286.74897872337,52759.25243531565,6.02,1.3557288755402246
2022-04-13,53714.029536856724,52502.60842862512,52821.5198259145,6.51,1.3594479580826702
2022-04-14,53420.44807810859,52751.43020713116,52865.763229472934,4.8,1.363202721553006
2022-04-18,53893.762939295215,53087.809260313,52892.145013999936,4.86,1.3271945240053094
2022-04-19,53118.83049999252,53205.74661546307,52854.29873625289,3.83,1.292249672766946
2022-04-20,53141.324584289134,53299.91590321915,52759.24969326754,1.54,1.1361205782491752
2022-04-21,52822.72478045621,53337.739460800374,52707.08649423768,1.03,1.019856294015577
2022-04-22,52451.395522225284,53223.21656303108,52649.8967561841,5.77,1.0244430120888108
2022-04-25,51544.832951002,52913.33133648123,52572.27677838951,2.75,1.0641357178683106
2022-04-26,51811.62401678063,52683.49932771921,52514.1593272845,3.64,1.0672423112847684
2022-04-27,51568.08241805966,52351.259253257085,52482.28921769907,2.1,1.0133689512292843
2022-04-28,51428.16373830943,52109.73543015974,52469.443437821166,0.72,0.9844708724546688
2022-04-29,52068.49658794314,51956.474287824974,52452.64619934907,2.4,0.9738116848803418
2022-05-02,50729.440901568,51657.43373369745,52404.73116256694,0.01,1.0717790233739173
2022-05-03,50920.8386239761,51438.782748232996,52363.64091589302,0.89,1.0751007403945156
2022-05-04,50834.03097285749,51337.23960849643,52318.55554255545,1.47,1.074917431226284
2022-05-05,50713.87632827677,51180.41851013899,52259.78118843287,1.05,1.068403489675738
2022-05-06,51270.565923289374,51137.91615374386,52186.493231779335,4.0,1.0262286575886252
2022-05-09,50888.62182365981,51060.83873736433,52112.86883999904,5.0,1.027200758166652
2022-05-10,50684.60225481168,50863.13954691589,52046.34328868439,4.93,1.0212069892992712
2022-05-11,50972.37979927894,50897.84510373218,52019.94418256779,6.8,0.9814616175818108
2022-05-12,50275.44321569592,50805.645759693216,51959.342613780005,5.87,1.0013620364420246
2022-05-13,49839.70029733726,50663.59852033428,51866.38944549213,2.61,0.9865840466968129
2022-05-16,50035.350133425,50566.666206783484,51805.193625950815,2.87,0.9621594463688721
2022-05-17,50371.610675480064,50438.244028525696,51744.14686888208,2.93,0.9630543178066504
2022-05-18,50027.92231151888,50315.286955362986,51689.12109164695,2.0,0.9545493833496717
2022-05-19,51018.37862279922,50362.96929364758,51671.76339350641,2.67,1.0266870376599422
2022-05-20,50773.4030594012,50334.54404509493,51621.10119502197,1.37,0.9899545393808431
2022-05-23,51200.20862779638,50466.65338967954,51578.37016361505,4.66,1.0013521052620298
2022-05-24,51485.91784628443,50701.82732524191,51542.635429244736,5.0,1.0073424541532456
2022-05-25,50932.62763429386,50830.00982536589,51465.28782350073,3.81,0.9884852757295713
2022-05-26,50977.9052226217,50916.62333210026,51374.08367969294,4.52,0.9711582415990018
2022-05-27,51173.13323612653,51080.224892758895,51299.173184960084,3.41,0.9735401973219739
2022-05-31,50863.69263792897,51058.126894921064,51198.170841581625,2.72,0.9573502290385385
2022-06-01,50931.51875125771,51080.714850900426,51125.26044995735,1.36,0.9291935422558106
2022-06-02,51562.645003681675,51132.491476027026,51072.63779727022,2.81,0.9622148237866103
2022-06-03,50832.82471479003,51039.1924572438,51006.307795081535,1.61,0.9881187314878777
2022-06-06,50880.57506799768,51031.75637634524,50953.94711327404,1.93,0.982691524811447
2022-06-07,51193.606099914214,51062.57078738724,50942.23955157101,1.65,0.9407586044904392
2022-06-08,51216.35599299344,51068.74546693904,50922.39728411138,2.01,0.9354121858900873
2022-06-09,51165.970629500094,51111.92803716234,50908.99355782618,2.26,0.9318961461002362
2022-06-10,51857.10774493945,51244.15503625785,50923.29169138024,3.71,0.9634481473529828
2022-06-13,50885.37527782784,51147.40221828009,50883.85431437641,1.28,0.9957903864301727
2022-06-14,50359.44534136309,51079.776593504204,50871.521129036446,0.56,0.8973678424346678
2022-06-15,50407.68282476671,51012.22055875616,50854.41593572944,-0.4,0.8945320993861116
2022-06-16,51195.77784183658,51012.53080760156,50866.474164695544,0.42,0.9399956932794281
2022-06-17,50966.27972908193,50976.80562704376,50874.88761138916,2.3,0.9428419679470986
2022-06-21,50909.966711588975,50940.23363877194,50862.867637666066,1.92,0.9208043444197613
2022-06-22,51032.86233271413,50822.48429416971,50867.67565463483,6.4,0.9115682882654255
2022-06-23,50831.427726526206,50814.77750112542,50872.5698370253,5.19,0.9114718278108503
2022-06-24,50820.73127473635,50880.67549160762,50867.514886207384,5.35,0.9054478685834637
2022-06-27,50736.168414239546,50927.60200438968,50882.87239282529,5.07,0.8690012682385779
2022-06-28,50763.61875083183,50865.86499138815,50913.669674608114,5.3,0.8521875315273955
2022-06-29,51065.69055263468,50880.066537610124,50948.014355248706,7.27,0.8556683600543163
2022-06-30,50683.04747500747,50847.649503812194,50958.39558189958,5.73,0.8606058486497622
2022-07-01,52519.33664019322,51060.00297630898,51041.4427261889,8.0,1.071805061423745
2022-07-05,51420.88670784023,51144.21140221187,51054.859662356976,6.19,1.0920007658851516
2022-07-06,50910.88659058646,51157.09073304704,51059.44244672954,5.61,1.1042017126431947
2022-07-07,50790.41078131789,51164.83964263116,51045.782518513995,5.35,1.0938908091194677
2022-07-08,50983.679995050436,51196.27696323395,51029.04125680625,6.03,1.091127307223562
2022-07-11,50743.42641226875,51150.239228895734,51022.73454940567,5.93,1.0766134741523692
2022-07-12,50640.18778134089,51144.11641551341,51011.477301362655,5.95,1.0770400465439944
2022-07-13,50959.59261874079,50921.29584101907,51004.35928078294,6.22,1.0811516368310405
2022-07-14,50295.52034217417,50760.52921735176,50985.42020425747,4.12,1.1017602324732614
2022-07-15,50278.11974772145,50670.13395408647,50963.64023747295,5.5,1.1013197562131969
2022-07-18,50379.221076387395,50611.39256766652,50924.19277322988,5.91,1.0758475008612645
2022-07-19,50598.67144355355,50556.39134602462,50916.38766418844,9.03,1.0488744010999655
2022-07-20,50178.39614295655,50475.672736123204,50892.98170002053,6.68,1.059243157332228
2022-07-21,50661.532464891105,50478.72197663145,50875.24591218631,6.71,1.068528835171372
2022-07-22,50942.20963805979,50476.23869367795,50866.10770035535,6.89,1.0737795953344864
2022-07-25,50767.42268290857,50543.65331378366,50852.82276880244,6.32,1.0753841082034383
2022-07-26,50631.035653499006,50594.06987175132,50811.953699088095,7.02,1.0443742531162274
2022-07-27,50747.74840122952,50646.71663244282,50807.36613653451,7.61,0.9885286597748462
2022-07-28,51672.78216192265,50800.161020781314,50851.1440305531,11.16,1.0229390803646319
2022-07-29,51864.933088258986,51041.09487010964,50899.71903933634,12.76,1.0242258553662689
2022-08-01,51798.0111842197,51203.448972870196,50919.79348408232,12.68,0.9867687381064233
2022-08-02,51702.93108549179,51312.12346536134,50944.34852929612,12.62,0.9833959369311756
2022-08-03,51092.22990332782,51358.524496849095,50950.42396902045,9.47,1.0086194497085907
2022-08-04,52318.40286292902,51599.57695533974,50993.275320027766,12.4,1.0982061706000175
2022-08-05,51886.05203355201,51762.19175995886,51028.42946359565,12.08,1.1075471045537302
2022-08-08,52461.77793257978,51874.90544148215,51083.13101885716,14.69,1.123313785005934
2022-08-09,52800.06306773183,52008.4954385502,51151.92750730713,17.3,1.1261405083520493
2022-08-10,52831.55219057442,52156.14415374398,51220.85862196535,17.04,1.1261265615711176
2022-08-11,52339.93942956431,52247.14534575386,51263.33358452966,15.7,1.139204142964277
2022-08-12,52943.49380050043,52511.61161677965,51338.68179537952,18.3,1.143904749078576
2022-08-15,52446.15660540729,52529.86215141841,51336.242460886635,18.87,0.9540157851182117
2022-08-16,52155.764684142574,52568.39253007301,51360.738393429914,17.96,0.875890476745685
2022-08-17,51511.50878555873,52432.639794783936,51380.759133262436,17.91,0.8869426548389512
2022-08-18,51503.88357022117,52247.47129513962,51404.541559559104,14.91,0.8854553072339757
2022-08-19,51540.92848552956,52063.09648013328,51423.11650924186,15.54,0.883276386836526
2022-08-22,51236.76903255077,51905.50070913136,51439.56126325131,14.91,0.8859121533008266
2022-08-23,51592.96315728904,51712.56776010139,51471.32044245004,16.01,0.8927019612347393
2022-08-24,51603.566634295436,51592.1977642285,51492.78624296884,15.33,0.8863194718347513
2022-08-25,51858.36113868211,51549.71154344933,51544.88093618602,16.05,0.8520817152221235
2022-08-26,51276.3511212045,51516.117591398106,51578.15531530182,15.0,0.8809047074060715
2022-08-29,51340.0467501523,51492.71233138868,51610.18283776094,15.14,0.880619894169172
2022-08-30,50949.50401033814,51408.22312064682,51621.87725665371,13.07,0.8903721264482741
2022-08-31,50461.14361230356,51297.419489183594,51631.30217229873,12.63,0.8949145419628246
2022-09-01,49900.12741023969,51055.58581103171,51605.922003810105,12.26,0.8998952839629305
2022-09-02,50394.56995762253,50882.87200007907,51587.66734779577,12.48,0.9133818800880473
2022-09-06,50159.13379859702,50640.12523720945,51567.391051652034,12.42,0.9151184349063591
2022-09-07,50669.75937926727,50553.46927407597,51568.6818425109,13.14,0.933805816820406
2022-09-08,50299.208568185626,50404.77810522275,51553.73051474293,13.89,0.9423305263388927
2022-09-09,50576.53900058091,50351.49738954433,51517.18907603175,15.96,0.8830732719775672
2022-09-12,50894.96798550603,50413.47230000155,51484.85690594018,13.56,0.8887326891928885
2022-09-13,50025.2081747023,50431.34098064048,51425.763472289844,11.16,0.9384389723736536
2022-09-14,49930.810269524976,50365.089596624886,51366.69277842392,10.66,0.9384530043861294
2022-09-15,48923.92099087182,50188.63062409205,51294.41581467539,7.67,0.9826287469489149
2022-09-16,49353.38261194661,50000.57680018885,51195.58180630903,8.39,0.8810142238116928
2022-09-19,49092.6857283343,49828.21639449681,51102.46959613512,5.48,0.8752567246419439
2022-09-20,48912.21487276646,49590.455804807796,50984.1508274744,5.7,0.8410550033885718
2022-09-21,49090.5982848258,49332.68870470992,50860.50200137744,6.57,0.8325215301810674
2022-09-22,49451.352854960256,49250.70937331872,50747.82869019061,6.06,0.849826316959984
2022-09-23,49311.93997566257,49162.299331339345,50646.895375060536,6.18,0.8392228931124939
2022-09-26,48768.16334333343,49140.04823883517,50507.71769315501,3.41,0.8149731609805825
2022-09-27,49087.427007316444,49102.0545810312,50395.76003988534,3.7,0.8217772101618404
2022-09-28,50171.157697261646,49256.12200516249,50329.606473656,6.8,0.930269318307056
2022-09-29,49932.3002562306,49401.84848851604,50276.96618934522,5.37,0.9091126014469519
2022-09-30,50081.614988626745,49543.42230334452,50229.55723662525,4.01,0.9119250160634798
2022-10-03,51025.937545894805,49768.36297347716,50212.39087197085,6.66,0.980517076613174
2022-10-04,51859.181224989465,50132.25458052329,50233.13794505199,9.15,1.0198510378529666
2022-10-05,51548.23966820183,50529.40834121832,50231.64716208229,8.68,1.0187953156087235
2022-10-06,51673.281567682665,50898.816135555506,50233.97099319498,9.1,1.019739784843183
2022-10-07,51775.40912285073,51127.99491064037,50231.20592600058,9.96,1.0163184474894573
2022-10-10,51062.49753549404,51289.45166482031,50224.077473143734,9.14,1.027018092477228
2022-10-11,51156.162157563915,51442.95840324036,50217.94798672398,9.7,1.0273394623913366
2022-10-12,50809.52935280744,51412.04294708584,50213.282164806624,7.51,1.0253469045433918
2022-10-13,50754.76847914193,51254.26969767894,50223.06966036757,8.71,1.0096849982760918
2022-10-14,49889.87815879657,51017.36091062001,50222.728018652895,6.45,1.0380561908105197
2022-10-17,50490.047099224015,50848.327415125714,50225.910590039195,5.83,1.0457006786611882
2022-10-18,50113.306675836946,50610.88420840885,50224.38301928043,4.41,1.0513306037356107
2022-10-19,49515.0973694244,50389.82704182608,50185.894285618764,3.26,1.0551887620633014
2022-10-20,50043.96337745691,50230.94150181115,50177.386112594606,4.16,1.0674562638703804
2022-10-21,50559.26603963325,50195.18959992911,50176.81034722974,6.18,1.0796556611784474
2022-10-24,50315.46575590766,50132.43206803926,50157.493606243035,5.16,1.0765358190168222
2022-10-25,50575.15654855936,50230.328980863094,50175.82521870484,5.23,1.0328198521929866
2022-10-26,50723.33364437483,50263.6556301713,50202.242664533354,4.1,1.0328602449879696
2022-10-27,50379.77373164642,50301.722352430224,50250.77108922601,3.39,0.9669575226723617
2022-10-28,49977.85585433793,50367.83070741807,50271.58686397225,2.02,0.9690080928152154
2022-10-31,49742.10928616617,50324.70869437499,50293.23431589951,1.38,0.9679065209858174
2022-11-01,50316.70992227284,50290.057820464885,50340.05081754972,3.12,0.9851170880258537
2022-11-02,50311.0461438121,50289.42644730849,50380.732412849364,2.83,0.9840123694851299
2022-11-03,49871.21602517574,50188.8635153962,50394.72785185625,1.31,0.9912827910549195
2022-11-04,51128.68606267147,50246.77100372528,50455.28605475674,3.73,1.0879943516083304
2022-11-07,50812.849898932145,50308.63902762319,50523.442273276545,3.59,1.0725956553988925
2022-11-08,51797.52420223776,50568.5916487532,50613.77884644071,5.2,1.1183326785750392
2022-11-09,51470.953267293226,50815.56936034347,50657.10536544174,4.8,1.0598641461810945
2022-11-10,52641.17303001774,51147.635518593444,50747.40112456779,6.38,1.1259883864990294
2022-11-11,52551.23273644148,51467.66217468253,50829.72171616157,8.1,1.1275763940212098
2022-11-14,52786.632430811806,51884.15023263012,50888.41154565861,7.4,1.081619140720917
2022-11-15,53117.22120957123,52168.22668218613,50930.346211811404,7.87,1.0481188622403177
2022-11-16,53145.31746372404,52501.43633429919,50983.58213832875,8.34,1.0401581935782467
2022-11-17,53055.59440107717,52681.16064841832,51029.65923277537,7.85,1.0410202185613968
2022-11-18,52806.597382071195,52871.966950529386,51064.032174749176,7.27,1.0458245399062096
2022-11-21,52366.31652858823,52832.70173603935,51107.49280785223,7.29,1.0243746029959426
2022-11-22,52526.99959681707,52829.23985895089,51153.187389160696,8.07,1.0250140034155424
2022-11-23,52718.23877400532,52819.46933655015,51216.81103653361,9.09,1.015601728595449
2022-11-25,52933.39516571354,52793.208473141705,51289.43192608605,9.0,1.0158402281019858
2022-11-28,52544.074032934805,52707.31655445695,51377.905121890704,12.69,0.9693704440822767
2022-11-29,52782.160408014985,52668.25455544889,51454.30889885078,12.92,0.9515178589764847
2022-11-30,52697.181710858546,52652.62374527539,51540.43806668471,12.03,0.9383685221908495
2022-12-01,54143.3650463051,52906.48781923524,51694.71365591437,15.47,1.013200374797356
2022-12-02,53892.03093599106,53101.49229625932,51822.98257453193,14.24,1.0119342267874871
2022-12-05,53206.88957885054,53171.29955409467,51911.236692505576,13.35,1.0378388296586623
2022-12-06,53575.801638468474,53263.07190734574,52019.91455525756,14.16,1.0343387116699978
2022-12-07,54378.734737269115,53525.166293678536,52146.70049488098,15.64,1.059465813018823
2022-12-08,54397.69159123936,53755.956462708964,52269.17909310957,16.66,1.0601305986595195
2022-12-09,54700.64682984208,54042.165765421734,52413.20819638272,16.78,1.0472235751561554
2022-12-12,54253.3163789104,54057.87309865015,52555.72354720185,15.36,1.0479395192442487
2022-12-13,55426.432705494284,54277.073351436426,52745.20099451293,17.14,1.0922580770776094
2022-12-14,55069.00797349105,54543.09026495687,52903.61092955371,16.03,1.0969024003565468
2022-12-15,54215.185499487554,54634.43081653118,53033.74890807619,13.05,1.1471508573839564
2022-12-16,54837.23450786309,54699.93078375927,53199.28285749902,14.38,1.1378238865690977
2022-12-19,54679.58648333488,54740.201482630204,53317.64620485405,13.54,1.06385683582168
2022-12-20,55445.383509102576,54846.592436809624,53472.063991859555,15.78,1.0722143924843799
2022-12-21,55482.310643938916,55022.16304610031,53594.890206582844,15.53,1.0269272785398058
2022-12-22,54759.004336352256,54926.816136223926,53704.491908885044,12.91,1.0534892684467212
2022-12-23,55029.270616633774,54921.13937095872,53784.09516177227,13.5,0.9810068238264019
2022-12-27,55627.185514601995,55122.85365883155,53886.62692104429,15.51,0.9934911185144231
2022-12-28,55330.92755557057,55193.381237076865,53971.4367585366,15.12,1.000967618788102
2022-12-29,55737.00406976901,55344.440892283405,54058.76285387675,15.26,1.002880674370568
2022-12-30,55731.75941990779,55385.35173668393,54144.97758574933,16.49,1.0031862438251056
2023-01-03,56256.48576448958,55495.948182476415,54251.673964529735,17.59,1.0109602380248282
2023-01-04,56711.67134147623,55774.90061177952,54381.84309651007,18.75,1.0086998841493515
2023-01-05,56079.85117945186,55924.98354932453,54505.62758487215,17.61,1.0202509468924565
2023-01-06,56963.769391854585,56115.92410321747,54653.51991137316,19.67,1.049298172807781
2023-01-09,56966.064781723035,56349.515135524525,54795.11411163062,19.33,1.0503141022083944
2023-01-10,56868.04154619344,56511.0919178703,54926.26899098009,17.24,1.052906445493161
2023-01-11,56583.048029367674,56632.70457636459,55060.901457527776,18.07,1.0462324751857452
2023-01-12,57209.971102524236,56768.91676751205,55208.49514734447,18.81,1.0573364522319022
2023-01-13,57535.002705832914,56886.53553384756,55369.75584717691,20.09,1.0553647692569759
2023-01-17,57577.76997783588,57100.52393361713,55484.236011561254,20.35,0.9492451115469976
2023-01-18,57403.74337446152,57163.377359705315,55601.29309284389,20.39,0.9457352380888316
2023-01-19,57873.66278484759,57293.034217293774,55756.85219971041,24.66,0.9087281505482183
2023-01-20,57863.39302655355,57435.22728591732,55899.77191264679,26.58,0.9069716655307424
2023-01-23,57696.45543669643,57594.28548696424,56010.36260262777,25.87,0.8811956214466218
2023-01-24,58266.14035728115,57745.16680907352,56139.310894829534,25.59,0.8920831054990849
2023-01-25,58567.827063434575,57892.7131458755,56268.21690261612,26.91,0.8916215355277054
2023-01-26,58132.00664058825,57971.889811982,56397.506578005356,23.84,0.8887286929646695
2023-01-27,58075.86543686047,58067.90724946772,56485.821002384524,22.99,0.812134758440337
2023-01-30,57948.945495458414,58078.66192241226,56581.818919783334,22.98,0.8012414164478558
2023-01-31,58199.13690911557,58126.625334205375,56714.6173001041,23.37,0.7330301813941857
2023-02-01,58282.2187195198,58210.30580318187,56829.45010715971,23.8,0.7127804957597037
2023-02-02,57893.37606282182,58157.0537611161,56936.57642647624,22.66,0.7251048194543941
2023-02-03,56511.261476244246,57863.25867723142,56972.10569204787,18.46,0.8298329821370701
2023-02-06,56735.63306675409,57663.77673811359,57013.88310614179,19.08,0.8320199288976808
2023-02-07,57268.92567274381,57548.49962895257,57097.547150687875,21.31,0.8039196266624512
2023-02-08,57434.23943407186,57474.97019161284,57177.712777935965,21.46,0.8017909414740247
2023-02-09,57034.747972239165,57308.62891491609,57224.63152652383,18.9,0.7956832822767841
2023-02-10,56843.85456069905,57103.14832079836,57275.062426694734,20.07,0.7911826225592584
2023-02-13,56497.404395497106,56903.72379689344,57300.40910421858,19.08,0.791673864040405
2023-02-14,56619.32252805448,56919.16109000785,57329.99454115679,20.14,0.7921761463810798
2023-02-15,56197.89058252172,56842.34073511617,57328.0413684244,19.56,0.7869507822218581
2023-02-16,56348.40867090388,56710.83830628225,57315.93261273851,18.31,0.7738446367653125
2023-02-17,56270.60977732432,56544.60549817554,57322.29123266786,20.36,0.7462198496617173
2023-02-21,56045.84681083062,56403.33390368947,57291.693813300626,19.77,0.6885512812694895
2023-02-22,56126.150704071,56300.804781313454,57263.696677378815,18.85,0.689409700420291
2023-02-23,55679.82852930947,56184.00822900236,57224.08957681606,18.82,0.7025638448225575
2023-02-24,55252.67079811298,55988.772267582164,57179.743669107556,17.77,0.7098606299757582
2023-02-27,55704.761640833945,55918.32527591288,57129.57002038459,17.88,0.69500023856768
2023-02-28,55889.71737558497,55852.79794801133,57074.727176043394,18.9,0.688639263949225
2023-03-01,56147.35599776043,55835.19026521487,57027.04671004067,22.38,0.6954892774072927
2023-03-02,55872.945974304195,55810.49014571096,56976.02013003528,21.93,0.6983580585949474
2023-03-03,56261.80695646127,55829.86961033727,56922.291602422294,21.7,0.6932094977954881
2023-03-06,55828.448116545274,55851.100979941235,56854.46010542164,19.85,0.7039695433728566
2023-03-07,54896.41172416924,55800.206826520815,56761.125315004094,17.59,0.7586098074304579
2023-03-08,55007.67353589208,55700.62281153032,56652.509754291175,19.65,0.7305916445762839
2023-03-09,55436.94900213618,55635.941615321804,56548.147152247526,20.51,0.7408540811195612
2023-03-10,56465.029471247144,55681.323540106416,56492.58124660303,22.77,0.8203126656662525
2023-03-13,57929.48404212238,55975.1146926518,56487.70186677823,26.96,0.955825293561342
2023-03-14,58086.595676100755,56235.7987954574,56492.29020613283,27.77,0.9562169957905748
2023-03-15,58628.10087880942,56635.74919006654,56506.58900512258,26.21,0.9680794298323946
2023-03-16,58688.29510047792,57177.446815254436,56520.12488448769,26.33,0.9679446778440267
2023-03-17,60174.24437428638,57915.52836359612,56596.15382820318,29.04,1.0605460349664009
2023-03-20,60395.67877450979,58623.91833107812,56725.63440481176,29.26,0.9479704672839248
2023-03-21,59135.66056903278,59005.43705933222,56805.635321554044,26.52,1.0367943676525244
2023-03-22,59510.64354661139,59231.31698854481,56880.35925068309,27.17,1.0301738160564806
2023-03-23,60835.90003365932,59624.0747539103,56993.74793733557,30.0,1.0987586040902584
2023-03-24,60287.98993867505,59861.201762463366,57102.18933621694,28.14,1.105127565527956
2023-03-27,59437.6880683509,59968.257900729775,57188.650453138354,25.91,1.1396816497050266
2023-03-28,59956.199440837096,59937.108624522174,57303.94362131655,24.36,1.1375117503972443
2023-03-29,59727.9117211948,59841.71333119273,57407.56326108823,23.98,1.1425105690129738
2023-03-30,60225.997782044986,59997.47579019623,57541.833501072724,27.62,1.134570490943363
2023-03-31,59769.5666840592,60034.4648098307,57655.872101511064,26.81,1.1489789961505603
2023-04-03,60283.69440652147,59955.57829166949,57789.64158915083,27.16,1.153207330000269
2023-04-04,61414.67094369993,60116.532720959614,57968.60239357998,28.7,1.184364933932365
2023-04-05,61355.68998997442,60390.53299547732,58142.920369776584,29.32,1.1863458808575325
2023-04-06,60959.853711008705,60533.91217693048,58318.921209166445,27.36,1.181858490717114
2023-04-10,60221.074914798526,60604.36406173025,58484.53467972278,24.87,1.198497456561595
2023-04-11,60769.85879108271,60682.058491591895,58653.37125139783,26.78,1.2000195495237673
2023-04-12,61018.84945765878,60860.5274592489,58824.34232079983,27.28,1.2001805851024852
2023-04-13,61858.667847785524,61085.52366514291,59014.71938246737,28.49,1.215944775417867
2023-04-14,60466.591435630784,60950.08373541704,59167.84089784473,27.33,1.2967312293215427
2023-04-17,60345.98586621898,60805.840289167,59303.980194836855,26.0,1.2969371548254636
2023-04-18,60863.364052640725,60792.05605225691,59471.81072604011,27.71,1.287139134403879
2023-04-19,60570.333106971295,60841.95007970929,59660.941438800095,29.1,1.2420626238774597
2023-04-20,61119.13046228988,60891.846032738686,59864.65666967978,28.61,1.2460944147962822
2023-04-21,60117.863746660354,60763.133788311054,60020.68716116399,24.8,1.2951831991990337
2023-04-24,60346.09777613361,60547.05234950355,60150.056104660034,25.01,1.2608412359865864
2023-04-25,60345.46433048247,60529.748477339745,60230.58878093858,25.27,1.1794485840197257
2023-04-26,60196.54496040823,60508.39977650983,60300.92042374909,23.36,1.1812971857155097
2023-04-27,60158.550553150366,60407.71213372477,60351.93541289369,21.87,1.1718044634602138
2023-04-28,60163.27061976859,60349.56034983908,60401.10126353651,21.71,1.1719041584847216
2023-05-01,59945.83460279576,60181.94665562681,60393.487604486945,21.36,1.0793623501514493
2023-05-02,60902.01780460167,60293.96866390535,60410.365572157,23.97,1.1166700707570902
2023-05-03,61337.37788503082,60435.58010803376,60483.75614935706,23.74,1.0482962706979684
2023-05-04,61924.94514282958,60661.2202240846,60564.23286923121,25.84,1.055338831190203
2023-05-05,60952.0399593383,60769.14808107487,60568.10420008749,24.67,1.0234372882916867
2023-05-08,61231.197854299025,60922.383409810915,60599.544463941456,28.15,1.011678724508338
2023-05-09,61573.49702381554,61123.84432467605,60670.73809579064,30.27,0.976480588298292
2023-05-10,61639.79639387583,61365.83886625724,60726.85799422512,30.33,0.9661538627059488
2023-05-11,61022.27047182971,61383.01781871702,60770.00328591267,28.84,0.98324423500951
2023-05-12,61150.584647431155,61356.333070488916,60800.82284809202,28.51,0.9732125521155406
2023-05-15,61331.43895035001,61271.546471561705,60852.88525696844,29.39,0.9617967709104716
2023-05-16,60480.64566188601,61204.20442906873,60859.45029881398,27.03,0.9869738479204452
2023-05-17,60267.889541969766,61066.58895587921,60821.22425208936,28.14,0.923961909639911
2023-05-18,59643.16508479741,60790.82725030397,60764.14008858353,25.36,0.9410721191010392
2023-05-19,60520.96024469176,60630.99351470598,60749.510306372744,27.1,0.9767019989427587
2023-05-22,60532.886811407356,60561.081563217296,60759.90403625965,26.5,0.950380806417787
2023-05-23,60401.122029105616,60454.0154748857,60747.61281086058,26.14,0.9361828169715645
2023-05-24,60154.7509294246,60285.917186183586,60718.809526586534,26.29,0.9352613895134568
2023-05-25,59423.90253355285,60134.95388213439,60637.65068277866,23.82,0.9191515410198485
2023-05-26,59474.901466012256,60021.669871283426,60604.59435045819,23.51,0.8276946721858948
2023-05-30,59782.56561437754,60041.58423265176,60585.81367539664,25.07,0.833608930807749
2023-05-31,60038.37117586137,59972.64293710462,60558.313912837206,25.79,0.8214818085707934
2023-06-01,60456.91747369677,59961.79017457579,60554.5333917285,24.01,0.827908364378623
2023-06-02,59392.86325342587,59817.753206621324,60496.99115143319,21.41,0.869040983575363
2023-06-05,59659.56931215608,59747.01297558205,60481.7146702831,22.9,0.823315520514411
2023-06-06,59961.78180257288,59823.85287115829,60468.90413783143,24.33,0.8257741112950344
2023-06-07,59270.52486054484,59794.65621323458,60433.07282216698,22.08,0.8513383754687782
2023-06-08,59981.430016096565,59823.065413481425,60425.902324023344,23.26,0.8806271641515427
2023-06-09,59844.49052005934,59795.368176939235,60415.43365625392,23.42,0.881498515441357
2023-06-12,59602.60828439687,59673.32400703856,60396.74491174171,23.33,0.8843567326083842
2023-06-13,59199.07615350253,59645.64013562032,60371.85296343167,23.22,0.8903244802304995
2023-06-14,59490.98375141238,59621.55648408617,60324.81849499196,23.6,0.8420505527285509
2023-06-15,59389.411685004656,59539.78932443261,60259.886288324495,22.62,0.8288371901554935
2023-06-16,59311.81430106528,59545.68781593442,60172.78192693194,24.23,0.8041973255226393
2023-06-20,58667.43248268291,59357.97388259002,60096.628344376884,22.08,0.7789376556734281
2023-06-21,58608.182368451686,59181.358432361056,60009.19449484895,21.03,0.7711748137450528
2023-06-22,57948.11634484106,58945.002440995406,59888.34847221623,22.24,0.7796108552673442
2023-06-23,58126.261475631225,58791.7432013005,59771.23064160844,22.07,0.7831663137166166
2023-06-26,58312.178400917364,58623.342436943734,59680.89423924486,22.61,0.7731779400991742
2023-06-27,58033.50352448371,58429.6412711548,59576.99153514653,21.02,0.7723773418332
2023-06-28,57976.23135466637,58238.84370738481,59465.151281957325,20.72,0.7674934834003516
2023-06-29,57902.07900385293,58129.5074961228,59379.19906002283,20.99,0.7331130825116682
2023-06-30,58297.71863689731,58085.155534471785,59313.526696520545,21.85,0.7471477991928298
2023-07-03,58330.773102049585,58139.82078550117,59269.780297095574,21.73,0.7266774126745251
2023-07-05,58203.72555493733,58150.88708254482,59192.53914077083,18.85,0.665870328165223
2023-07-06,58146.33365567009,58127.19497608074,59112.987368912996,19.05,0.6653160914088165
2023-07-07,58946.0240472191,58257.555050758376,59064.48410285016,21.38,0.7195848208399275
2023-07-10,58800.33665143972,58375.28437886919,59019.336960250635,20.5,0.7176453264442342
2023-07-11,58928.50683910027,58521.91692676076,59002.82377043565,19.67,0.6860360157091743
2023-07-12,59597.56544524657,58707.60932795278,59006.91256974339,22.32,0.7179349889650839
2023-07-13,59400.58583424923,58860.43971826775,58994.179910405976,24.21,0.7139266427989627
2023-07-14,59448.889718588776,59038.32031307476,58974.5305284972,24.37,0.7092362061418013
2023-07-17,59248.558080718474,59195.78094522442,58934.251882064345,23.54,0.6976908860285796
2023-07-18,59990.03958699649,59344.926022333755,58954.157759849724,25.52,0.6610763236257052
2023-07-19,60009.23432904776,59517.62569056238,58965.81326041271,24.63,0.6564479055567534
2023-07-20,59720.0806582163,59630.70766472178,58957.75655560046,24.33,0.656070384679969
2023-07-21,59613.74955921888,59633.01968100454,58969.19737888972,24.15,0.6207790709228583
2023-07-24,59425.60622105029,59636.594021975994,58950.66991905471,22.81,0.582031631674428
2023-07-25,59352.416561920254,59622.81214245089,58934.26745378326,22.23,0.5811084211703426
2023-07-26,59657.04679130584,59681.16767253407,58936.082070679964,22.22,0.5846436540057312
2023-07-27,58963.27267434775,59534.4866850142,58928.2219547083,20.55,0.6103467286822782
2023-07-28,59707.403093101915,59491.36793702202,58935.43593276441,20.59,0.6472945362546818
2023-07-31,59926.057753094654,59520.79323629184,58953.32413503428,19.58,0.6494266844627488
2023-08-01,59005.79800570386,59433.9430143599,58943.12359185566,18.05,0.7094499805618195
2023-08-02,58958.47173127419,59367.20951582066,58952.82490014185,17.77,0.6802234176110177
2023-08-03,59098.4436753367,59330.92767488105,58969.166943704586,16.37,0.6809749849924404
2023-08-04,59367.49694362525,59289.56341092714,59016.4796303307,16.99,0.6488355890802041
2023-08-07,59117.16070482857,59311.547415279914,59049.50960463683,16.89,0.65376507928291
2023-08-08,58867.458425276556,59191.55531987761,59068.01893878231,16.04,0.6575641239887705
2023-08-09,58669.76866424212,59012.085450040446,59089.22777677427,14.68,0.6542557885856187
2023-08-10,58654.21551817928,58961.85938039422,59111.8272488912,15.79,0.653866801487977
2023-08-11,58561.29119563397,58905.11930387361,59133.80098861704,15.35,0.6541621112696002
2023-08-14,58559.68551513816,58828.15385241593,59142.533217891556,12.47,0.6427839995223406
2023-08-15,58547.83918415783,58711.059886779105,59149.76875396222,12.93,0.642773366825795
2023-08-16,58323.40271764183,58597.665888609634,59153.757992718616,11.96,0.6455397611407764
2023-08-17,57984.10245151105,58471.47217807174,59148.35028591355,9.19,0.6542809335268714
2023-08-18,57948.928767756275,58368.49505000242,59115.11377659788,6.81,0.5999163555539331
2023-08-21,58218.446600100986,58306.24234741926,59095.71744155288,3.97,0.6061158164670123
2023-08-22,58276.05105566362,58265.49375599623,59073.96891543865,7.15,0.6048154972807067
2023-08-23,58926.66486651532,58317.91937762286,59051.60556281458,8.79,0.6035599554389879
2023-08-24,58542.552063029005,58317.164074604,59023.004437107345,8.67,0.611762910830264
2023-08-25,58394.19395879258,58327.27710905458,58987.84791178058,9.04,0.612400141427176
2023-08-28,58618.207036372696,58417.86347831999,58966.836210302514,11.6,0.6151994825193536
2023-08-29,59206.1659682172,58597.46879267267,58940.70708967696,14.27,0.5987532933578796
2023-08-30,59303.16883701665,58752.42911223216,58917.171573275824,12.8,0.5997988405013174
2023-08-31,59264.52033999414,58893.63900999299,58901.98622933527,13.61,0.5939553066930195
2023-09-01,59300.53853819854,58947.0495345188,58891.545861967905,13.7,0.5934170696302653
2023-09-05,58921.948189409246,59001.24898114375,58874.75726091315,12.91,0.6019062484816057
2023-09-06,58923.45179915887,59076.857244053055,58860.458435487744,12.28,0.60164847141992
2023-09-07,59026.468180609016,59135.180264658164,58839.4391484648,10.39,0.5943870439016117
2023-09-08,59042.896092802795,59111.85599674071,58842.093262413146,11.2,0.554820314081848
2023-09-11,59044.23179987751,59074.86499143498,58819.98755263885,12.08,0.5015983379768529
2023-09-12,58613.64788269662,58981.88321182132,58776.240556958815,13.23,0.5110922403245445
2023-09-13,58475.3837224449,58864.00395242657,58758.560080850126,12.25,0.4317106471204643
2023-09-14,58569.18900355648,58813.60978301934,58745.58398992618,11.29,0.43296371895498853
2023-09-15,59054.370555145746,58832.31246244694,58744.11488591979,13.85,0.45786326067314137
2023-09-18,59334.884011318296,58876.37186683289,58743.027788176136,13.66,0.4585561506362941
2023-09-19,59471.03462143811,58937.53451378005,58754.82358539651,15.08,0.45332927378780163
2023-09-20,59846.58246865799,59052.156037892615,58787.46105350902,16.12,0.4585971039775754
2023-09-21,58957.881540359675,59101.332274700915,58797.06481604626,12.74,0.5342121590392273
2023-09-22,59009.031041428396,59177.56760598506,58808.89200015466,12.44,0.5342890977876786
2023-09-25,58798.50333388005,59210.326796031426,58816.79907142967,11.87,0.5378077980267986
2023-09-26,58339.101779562836,59108.145542376806,58809.446280243996,9.55,0.5571257001005387
2023-09-27,57642.10401722844,58866.31982893603,58779.25510801275,7.31,0.597588908289779
2023-09-28,57244.89025797947,58548.299205586314,58743.30469269107,7.16,0.6060142765761993
2023-09-29,56846.120258364856,58119.66174697237,58705.371952919166,5.48,0.6097722581286033
2023-10-02,56182.33693740827,57723.155375123024,58646.4855585744,5.77,0.6421825285860833
2023-10-03,56235.532545978414,57326.941304345215,58580.388423437376,5.82,0.6344342620266971
2023-10-04,55960.38853534039,56921.496333124385,58503.199672759576,5.94,0.6367276426877972
2023-10-05,56049.68488461588,56594.436776704024,58407.3003400296,6.86,0.5945451984011233
2023-10-06,56317.11466991225,56405.15258423133,58333.11909359247,9.26,0.5983844467198113
2023-10-09,56842.412208658796,56347.655720042334,58281.39303525488,9.71,0.62821336626654
2023-10-10,57296.10379462337,56411.93908236495,58237.32292719632,11.11,0.6433180090023594
2023-10-11,57645.549699006006,56620.96947687864,58185.302384889124,12.09,0.6243462942710395
2023-10-12,57515.49766706343,56803.821637032284,58125.71334589074,10.46,0.6229957674962288
2023-10-13,59334.78213392613,57285.87786540176,58128.05540568828,16.96,0.8621454320117401
2023-10-16,59154.974353978294,57729.49064673909,58123.20326621433,16.17,0.8639273357985687
2023-10-17,59145.378516851924,58133.52833915821,58130.65094379584,16.35,0.8556153792006552
2023-10-18,60195.054472827665,58612.47723403999,58173.03769958516,18.7,0.9138416964532872
2023-10-19,60601.47651032878,59084.673336284504,58225.53797724247,18.2,0.9202659119255657
2023-10-20,60928.33664239929,59553.642899626066,58288.38599556238,19.73,0.9237705049406311
2023-10-23,60765.1933131689,60017.885134784236,58345.7513793389,19.89,0.9261580857846986
2023-10-24,60630.004058390965,60202.916838279794,58412.96325186193,18.95,0.9150679672778367
2023-10-25,60878.84228842914,60449.18368605844,58493.0785373951,21.09,0.9140852382227737
2023-10-26,61108.561020444344,60729.63832942928,58577.724271291496,22.61,0.9151230519925136
2023-10-27,61233.596501474094,60878.00147637725,58650.3651361689,22.38,0.9061163884939489
2023-10-30,61564.227778800116,61015.537371873856,58724.676595085366,22.22,0.9070589709658337
2023-10-31,61139.17775819603,61045.65753127421,58780.281366311014,22.21,0.9189448817328926
2023-11-01,60927.95466430852,61068.90915286541,58816.32710616589,19.42,0.9166332252478101
2023-11-02,62544.532134826964,61342.41316378542,58935.88212598165,23.18,0.9844055794214623
2023-11-03,61296.97487335766,61402.14639020392,59012.1469203795,19.72,1.0629970038393914
2023-11-06,60927.19961908163,61376.23761858046,59083.1034632196,18.34,1.0678488949104552
2023-11-07,60518.91295274036,61274.139968761374,59155.76383565863,18.82,1.0647865328138277
2023-11-08,60055.266570394895,61058.57408184452,59236.20258743068,17.81,1.0491904147366111
2023-11-09,60435.2005934724,60958.00591545446,59342.546265280245,18.1,1.0408016039720793
2023-11-10,59535.59060506665,60759.09676413451,59432.195276837054,17.05,1.0734928325967505
2023-11-13,59918.24208197845,60383.91247087078,59556.725448322795,17.64,1.0468540021945705
2023-11-14,60346.78318454557,60248.170801039254,59693.76713627477,17.04,1.050415093800269
2023-11-15,60137.94660454077,60135.42037038931,59833.01907191475,18.31,1.0473037935576301
2023-11-16,61018.23804192106,60206.75252598737,59998.63751049141,19.92,1.0704259710138344
2023-11-17,60899.2115954568,60327.31610099758,60151.37407467614,18.96,1.0733837795910752
2023-11-20,60904.53689704853,60394.3641443657,60286.7782309557,18.92,1.0668471515358837
2023-11-21,61592.419926766015,60688.19690460818,60429.9887686938,20.38,1.0745554540501518
2023-11-22,61366.3512220882,60895.06963890791,60554.015486129625,18.34,1.0779716612545098
2023-11-24,61697.89885883004,61088.08616380607,60693.42885918866,21.25,1.0762622520000555
2023-11-27,61971.78127912951,61350.06254589132,60781.328830695646,23.06,0.9255260443223187
2023-11-28,62868.92348055532,61614.44617998174,60905.1271349147,24.72,0.9508753584022103
2023-11-29,63137.57789148928,61934.212793699335,61038.2004474024,23.33,0.9507245557574026
2023-11-30,62793.83455101259,62204.1124585505,61124.82645000816,23.21,0.9137089341410113
2023-12-01,63824.63588975527,62523.00045326352,61232.26509598891,25.37,0.949383122812933
2023-12-04,62278.89952534876,62653.364496586575,61277.28385875374,22.04,1.0581421369348405
2023-12-05,62254.738688237056,62732.91304364375,61326.93537125587,22.47,1.056382615314264
2023-12-06,62548.87119470864,62815.35446015426,61390.897609133026,23.08,1.0570008248758027
2023-12-07,62510.6458111165,62764.17193594788,61445.2910598889,23.21,1.0558742395812255
2023-12-08,61585.772634034714,62542.48547059723,61461.19811367492,21.32,1.0924597332672252
2023-12-11,61015.14212348191,62288.386552378535,61453.91630107512,19.48,1.1057264835640852
2023-12-12,60945.646341754604,61877.102331236005,61433.296919840075,20.25,1.1010281265148887
2023-12-13,61122.795695123976,61711.94464120482,61432.75085107088,16.38,1.0952231468002105
2023-12-14,62516.657808236116,61749.3616583475,61485.70762253503,21.58,1.1687201694308011
2023-12-15,62244.882554946176,61705.93470981078,61475.71930320561,22.26,1.066956812993502
2023-12-18,62214.06470986406,61663.56598106027,61506.28896442205,22.49,0.9991715613961523
2023-12-19,62637.950466693146,61813.877100012134,61563.31399267564,22.86,0.9975428266886245
2023-12-20,62503.363205305104,62026.480111701145,61629.462334427735,23.18,0.9888932954900297
2023-12-21,62777.06993325803,62288.11205334536,61720.189113190274,23.97,0.9763652387285223
2023-12-22,63228.10117601369,62588.869979185714,61813.28579927484,24.07,0.9779451425806238
2023-12-26,63292.88108573857,62699.75901882989,61938.528815297286,25.84,0.9275661915323644
2023-12-27,64029.77265503978,62954.74331884299,62075.57983439913,27.35,0.9407807738249507
2023-12-28,63848.44331460473,63188.225976665104,62192.30183873475,26.74,0.9405282568646188
2023-12-29,62758.39918640768,63205.43293662369,62279.65025813033,24.03,0.9984524733650842
2024-01-02,63506.663822808325,63348.76159626884,62362.597784160076,26.56,0.987274535302566
2024-01-03,62618.54839081426,63326.11566163386,62419.909010672076,23.6,1.0250018174731386
2024-01-04,62914.02690876159,63281.24790916911,62486.89201106231,23.5,1.027097666932362
2024-01-05,62858.58355789669,63219.20540519272,62529.097465433675,23.82,1.0094678586686299
2024-01-08,62335.21819630454,62977.12619680166,62561.393031241,23.12,1.0199864674111594
2024-01-09,62223.8736328392,62745.04481369044,62578.92552370777,22.61,1.0166869081585106
2024-01-10,62139.65312783565,62656.65251960925,62584.521251997845,20.26,1.0141171943067855
2024-01-11,61833.63056291927,62417.64776819519,62550.01148807655,19.22,0.980854819021114
2024-01-12,62866.44102497547,62453.06100164567,62540.973592526214,21.37,1.026913793680266
2024-01-16,62068.291716263106,62332.24168843244,62516.78883136809,20.05,1.0482585082160878
2024-01-17,61521.41289837091,62141.21730849998,62440.014731655516,20.41,1.0097352512565023
2024-01-18,62079.07138137819,62104.62490636749,62433.35379352321,18.66,0.9272990280790356
2024-01-19,62309.28878849182,62116.82707146236,62435.17213019878,20.09,0.9298206279432578
2024-01-22,62076.476854960434,62107.801889623915,62419.425652207436,18.33,0.9280484855092784
2024-01-23,62174.18722073342,62156.45284074119,62408.210365861654,17.75,0.9285810736201398
2024-01-24,61967.14530318166,62027.98202334131,62420.92278816651,17.29,0.8889231797079832
2024-01-25,61967.13899917642,62013.531635186504,62452.65601735662,18.39,0.8706520727158967
2024-01-26,62000.232790234964,62081.93447688009,62487.80889897247,17.11,0.8700667095064797
2024-01-29,62239.88940457364,62104.90848019506,62525.04535595427,18.67,0.8711153804852741
2024-01-30,62457.391885667326,62126.06606550515,62523.06982520223,19.75,0.7667945729574654
2024-01-31,62944.10397095188,62250.012796359406,62546.37720573544,22.19,0.775067643959452
2024-02-01,63042.86933901501,62374.11024182822,62574.00402670751,22.4,0.7751604870059229
2024-02-02,62429.05463006974,62440.09728852766,62567.040832153456,21.13,0.7872579712905261
2024-02-05,62163.88033974651,62468.203194322334,62555.72473663489,21.33,0.7900861793395806
2024-02-06,62512.4652618546,62541.37926169804,62546.90458092143,21.16,0.7928287092289006
2024-02-07,62509.06775131829,62579.833311232076,62522.93680009842,21.13,0.7807850264270212
2024-02-08,62373.347277101544,62567.82693858019,62492.28567314396,20.28,0.7810226540196359
2024-02-09,62079.75998984899,62444.34922699417,62427.28525097072,21.07,0.7501039712569209
2024-02-12,61945.06949316494,62287.520677585686,62363.83945692231,20.66,0.749644491520476
2024-02-13,61150.62250303279,62104.88751657946,62310.246900809805,20.02,0.7216963495759212
2024-02-14,61132.955456702155,61957.612533288346,62231.123288606104,21.15,0.6804926602617773
2024-02-15,61472.076514073946,61808.98556931956,62192.90755938143,23.19,0.6470322468028246
2024-02-16,61735.77790948124,61698.515591915166,62153.632592739166,22.5,0.6458637842131811
2024-02-20,62235.39081003001,61678.80752518986,62132.8595011433,24.08,0.6650597823207991
2024-02-21,61932.28754139196,61657.74003255367,62119.42847931285,22.23,0.6535917804220224
2024-02-22,61934.27923499745,61656.19856710093,62109.77533271809,23.13,0.6529085200017789
2024-02-23,62464.02725785597,61843.82781779127,62120.58780371895,23.5,0.6713263496581655
2024-02-26,62161.68143160654,61990.788671348775,62131.52283267528,22.14,0.6711060221343836
2024-02-27,62307.81328821664,62110.17963908187,62112.90190811654,24.55,0.5963878735114402
2024-02-28,62349.48986429435,62197.85277548219,62122.27517971744,24.87,0.5484350731093136
2024-02-29,62711.53027910319,62265.87269963537,62161.945759074886,28.18,0.5305808008734827
2024-03-01,63973.36712918096,62557.45549789071,62225.08895066827,29.62,0.6216202642665154
2024-03-04,64867.188212502086,62976.44249467765,62310.35226480166,32.13,0.6637359789159215
2024-03-05,65401.9590927841,63396.14704252354,62421.20167272886,33.71,0.6680230938657237
2024-03-06,65896.531656463,63929.69707464533,62545.27982058624,34.23,0.6763346741546743
2024-03-07,66080.07428301415,64468.59150247489,62682.377453247704,33.63,0.6690103892964375
2024-03-08,66657.05958837717,65083.95860591531,62838.70813955416,35.17,0.6781927632438353
2024-03-11,66776.22202559671,65664.62885541575,62997.90778073321,36.93,0.6773527460032492
2024-03-12,66120.9701552643,65971.42928771462,63127.27713908951,34.7,0.7129365093120531
2024-03-13,66625.74449234651,66222.6516134079,63266.22222597897,32.8,0.7198157825407105
2024-03-14,66242.77680931291,66342.76843005631,63376.17798725814,32.67,0.7258416153614816
2024-03-15,66175.49296343398,66382.62004533836,63480.59877473861,32.14,0.7275706589381297
2024-03-18,66218.5125116735,66402.39693514576,63606.9140374586,29.77,0.6955603079527141
2024-03-19,66063.49980300938,66317.60268009348,63736.901352900764,27.39,0.6905174696773289
2024-03-20,66255.16623694802,66243.1661388576,63861.65805207044,28.53,0.6874749101026983
2024-03-21,67017.25289602048,66371.2065303943,64011.930890227355,29.69,0.7078578828939389
2024-03-22,66408.29335328944,66340.14208195677,64146.42909276684,28.26,0.7338647404876756
2024-03-25,67217.27898584088,66479.35667860296,64317.67972596685,31.64,0.7444105156219077
2024-03-26,67100.27182824702,66611.4679450052,64489.51980380317,31.17,0.7434874970815071
2024-03-27,67504.67062498101,66795.20481833603,64701.32140786846,32.86,0.6851709772477016
2024-03-28,68346.51046998276,67121.34919933336,64941.7732416446,34.66,0.7013866115005509
2024-04-01,68935.0652475627,67504.19191513529,65190.53953276078,38.17,0.7063098222069097
2024-04-02,69727.75652875916,67891.40671981232,65456.93882007003,38.1,0.7199870196262196
2024-04-03,70707.40200873102,68505.56509916058,65739.33919336,41.1,0.7393570781760122
2024-04-04,70554.2885884659,68982.2807566779,66026.73922826251,42.49,0.7293838635215827
2024-04-05,71781.61897465897,69651.04463473601,66354.98388625136,43.44,0.7618629778398177
2024-04-08,71810.764929038,70266.20096388672,66666.54180862407,42.03,0.7631268854504154
2024-04-09,72150.61118835893,70809.64392365303,66999.50613384893,43.4,0.7416268562459903
2024-04-10,71683.64615843892,71202.29833949251,67312.03389618993,41.74,0.7694899350352353
2024-04-11,72623.09900046144,71615.91869259307,67654.48753406256,43.17,0.7803807652123461
2024-04-12,72611.04048876636,71887.86704688413,67984.47120771806,44.13,0.7861829280636745
2024-04-15,73135.88955354167,72256.66718475308,68289.88862186372,46.34,0.7337530837073468
2024-04-16,73815.82849108567,72547.26854424391,68588.17663115014,48.4,0.7177279901996376
2024-04-17,73367.73857291265,72769.69335051093,68853.70261382112,45.81,0.7381811579950103
2024-04-18,73632.49361191325,72981.39083959162,69111.5680123364,46.35,0.7348744075347968
2024-04-19,74085.05884134045,73324.44979429245,69378.40083094736,48.55,0.7359411306882477
2024-04-22,71902.47741427484,73221.50385340836,69553.24809181094,40.63,0.948213594726245
2024-04-23,71764.51575802197,73100.57174901664,69719.52454955826,41.23,0.9516788622721256
2024-04-24,71577.42429143321,72877.93385442879,69901.40635409702,38.19,0.9284772855684859
2024-04-25,71789.98232463007,72588.52725921998,70073.54761517297,39.48,0.9238035946895866
2024-04-26,71910.56098180966,72380.35903191993,70262.47375425597,36.61,0.910704799822297
2024-04-29,72324.17662031382,72193.45660454886,70467.42987615218,37.63,0.9093576338548718
2024-04-30,70700.34793799308,71709.92647549722,70616.8243903627,33.94,1.020966878462682
2024-05-01,71002.82944356617,71581.40533682278,70781.46871171445,33.67,1.0178821425024158
2024-05-02,70903.01614645454,71458.33396374116,70936.3970420311,33.41,1.0202682035076907
2024-05-03,70896.76572068196,71361.09702506235,71065.71413618625,33.63,1.0061184606332019
2024-05-06,71571.12904690146,71329.83227110122,71237.80865930667,35.53,0.9931320518818986
2024-05-07,71453.26380452464,71264.50410291765,71379.00815326274,36.45,0.9788588236292375
2024-05-08,71401.4080518184,71132.68002170324,71522.37936071506,35.93,0.9776652864861387
2024-05-09,71967.51910257417,71313.70447378712,71671.14097663462,36.51,0.9808972933867982
2024-05-10,73049.47933390042,71606.08302955117,71827.90660543194,38.0,0.9912291310564876
2024-05-13,72143.21409036584,71783.25416439559,71934.84490019182,37.3,1.0187453427550117
2024-05-14,72660.66938587646,72035.24040228128,72032.60866209566,37.66,1.0071986056762825
2024-05-15,73767.06529429174,72348.94558048036,72134.59743828127,39.98,1.012503085990765
2024-05-16,73393.59014915439,72626.1350582838,72229.24082363745,35.55,1.0174533342978906
2024-05-17,74444.53451650984,73060.86741038306,72318.0046750327,38.14,1.0021771027596116
2024-05-20,74961.51883999012,73488.58165858474,72423.02980539748,40.89,1.0073438835684136
2024-05-21,74598.84834371497,73709.92008855726,72504.63771057625,39.24,1.011838682987647
2024-05-22,73599.29810126712,73917.93209011426,72568.4927753369,35.35,1.0374413576505739
2024-05-23,71886.75663181358,73807.3731252466,72543.94802971483,32.15,1.1008740287326364
2024-05-24,71826.43650210752,73530.14044064922,72517.79456349314,31.31,1.1009184551767959
2024-05-28,72402.93115975264,73388.61772787783,72493.36261703323,33.45,1.1028954920011513
2024-05-29,71997.49059060021,73039.04002417624,72432.75135368358,29.9,1.09178573613444
2024-05-30,72215.29605747397,72646.72248381803,72394.33660316914,31.14,1.0891938216678536
2024-05-31,71560.4439842285,72212.66471817663,72325.26828224609,31.99,1.0973847491996722
2024-06-03,72403.26601195699,72041.80299113264,72269.20852126628,32.03,1.114522842068342
2024-06-04,71444.9352672997,71978.68565334592,72253.95711636692,30.66,1.0040660044341876
2024-06-05,72790.13016615596,72116.3561767808,72288.14426330477,31.28,1.0613766505600188
2024-06-06,73073.17084337732,72212.10470301339,72338.00248170296,31.71,1.061386643039647
2024-06-07,71144.8906553954,72090.30471227,72316.49942606191,29.92,1.16994927155363
2024-06-10,71268.55259562994,71955.0556462918,72295.09914652258,29.51,1.169982798636598
2024-06-11,71264.25213444083,71912.74252489422,72259.76833032668,28.11,1.1645312810267343
2024-06-12,72202.30785673235,71884.0342170064,72309.83366095176,30.49,1.1126280359063416
2024-06-13,71042.6274689895,71826.56167439053,72311.16026179939,27.46,1.1517402135512105
2024-06-14,71995.73503549644,71713.07665572422,72347.58422476749,29.18,1.1766543345538596
2024-06-17,71434.39157280426,71478.96533135643,72365.50508650491,26.98,1.1865329060126952
2024-06-18,71954.51372050558,71594.62576922987,72378.28457562526,26.88,1.1812611159122188
2024-06-20,72598.1811571454,71784.57270658867,72416.44848737915,29.46,1.1911974285426168
2024-06-21,71600.60781281622,71832.62351778576,72423.08847941259,25.69,1.2195518614807073
2024-06-24,71987.30649283843,71801.90903722814,72423.74805908799,26.37,1.2148672243283625
2024-06-25,71485.85708354755,71865.22755359326,72371.62731740922,25.7,1.1875848378648701
2024-06-26,70909.98176479797,71710.11994349318,72330.51957322359,25.32,1.1753307717839214
2024-06-27,71832.76220344313,71767.03003358415,72302.92266714225,25.56,1.1931935566591183
2024-06-28,71820.19604973888,71747.84179490166,72238.0270256569,24.83,1.156598603163955
2024-07-01,71745.34445623074,71626.00798048505,72183.08550255945,24.61,1.1538463001048758
2024-07-02,71666.93760667392,71635.48366532156,72090.49893889825,24.85,1.1184724732612827
2024-07-03,72835.24049566683,71756.6170942975,72019.62299408764,25.85,1.1544543357329633
2024-07-05,73733.69085823411,72077.7362049669,71990.78441123813,27.43,1.1765892241747675
2024-07-08,72687.15959177696,72331.61875167915,71960.3797942554,25.98,1.179719058375158
2024-07-09,72825.74075998977,72473.47283118537,71991.67926519463,24.99,1.097748947689953
2024-07-10,73230.14894732645,72674.89467369871,72038.46968003511,25.03,1.1012760438640623
2024-07-11,74553.98802346631,73076.12946901789,72110.17157549212,28.25,1.1389664222204234
2024-07-12,74543.28657811295,73487.0364649381,72195.03144174269,28.36,1.1323365718982934
2024-07-15,74819.72472187936,73770.5342115398,72281.84573055604,29.11,1.1327805728732774
2024-07-16,76100.76512084775,74108.68767762823,72433.18976844351,30.76,1.1513357183378994
2024-07-17,75813.2499145689,74555.27200945573,72546.85589853078,30.08,1.1413111697708034
2024-07-18,75759.12177908845,74974.32644075582,72690.66211559027,30.86,1.1075878585201808
2024-07-19,74110.00583810634,75100.0202822962,72734.65797132204,31.14,1.1425370270756772
2024-07-22,74051.25202142958,75028.20085343506,72767.26067725717,30.52,1.1411751393687313
2024-07-23,68567.1336811745,74174.46472530067,72681.33544478317,19.73,1.7157942447766026
2024-07-24,68844.40916838193,73320.84821765764,72600.53066387474,19.87,1.717616739487069
2024-07-25,67121.85229934845,72038.14638601456,72462.45066937158,17.69,1.7724593030285472
2024-07-26,67919.43765674262,70910.4589206108,72319.68832937181,19.48,1.7688731217184113
2024-07-29,67834.44478405533,69778.36220703593,72212.74890654087,20.07,1.748479613641202
2024-07-30,68643.45127545825,68997.42584094193,72101.0061145395,21.24,1.7443370400684757
2024-07-31,69247.58963728012,68311.18835749158,72028.11271668872,23.22,1.7497813817647176
2024-08-01,69472.56871291719,68440.536219169,71945.38121643563,23.29,1.7448355384560206
2024-08-02,69228.80690272042,68495.45018121813,71833.06874128828,23.03,1.7351023446674994
2024-08-05,68536.8158516131,68697.5878315419,71730.94234258136,22.29,1.7272706132712667
2024-08-06,68394.89484035461,68765.51028634395,71611.19528749883,21.86,1.7226444009664124
2024-08-07,68379.814825687,68843.42029229019,71507.66054557015,22.81,1.7197407250454062
2024-08-08,69292.77697368401,68936.18110632258,71453.7537191997,25.41,1.7352224067086064
2024-08-09,69614.61903550017,68988.61387749655,71379.8156136016,24.97,1.7192047954952971
2024-08-12,70449.00232613033,69128.10439366954,71334.10915614813,26.05,1.735228649106569
2024-08-13,70521.75634322494,69312.8114565994,71293.32288571497,25.6,1.7354153182722913
2024-08-14,69734.61409484386,69483.92549134578,71228.912101987,24.81,1.7464570827605377
2024-08-15,70201.0756518288,69741.95132155504,71141.10660719225,24.78,1.7227340522752566
2024-08-16,71483.41278248999,70185.32245824167,71066.09733800094,28.04,1.7419560176804698
2024-08-19,71525.0820002875,70504.2231763282,71027.36141828448,30.29,1.7238133114812118
2024-08-20,71787.09633054788,70814.57707562191,70992.73993730346,30.5,1.7249178964626148
2024-08-21,71619.3942505617,70981.77592196848,70939.04811407774,29.19,1.7216499494393473
2024-08-22,70869.36753886359,71031.43466420259,70816.22743125806,25.51,1.69356334860896
2024-08-23,71757.19190986773,71320.37435206345,70723.35760898291,23.87,1.7128693432662652
2024-08-26,71914.43797755126,71565.14039859602,70626.51471750537,23.81,1.711617445374887
2024-08-27,71925.81732301656,71628.34104724228,70487.34979091088,22.68,1.6767604463905088
2024-08-28,71529.31271468615,71628.94543501308,70344.55188424786,21.88,1.677786795116889
2024-08-29,72252.86514886103,71695.48383762794,70227.67666324029,20.07,1.691787193830398
2024-08-30,71300.87285256856,71649.9807807718,70134.03889705539,18.06,1.6632106876806114
2024-09-03,71216.68279051471,71699.597245293,70039.55325602491,20.43,1.6631971290288496
2024-09-04,71336.33694755718,71639.47510782097,70131.86003157099,19.87,0.9331078668184033
2024-09-05,71878.87406950274,71634.39454952734,70233.00886160831,18.15,0.9388841897145223
2024-09-06,71367.49386490078,71554.63405551016,70374.53024712652,18.38,0.8130781426247093
2024-09-09,71604.20085290982,71565.33236097226,70497.35568699887,20.47,0.7922345455162167
2024-09-10,71903.27197121899,71515.39047845347,70632.98325990439,19.93,0.7912400167315012
2024-09-11,71898.48982876896,71600.76433219654,70741.4845450148,20.38,0.7692126062758303
2024-09-12,73026.77533186274,71859.3489809611,70867.45740150115,21.25,0.8011671419070379
2024-09-13,73837.52803840126,72216.66199393783,71012.95604568372,23.54,0.8186899881383232
2024-09-16,73767.81385664066,72486.51053495918,71164.25627748122,22.37,0.8139941548856523
2024-09-17,73306.85527782829,72763.5621653774,71323.25759168813,19.36,0.7974195834304689
2024-09-18,73390.46095767921,73018.74218034318,71489.77646226535,19.61,0.7935294726204425
2024-09-19,73814.77235377106,73291.81366356356,71670.94171320151,21.09,0.794305083360071
2024-09-20,74655.86635194559,73685.72459544668,71849.71135914375,23.97,0.7859170727476308
2024-09-23,74729.72385826493,73929.00295636058,72020.21485323607,22.97,0.7853393527152392
2024-09-24,75497.9993309702,74166.21314101348,72188.5147533973,23.73,0.7787493303754276
2024-09-25,75733.06067246923,74446.96268612998,72362.22489770502,22.43,0.7784722030059075
2024-09-26,76089.20354589164,74844.44101014094,72574.04454607368,25.84,0.7358266186551677
2024-09-27,75353.3312118786,75124.85104645576,72745.78639807552,24.87,0.7670262193927033
2024-09-30,75208.86692419561,75324.00741365978,72869.96820279906,23.57,0.7093316799562684
2024-10-01,76199.82251683688,75544.57258007357,73025.79288668434,25.8,0.7390164967353237
2024-10-02,75663.16236944741,75677.92093881326,73154.99508798073,23.8,0.7570318768658625
2024-10-03,75992.00991965459,75748.49388005478,73300.74894361744,26.41,0.7543229122830473
2024-10-04,75749.80225892678,75750.88553526359,73463.43010095258,25.53,0.7238823952303829
2024-10-07,75737.7586313618,75700.67911890149,73596.11565833588,25.51,0.6983641369736746
2024-10-08,74827.62359300753,75625.57803049045,73693.22184551756,24.31,0.7425713386935492
2024-10-09,74526.12244503011,75528.04310489552,73779.89868291815,23.88,0.7488006370203709
2024-10-10,74968.30676763391,75352.11228357894,73894.53181801637,24.61,0.7424907967944695
2024-10-11,76030.21822578496,75404.54883448567,74020.44358724753,26.83,0.7619437046680873
2024-10-14,75950.4459750909,75398.61112811949,74175.42935799857,24.71,0.7105857511882264
2024-10-15,76231.89353154863,75467.48130992267,74342.60304936618,24.28,0.7083263694562496
2024-10-16,76599.82002012152,75590.6329368885,74518.05248511831,23.7,0.7097121559573834
2024-10-17,77071.30672032874,75911.15909793547,74691.13357347946,26.45,0.7065313329765075
2024-10-18,77734.85546526051,76369.54952939706,74903.37896015843,26.95,0.6920610251496843
2024-10-21,78017.95363147337,76805.21336708963,75117.17071944376,26.71,0.6921578884314601
2024-10-22,78626.96123800782,77176.17665454958,75341.29369500329,27.56,0.6976402488546839
2024-10-23,77782.84000781478,77437.94723065197,75537.4387009715,27.47,0.7397746665983678
2024-10-24,78354.99186868424,77741.24699310107,75715.04591886551,28.13,0.7038859705662115
2024-10-25,78540.16176114413,78018.43867039042,75871.80037629059,28.06,0.684331416953579
2024-10-28,78616.3492891249,78239.15903736012,76033.41822403968,29.99,0.6823011200914216
2024-10-29,79347.98006389214,78469.60540859189,76234.7890502418,31.66,0.6753705635335654
2024-10-30,79911.26398341068,78740.0783160116,76452.14915109971,33.98,0.6794809905686298
2024-10-31,78472.47691417228,78718.00912689099,76607.40596977969,29.66,0.7761616500995684
2024-11-01,78483.31138611567,78818.07646664765,76734.9874709184,29.65,0.7564931474580773
2024-11-04,78450.92140641525,78831.78068632314,76859.0273891901,29.88,0.757377098575752
2024-11-05,78588.99326865278,78838.75661596656,76962.0605204463,30.64,0.7396603792131694
2024-11-06,76471.1290181741,78532.2965772599,76986.66279863665,28.69,0.9011594758938509
2024-11-07,77478.10677047688,78265.1718210578,77032.95957278907,30.27,0.928069572537466
2024-11-08,77215.69822845125,77880.09099891994,77095.03847334137,29.16,0.9109153849364583
2024-11-11,75091.56587573371,77397.10370771587,77091.12843839279,25.07,1.04737808700244
2024-11-12,74781.53680155695,76868.27876706634,77043.85224788338,23.69,1.0196023821358522
2024-11-13,74228.25180389448,76265.04025241945,76996.02189569821,24.98,1.0204011854074655
2024-11-14,73890.09072148983,75593.7684599672,76925.95792242586,23.85,1.0185015962754511
2024-11-15,73862.58517535121,75221.11933956401,76863.05068630676,23.18,1.017602744841864
2024-11-18,75158.48392245939,74889.744646992,76843.74152934352,26.81,1.0713054084193547
2024-11-19,75562.78295637947,74653.61389383886,76868.246841456,25.98,1.0520453340829339
2024-11-20,76168.86155743118,74807.51327693675,76923.00481186906,27.28,1.0576197538906962
2024-11-21,76843.08903548511,75102.02073892525,76985.49755413085,28.93,1.063845770340908
2024-11-22,78027.26897161371,75644.73747717057,77052.06591232469,31.8,1.0694380362875966
2024-11-25,75299.96571528351,75846.14819057073,77030.38323699782,26.57,1.2541569982339604
2024-11-26,75348.44509243165,76058.41389300993,77000.93495569378,26.87,1.2521049195912994
2024-11-27,75877.50546244644,76161.1312558651,76976.8578037714,27.93,1.2558469507935648
2024-11-29,76488.98459326936,76293.4457754216,76957.44706620276,30.38,1.2596640004769986
2024-12-02,75929.4557490021,76259.24494564746,76897.26707566083,29.55,1.2549127337304724
2024-12-03,76374.18709301177,76192.25895386508,76842.47485771179,31.8,1.258206912226884
2024-12-04,76588.14272730025,75986.66949039271,76774.51424068809,31.76,1.2499237055034866
2024-12-05,75824.55395042493,76061.61066684127,76709.23803877532,30.03,1.2479011877758812
2024-12-06,76150.1063256269,76176.13370015578,76635.74185400656,31.22,1.242262012892258
2024-12-09,76892.95451451333,76321.19785045087,76580.83494578551,32.63,1.256160370163721
2024-12-10,78003.15822491891,76537.50836925847,76560.3952436457,34.72,1.2857908430001783
2024-12-11,79074.78568544282,76986.84121732201,76551.28876436452,35.64,1.2995388102525705
2024-12-12,77720.08543360846,77179.11240883598,76478.24947937082,33.24,1.328660543091095
2024-12-13,76792.93269974641,77208.36811918447,76422.26467222323,31.94,1.3060335822807196
2024-12-16,76626.31564900874,77322.90550469501,76360.3648143197,31.78,1.3062405104348427
2024-12-17,76527.91821693428,77376.87863202393,76296.26470800341,29.83,1.3062679422788994
2024-12-18,76297.59115270966,77291.82672319455,76219.88463747203,29.76,1.3060182235572106
2024-12-19,75236.53496140019,76896.59482840555,76178.73150224636,27.67,1.236168937857271
2024-12-20,76397.96234029438,76514.19149338348,76142.72668790718,28.19,1.2454585861787473
2024-12-23,75623.6232133117,76214.696890484,76089.65752073577,27.31,1.257094428283767
2024-12-24,75983.94542070257,76099.12727919221,76119.40350556771,27.81,1.152793797084522
2024-12-26,76812.00302831318,76125.65404766586,76187.08571312626,29.64,1.1647579206086918
2024-12-27,76047.23564464261,76056.98510876724,76247.71850781789,26.77,1.1720002001642311
2024-12-30,75835.81754419324,75991.01745040715,76312.5760685747,26.37,1.1696094492241875
2024-12-31,76866.95291593327,76223.9343010549,76412.72165992757,28.71,1.1918282259986492
2025-01-02,77734.4411076707,76414.85983925207,76498.58689943452,30.4,1.1678261392971432
2025-01-03,77344.56803759698,76660.70909986539,76557.97973547528,30.15,1.1703867004009758
2025-01-06,77111.10870779268,76821.73242659228,76589.38797382066,29.92,1.164382317601567
2025-01-07,77575.06146216815,76930.74077428451,76613.78705471009,30.04,1.1584855192096024
2025-01-08,77917.05554482187,77197.85790288236,76610.1132738173,32.15,1.1262341883265772
2025-01-09,78573.81623581743,77589.00057311356,76719.24162450134,31.6,0.9217089188682432
2025-01-10,79308.49388108209,77937.79213956211,76851.24325078975,32.34,0.9326892323123416
2025-01-13,78527.8329166017,78051.1338265517,76939.5874992614,33.08,0.950481496943993
2025-01-14,79067.4331805836,78297.25741840687,77025.53578550517,34.11,0.9477655614183511
2025-01-15,79994.50543287558,78709.17123627663,77161.03744163414,35.36,0.9528673774494474
2025-01-16,80896.53403838885,79183.66731859531,77311.78233981381,36.26,0.9659024223652948
2025-01-17,80998.44638527182,79623.86601008687,77458.79246174594,37.01,0.9658518946353072
2025-01-21,80943.3885780661,79962.37634469569,77629.42028266737,37.5,0.9410117177037219
2025-01-22,81540.70581093966,80281.2637632468,77809.10693217764,38.98,0.9450314276294033
2025-01-23,81427.71562636818,80695.53272178557,77960.26563590617,38.83,0.9366825965706126
2025-01-24,81815.4215292108,81088.10248587387,78087.3410793821,39.71,0.9084456043873238
2025-01-27,80421.67722321305,81149.12702735195,78132.23746397445,37.33,0.9402150583329
2025-01-28,81532.69469678545,81240.00712140756,78259.32443941385,39.26,0.9081120132897137
2025-01-29,81710.13445103371,81341.6768450886,78423.2311644569,40.1,0.8712126461315159
2025-01-30,83354.47938249946,81686.1183885783,78647.50328890681,43.75,0.926778299145632
2025-01-31,83050.58215698398,81901.81500944283,78864.92542024206,43.32,0.9314033100594135
2025-02-03,83592.68154488936,82211.09585494442,79108.09509998113,43.58,0.9272551260169601
2025-02-04,84543.5839755691,82600.83334728224,79418.33006712,45.07,0.881197617207118
2025-02-05,85268.52638420172,83293.24037027998,79714.0155352503,44.7,0.858930212772653
2025-02-06,85003.86046308534,83789.12119403694,80026.69011024287,45.2,0.8289320805864555
2025-02-07,85588.58682092236,84343.18581830604,80346.84482358347,46.57,0.830555854916212
2025-02-10,86916.84102468581,84852.09462433202,80683.67275679558,48.28,0.8478781193204171
2025-02-11,86840.32411302585,85393.48633233776,81043.4423724085,46.67,0.8111587160600658
2025-02-12,86062.9244000366,85746.37816878727,81384.34593426982,45.12,0.8375660960170658
2025-02-13,86625.52687217295,86043.79858258793,81709.63173281103,46.17,0.8201640294732887
2025-02-14,85255.34743353302,86041.91587534973,81960.32861033975,43.77,0.8841945673994338
2025-02-18,86775.10388799835,86294.95065033862,82274.67980535328,47.27,0.9096921264644382
2025-02-19,86446.21677162401,86417.46921472464,82585.85007414767,46.71,0.9118172940072274
2025-02-20,87041.7806489322,86435.31773247464,82901.40738037328,47.46,0.9126690495114028
2025-02-21,86548.65343977173,86393.65049343875,83189.127310205,46.59,0.9290642487585923
2025-02-24,86930.6740135378,86517.61472393999,83467.68923612933,47.23,0.9246749422075444
2025-02-25,85809.91984036888,86401.0994336818,83684.40343477229,46.4,0.9637987263959773
2025-02-26,86562.07636511014,86587.77499533551,83952.21154972265,48.03,0.9400454469772775
2025-02-27,85644.51481872122,86426.26227115307,84171.4476043274,46.23,0.9707428925536855
2025-02-28,84425.54779920178,86137.59527509341,84319.14901653826,42.96,1.002798060571187
2025-03-03,86149.70852304884,86010.15639996741,84494.25483269343,45.19,1.0454482469670914
2025-03-04,86594.71045262138,86016.73597323043,84680.79696827182,45.61,1.0467297398430575
2025-03-05,86652.48498880267,85976.99468398307,84871.10018196305,44.79,1.0457037709633719
2025-03-06,86365.3973163544,86056.34860912392,85031.92323214361,46.49,1.046112157615213
2025-03-07,86250.10067776404,86011.78065378751,85192.66940052311,46.16,1.0460564669297094
2025-03-10,85789.11520955357,86032.43785247633,85325.12585653464,45.9,1.0530152293487605
2025-03-11,86718.23744420378,86359.96494462022,85535.0111972342,48.65,1.0044207652116632
2025-03-12,87342.97538364494,86530.43163899014,85728.68722012937,51.53,0.9859698132862926
2025-03-13,88829.09874515318,86849.6299664953,85965.9860299334,55.17,1.0216715284610152
2025-03-14,88705.61520781004,87142.93428349495,86144.35722411027,56.05,0.9703762351491476
2025-03-17,88885.82619656889,87502.99555209705,86338.86535876294,58.21,0.9642573273277973
2025-03-18,89902.41073472182,88024.75413166413,86549.18966509103,59.87,0.9757580877840129
2025-03-19,89574.02423483516,88565.45542099008,86716.87100706647,60.07,0.967023378974609
2025-03-20,89447.38113526211,88955.3330911398,86856.16616543481,59.59,0.96068617986052
2025-03-21,88804.91979023619,89164.18229208248,86982.86814300666,57.69,0.9704683213262344
2025-03-24,88296.39198915986,89088.08132694023,87073.12831528137,55.34,0.9736803426843996
2025-03-25,88138.24840745078,89007.0289268898,87113.84189470709,53.83,0.935742148994536
2025-03-26,88116.65410314513,88897.14719925821,87156.38622771105,52.86,0.9354890818824149
2025-03-27,89789.663721556,88881.04048309156,87280.61087176204,56.11,0.9760383772322488
2025-03-28,90140.0643202148,88961.90335243302,87397.76212003033,51.92,0.9724913894607444
2025-03-31,91034.06793742238,89188.57289559927,87590.38613682638,53.89,0.9281282273063126
2025-04-01,90845.22340958731,89480.0448412214,87726.05678754598,53.6,0.8828277952172593
2025-04-02,91608.84550508174,89953.25248635454,87898.14441199502,52.19,0.8853866503223368
2025-04-03,90400.58842896514,90276.44391799824,88010.10467132926,49.17,0.9220720940894493
2025-04-04,87541.40657496091,90194.26569968674,88043.19644250225,43.68,1.0953020616191727
2025-04-07,86025.03741573395,89656.46194171054,88013.0085559085,41.57,1.1391106852546937
2025-04-08,87026.95582400465,89211.73215653641,88053.57642202973,43.54,1.1335574447951398
2025-04-09,90035.16420212331,89069.03162292285,88169.34601659676,47.89,1.2858285794187125
2025-04-10,92699.54328890942,89333.93446282616,88404.5136322697,51.7,1.363610234001468
2025-04-11,94724.11406775907,89778.97282892253,88747.79917455514,54.69,1.367897619989431
2025-04-14,94138.99179854503,90313.03045314977,89014.1086170718,52.91,1.343324618350701
2025-04-15,94384.72728334044,91290.64769720392,89273.77584476273,54.38,1.3427453337595272
2025-04-16,97188.14760545648,92885.37772430906,89624.96459865123,59.51,1.4275908013921021
2025-04-17,96545.4344720259,94245.16038831217,89964.29917050699,54.36,1.4346184099962986
2025-04-22,98697.85888465331,95482.68820010126,90379.22444406996,61.02,1.469774751426012
2025-04-23,95166.6943398587,95835.13835023556,90691.8104150802,56.2,1.6364108036917335
2025-04-24,97088.36937857646,96172.88910892393,91037.48147955934,60.43,1.65945368499111
2025-04-25,95371.73341110662,96348.99505357444,91305.10674714149,58.81,1.7039950309890821
2025-04-28,96972.33444474611,96718.65321948912,91576.54793712795,60.46,1.70334565120514
2025-04-29,96319.64650843576,96594.58163420005,91830.34898048242,61.78,1.710939515567809
2025-04-30,95930.9598698994,96506.79954818317,92065.18676959375,60.1,1.715568642179123
2025-05-01,92473.78897280215,95617.64670363281,92150.89937752932,53.24,1.8460807596513358
2025-05-02,93286.97266957212,95349.11503644926,92274.664325354,55.12,1.8490022112996929
2025-05-05,95386.51682668529,95105.99324332178,92472.63551506847,56.32,1.8870956268868146
2025-05-06,97914.86069792885,95469.29714143915,92776.30021199137,60.78,1.9283978243016586
2025-05-07,97713.40614503402,95575.16452719484,93090.20068385403,60.44,1.9235410539646123
2025-05-08,95289.88447195866,95428.05566483948,93328.58855267068,54.71,1.9903475145608311
2025-05-09,97849.33270154057,95702.10892650059,93653.01117261699,59.45,2.0370388806474535
2025-05-12,93724.37746063703,95880.76442476468,93784.16829725305,51.91,2.179691160490413
2025-05-13,93826.48818706849,95957.83807012226,93907.04909281482,51.4,2.1792988054774476
2025-05-14,92223.54048297416,95505.98430673352,93946.69817766646,46.69,2.1992903691658134
2025-05-15,93831.79105917612,94922.68864405582,94046.25043265273,48.61,2.2196620921214083
2025-05-16,92658.00113726118,94200.48792865872,94081.22228705834,47.56,2.229456866889105
2025-05-19,94084.6581708692,94028.31274278888,94204.0246117885,47.41,2.229486628056745
2025-05-20,95439.05763427036,93683.9877331789,94467.27964709848,53.24,2.150078633034248
2025-05-21,96467.76251908037,94075.89988438359,94815.37048387676,54.96,2.1189939363179198
2025-05-22,96044.23840386207,94392.7213439239,95115.9465698719,53.55,2.1193822857392655
2025-05-23,98553.63236735514,95297.02018455097,95399.89550871303,57.66,2.0820115308736837
2025-05-27,95745.54709941756,95570.41390458388,95501.42896906286,55.47,2.09840301458813
2025-05-28,95812.99212570646,96021.12690293363,95537.7249043276,57.03,2.0622048471813175
2025-05-29,96525.3429092233,96369.79615126977,95617.26994134982,58.38,2.0617818985117977
2025-05-30,95677.15825128515,96403.81052512994,95660.35097361455,56.53,2.069278646168196
2025-06-02,98241.13216064945,96657.14904535456,95695.45045878738,57.14,2.055861488412907
2025-06-03,97463.17760509084,96859.85464553109,95726.04189655631,56.58,2.0575710355889294
2025-06-04,98537.77213102368,96857.58889748369,95720.7056714356,58.39,2.026503268288178
2025-06-05,98094.9225893742,97193.2139674787,95818.31327975293,56.61,1.9125635316874638
2025-06-06,97244.96714483981,97397.78182735613,95823.53320529511,55.58,1.8860713244952054
2025-06-09,97415.3787086208,97524.92979869885,95891.6547152122,55.18,1.8555715806046595
2025-06-10,97054.7706672382,97721.73157240663,95894.4025892953,53.5,1.8325596335279029
2025-06-11,96949.65938900817,97537.2354621717,95915.40301864743,53.18,1.828098883851621
2025-06-12,98478.54389973388,97682.28778997702,96000.32248630821,53.8,1.8472654890931386
2025-06-13,100199.2949045955,97919.64818620043,96257.83935070137,56.93,1.731628636778072
2025-06-16,99832.16583771202,98167.82579310451,96476.01245630582,59.07,1.7317555465543593
2025-06-17,99376.76782580423,98472.36874752598,96609.02082294275,56.48,1.6935237809734962
2025-06-18,99769.29504575205,98808.64250997348,96670.83530120352,59.33,1.627486815762658
2025-06-20,99384.40499687786,99141.4474142066,96726.53526293139,57.97,1.6288906655737887
2025-06-23,99663.64214908547,99529.15923707614,96872.32718550265,58.55,1.5562457445018696
2025-06-24,97491.7654074573,99388.19088103728,96860.40827570012,56.4,1.5374829787863702
2025-06-25,97404.69787677212,98988.96273420539,96983.0856229042,56.54,1.3160365154689189
2025-06-26,97707.14769511344,98685.38871383455,97112.44093983869,57.24,1.316403702780154
2025-06-27,95575.36765484317,98142.33154655567,97224.1685122346,54.57,1.3419577969255045
2025-06-30,95942.69639083282,97595.67459585411,97294.5320232898,52.61,1.3080274768788325
2025-07-01,97468.7744408145,97322.01308784528,97454.89113340825,57.03,1.3110217831864093
2025-07-02,97717.62594390158,97044.0107728179,97575.99005917608,58.84,1.2857199615057309
2025-07-03,97297.21035193835,97016.21719345877,97637.92848309875,56.73,1.265427548815185
2025-07-04,96897.60083859561,96943.77475943523,97652.25642708292,55.51,1.2537582452805698
2025-07-07,97090.10618774248,96855.62597266903,97687.11868654589,56.4,1.2510679494986745
2025-07-08,96801.81608156381,97030.83289077239,97628.72481035293,55.69,1.1540574258736316
2025-07-09,96728.13135164657,97143.03788517416,97661.47761876087,56.1,1.0263809753348831
2025-07-10,96898.78785154723,97061.61122956446,97697.67080962211,56.37,1.026674867470329
2025-07-11,98056.34610836853,97109.99982448774,97748.70424959362,58.15,1.0405043155904623
2025-07-14,98023.65663499529,97213.7778649245,97826.92086238414,57.49,1.0256104986407228
2025-07-15,97555.9130348818,97307.82246439371,97804.08022485873,56.2,0.9051703877636322
2025-07-16,98249.19721996563,97473.40689756827,97830.2808786879,56.09,0.9025165762949708
2025-07-17,97762.97734134166,97610.71564896405,97804.45438569834,55.07,0.884032789954955
2025-07-18,98324.86809898201,97838.82089858396,97812.11923601876,57.5,0.8867499174666198
2025-07-21,99877.19727078058,98264.30795847518,97899.86024021656,60.67,0.9151806260678129
2025-07-22,101027.03354510295,98688.69187801013,98020.24873476624,61.61,0.9353268193680384
2025-07-23,99872.83072560046,98952.85960523784,98114.18407004475,59.77,0.9597532265694151
2025-07-24,99257.32077830478,99195.9178542963,98191.10611635447,59.13,0.9679993119630836
2025-07-25,98203.7808668915,99189.42980385678,98181.94734859318,58.19,0.9472138584162607
2025-07-28,97555.8367794304,99159.83829501059,98093.83207775404,57.49,0.8941243995484122
2025-07-29,98284.9127919143,99154.13039399896,98042.25697622747,60.73,0.9051007670697366
2025-07-30,97789.47044305413,98855.88370432172,97989.3470634689,59.96,0.9058878070687609
2025-07-31,98443.39642152608,98486.79268666675,97945.15044266134,60.14,0.9118794830750148
2025-08-01,99815.63667998501,98478.6221087213,97959.52483209819,61.68,0.9459024429700046
2025-08-04,100331.01250851435,98632.00664160933,97981.77051074554,61.21,0.9491226794599045
2025-08-05,101300.86122349402,99074.44669255188,98108.74037127991,63.57,0.8672652016011393
2025-08-06,101047.89435883235,99573.3120610416,98230.18025401582,63.15,0.8691657742689262
2025-08-07,101700.43629105705,100061.24398949316,98363.28987388113,62.81,0.8737614715000668
2025-08-08,102474.96500390123,100730.6003553314,98593.27645218323,64.85,0.7625495829986897
2025-08-11,99975.38428197584,100949.45576396585,98727.69938188742,60.45,0.9045610613674735
2025-08-12,100051.24963485583,100983.11475752082,98813.7818883558,60.47,0.8621540211185035
2025-08-13,100265.16776716502,100973.70836590018,98898.6999491314,59.88,0.8619142016676284
2025-08-14,99398.1446090837,100701.89170670083,98968.7310910364,55.37,0.8745059539451583
2025-08-15,99696.89778337095,100508.89219591873,99062.0409891953,53.69,0.8705179236021375
2025-08-18,99365.14619812377,100175.279325498,99137.87565620789,51.93,0.8738132904794133
2025-08-19,98573.53065102825,99617.9315608016,99196.93280852337,49.59,0.8859444831577347
2025-08-20,99219.91905729537,99510.00795727968,99279.99239871204,50.15,0.8920007543691586
2025-08-21,98957.76927979829,99353.79647798624,99348.62511298756,48.46,0.8941312417751799
2025-08-22,100386.33074388647,99371.10547465937,99426.29126750478,50.33,0.9059697991557508
2025-08-25,100410.67950751219,99515.75331729224,99505.85869658887,51.86,0.9057773433599146
2025-08-26,101172.77144329139,99726.59241156492,99626.42064353525,51.85,0.907474247281032
2025-08-27,101641.31825900776,100051.75984883308,99739.49134483635,53.44,0.9030841621133112
2025-08-28,102521.65390538187,100615.77745659862,99898.11389697144,54.92,0.9054598504396875
2025-08-29,103693.57550073633,101254.87123422963,100077.0708103627,56.59,0.9202078630542757
2025-09-02,106448.889845,102325.03131497333,100296.12722950379,61.13,0.9947197086278776
2025-09-03,107758.68032155924,103378.22411178265,100520.51545538504,62.64,0.997384776844527
2025-09-04,107027.74375235758,104323.51900390217,100759.01255627722,59.7,0.9789494139806307
2025-09-05,108598.10087723317,105384.28035160899,101070.37189290821,63.53,0.9902756202442071
2025-09-08,109338.31570945056,106483.85141595772,101441.52305432658,62.66,0.9579476415388025
2025-09-09,109239.0627145304,107443.48124583278,101830.96391882996,62.8,0.9425051576291766
2025-09-10,109543.34347136636,108279.16238449726,102206.24494147897,62.28,0.9401230900531689
2025-09-11,109137.51789110372,108663.25210536804,102584.51318974793,59.68,0.9361649367328058
2025-09-12,109779.02840152622,108951.8732596508,102962.36758908133,59.25,0.9353935729386478
2025-09-15,110777.86809374558,109487.60530842202,103327.77530287406,58.87,0.9211556218833125
2025-09-16,110786.080371153,109800.17380755288,103676.27756496171,56.68,0.9227105951019361
2025-09-17,110273.09703890156,109933.71399747474,103975.35209214191,56.3,0.9258813462670683
2025-09-18,109164.3763973217,109923.04452358825,104245.90149342417,52.08,0.9509405182299422
2025-09-19,110367.88058720552,110040.83554013712,104534.81630329588,53.69,0.9608955791128184
2025-09-22,112310.77633334488,110494.15817474041,104862.67668094338,55.66,0.9949480721982443
2025-09-23,113773.1223088538,111064.74301864419,105322.60128183961,58.72,0.864262844099304
2025-09-24,112954.09226902724,111375.63218654053,105752.69603631199,55.53,0.887576380460509
2025-09-25,113061.92437176226,111700.75275805593,106179.25458979806,55.71,0.8887357284062694
2025-09-26,114216.6641440187,112264.119487358,106673.2052409619,56.17,0.8621306210075627
2025-09-29,115470.83176595242,113165.04168287771,107199.00304038127,56.43,0.8690616254498289
2025-09-30,116108.48163372341,113985.12754666379,107757.11422156791,58.26,0.8549197666829476
2025-10-01,117095.14507330679,114668.60879522988,108374.50136897663,59.03,0.819325590427593
2025-10-02,116047.09179055862,114993.46157833083,108935.40712675154,56.64,0.8621092059478467
2025-10-03,117338.45907188543,115619.79969302246,109548.0967864871,63.19,0.8551531405145577
2025-10-06,119405.46048594071,116526.01913790617,110182.06777788898,66.39,0.8681863406648648
2025-10-07,120236.25457011582,117385.9606273515,110842.92027997573,67.98,0.86190099736494
2025-10-08,122282.61586334754,118359.07264126625,111546.58176064491,70.33,0.8845682863378399
2025-10-09,119395.55090625821,118828.65396591595,112138.3895155539,66.03,1.0403192654053728
2025-10-10,120410.60994930127,119302.29180534396,112734.68805035055,66.49,1.0401526113486557
2025-10-13,124278.08842391969,120478.14846725123,113420.83848112325,75.78,1.144655106648697
2025-10-14,125058.51853234094,121581.01410445997,114041.15943736731,76.13,1.0776096444155514
2025-10-15,126379.91155956857,122577.36425783804,114661.8671453019,78.24,1.074254164722938
2025-10-16,128086.15778612578,123698.77900298152,115363.81427976092,80.67,1.0587623463725127
2025-10-17,125642.63115961307,124178.78118816018,115931.96528917352,75.55,1.1402534163373976
2025-10-20,130052.86823199631,125701.25509183321,116622.4503732582,82.01,1.2663237177996567
2025-10-21,122423.74141517452,125988.84530124495,117061.93966328005,71.46,1.7279050777187908
2025-10-22,121294.54611475008,125562.62497136423,117453.64641805887,68.54,1.7445312922926894
2025-10-23,123359.42173744009,125319.89685780661,117927.70987960299,68.87,1.7558130400098888
2025-10-24,123201.42864904614,124865.82787058609,118375.12322118679,70.77,1.7583763919424447
2025-10-27,119784.54148629364,123679.88268489497,118675.3456676046,64.85,1.847887822513297
2025-10-28,119247.31143110935,122766.26558082445,118957.38670293688,61.65,1.8520565696747335
2025-10-29,119778.08405802544,121298.43927025795,119274.21960357428,63.2,1.8472056201140603
2025-10-30,120471.03161169497,121019.48072690198,119651.10811071991,61.83,1.831391478909299
2025-10-31,120288.04274143132,120875.6945307127,119981.7801825265,60.47,1.8278286007015028
2025-11-03,121026.86957098017,120542.47279264672,120272.31662378112,62.24,1.8082036633321048
2025-11-04,119365.5209481583,119994.48597823722,120458.7299117585,62.18,1.821226000232432
2025-11-05,120362.91494417407,120077.11075793419,120705.69066759646,67.43,1.8169687846303886
2025-11-06,120113.3163870859,120200.82575164523,120940.73706810773,67.23,1.8185719438108336
2025-11-07,120860.06399414712,120355.39431394849,121162.18372977873,66.93,1.8139428544286589
2025-11-10,124235.71990482739,120893.20692725692,121454.34666774173,72.56,1.8683084120321047
2025-11-11,124153.37136967866,121445.39673129575,121722.50965894063,71.92,1.868399357974698
2025-11-12,126759.19224723586,122264.29997076307,122044.64456473888,77.14,1.8961537928250993
2025-11-13,126413.51307752666,123271.15598924246,122390.19194097121,74.6,1.8862077077776376
2025-11-14,123724.78519455668,123751.42316786732,122603.06947839359,73.18,1.930468773295979
2025-11-17,122954.67732065002,124157.33187266333,122721.37670621772,68.92,1.9127454488680422
2025-11-18,122679.31726344225,124417.22519685116,122802.81212932865,67.89,1.9104942525293498
2025-11-19,123064.78249031623,124249.9484233473,122828.88435022732,72.98,1.8866424317741222
2025-11-20,122328.74669247284,123989.2877551743,122926.65754310091,71.64,1.8361021467890533
2025-11-21,123222.7162177502,123484.07689381923,123020.39441871643,72.91,1.8345432302398916
2025-11-24,124995.50495790147,123281.5043053031,123044.30830318332,73.12,1.7575538207612529
2025-11-25,125754.5330460238,123571.46828408752,123067.50878697335,77.01,1.7573164668999808
2025-11-26,126548.4229733409,124084.86052018404,123073.12583409846,75.77,1.750481086320751
2025-11-28,128469.64722658593,124912.05051491516,123085.9088154465,79.84,1.755149654006233
2025-12-01,129087.82514668131,125772.48518010974,123200.74861501555,79.4,1.7182410306345925
2025-12-02,127857.92504686075,126562.36780216439,123127.58384217818,76.12,1.6025329620164859
2025-12-03,128681.5403815551,127342.1998255636,123336.17714105746,79.72,1.1691355395060536
2025-12-04,129428.16968368922,127975.43764353225,123607.29792668919,79.79,1.1526645672566276
2025-12-05,128982.29438925524,128436.5464068481,123794.72701508303,80.43,1.1222566866801273
2025-12-08,128340.4541444532,128692.55085986426,123966.02786493003,80.99,1.12748432931284
2025-12-09,129213.3906706437,128798.799923305,124280.32283774218,79.88,0.9870651393122403
2025-12-10,128592.25149110233,128728.00368679421,124591.82083974182,79.05,0.9878768611873329
2025-12-11,131141.63109067417,129197.1045501956,124970.6057408303,82.79,1.0366710154303806
2025-12-12,132262.5243619105,129708.67369024668,125363.65549917122,84.55,1.0403783765352284
2025-12-15,132941.07688468436,130210.5175761027,125785.42330394685,82.52,1.0371231687955575
2025-12-16,133166.40303958827,130808.24738329223,126190.07441956698,80.6,1.036233528070713
2025-12-17,134751.5088501006,131724.11234124217,126702.94068296453,85.39,0.9963863300878976
2025-12-18,133712.04177959714,132366.77678537794,127147.91157747904,83.61,1.0157116460012638
2025-12-19,134152.1461794566,133161.04745514478,127615.8725705584,83.19,1.010155175497915
2025-12-22,135672.51246776961,133808.31622330207,128109.6208530128,81.98,1.0187621585534534
2025-12-23,136890.35392775986,134469.4347327096,128531.44198711017,83.64,0.9185071561344793
2025-12-24,136676.59100189604,135003.0796065969,128948.88264151712,82.67,0.9199826007830083
2025-12-26,139079.0670902567,135847.74589954954,129359.54513628384,82.76,0.8991756166574173
2025-12-29,132406.9499312777,135512.80891114473,129559.32636474172,74.65,1.2937827369943655
2025-12-30,133889.8599110688,135538.2115013514,129898.16218862534,76.73,1.2298669886745524
2025-12-31,132333.95728430556,135278.47023061343,130210.80485408008,78.56,1.2472086391439663
2026-01-02,132274.3433562757,134793.01750040054,130530.63905717432,78.63,1.2452757729982844
2026-01-05,136098.2494826297,134679.85972252488,130965.08795691827,98.49,1.334856435913548
2026-01-06,137833.0157559958,134845.06325882248,131481.8969257017,100.21,1.3330279649420544
2026-01-07,136719.84492306458,134508.03152065616,131931.80121587912,103.69,1.349640023803163
2026-01-08,136274.64098749243,135060.55881440215,132307.77241686484,100.64,1.3392341481382388
2026-01-09,137580.7696870747,135587.83163954955,132701.9803048998,102.82,1.3435662015322782
2026-01-12,141592.42956715924,136910.4705371005,133203.44719136058,106.27,1.4247608495896669
2026-01-13,140966.51993151536,138152.2100478496,133620.00961485904,103.57,1.4159231859432835
2026-01-14,142327.31778576455,139042.07694829788,134061.32603616218,104.87,1.4205788165783795
2026-01-15,141878.38516056232,139619.98686323848,134528.67470661897,104.94,1.4053273974312435
2026-01-16,141299.87928986718,140274.27748706512,134949.2860035628,106.17,1.4110285475664974
2026-01-20,147452.61001973812,141871.13020595908,135550.1006814311,115.59,1.5915465192297715
2026-01-21,150041.5780543423,143651.24568699513,136252.0768036008,119.42,1.6016545726440357
2026-01-22,153132.77073205955,145299.86585340757,137078.4873565207,120.99,1.6137707855820844
2026-01-23,155271.64342853831,147343.45492440887,137947.09578178325,123.04,1.6202412383328457
2026-01-26,158401.94944870577,149639.83087625675,138940.7523803701,124.85,1.6254972410494857
2026-01-27,158775.36341252242,152053.68491225157,139861.8767910987,125.14,1.6095571422188326
2026-01-28,165381.69624846155,155493.94447776675,140965.84918731748,137.16,1.7324096536802533
2026-01-29,166823.79150949494,158261.25611916184,142095.2730081449,137.64,1.7318691223929947
2026-01-30,147446.33990107835,157890.50781155485,142571.27090352873,106.27,2.849622677320024
2026-02-02,144437.9345103733,156648.38835131697,142894.15175887148,101.94,2.8788889684645262
2026-02-03,150815.69504910934,156011.82429711308,143464.27353452146,110.09,2.9683330217214037
2026-02-04,151626.60927225204,155043.91855761834,144046.75563761394,111.71,2.9682928759133156
2026-02-05,149314.9279568712,153692.42777823977,144501.50282058417,110.69,2.9869088676463806
2026-02-06,152393.3435402548,151836.94881992255,145018.26914100052,112.37,3.0015934253893057
2026-02-09,155932.27831272726,150281.01836323738,145660.12538469434,116.83,3.0197059275915032
2026-02-10,154878.6000777517,151342.76981704574,146186.77648427786,115.33,3.017056334609352
2026-02-11,156571.1669913256,153076.0887428948,146992.25038627983,118.89,2.8540742695511807
2026-02-12,152253.19335919846,153281.44564433608,147604.36150121788,110.72,2.9169040999465
2026-02-13,154999.17899232698,153763.24131863457,148359.86889148553,117.39,2.909851342735829
2026-02-17,151070.24775242602,154014.00128942728,148986.39903802375,112.13,2.9630494011220936
2026-02-18,154009.0303433561,154244.8136898705,149583.4250667145,115.89,2.9415598283747215
2026-02-19,153965.35587927452,153963.82477080822,150121.169737491,114.2,2.938682632117293
2026-02-20,156972.839131692,154263.0017785132,150796.26954444448,119.95,2.9423637685768926
2026-02-23,160926.27565186494,154885.1601585916,151617.99069992403,124.74,2.9604365986314387
2026-02-24,159930.013506724,155981.84875109367,152362.9654939115,122.42,2.9678509896290888
2026-02-25,161318.43369990142,156884.59942360435,153020.4989650031,124.37,2.9348652263138733
2026-02-26,160450.20747844508,158224.5936701766,153669.9552165667,119.71,2.9359582762038774
2026-02-27,162224.52807065187,159398.2362026487,154333.19555939635,119.7,2.93687780309454
2026-03-02,164336.6568667076,160879.85062942334,155081.80461626747,122.78,2.9366061091884115
2026-03-03,159374.33269094172,161222.92113789063,155684.28639630377,117.41,3.003461718138752
2026-03-04,160550.6099684121,161169.25461168375,156120.8863945931,118.76,2.9124426202238505
2026-03-05,159026.622933258,161040.19881547775,156420.38789055744,115.44,2.9085508475082498
2026-03-06,160973.93155161865,160990.9842228634,156681.75991787613,115.62,2.8944521778099928
2026-03-09,159525.0593164054,160858.82019971524,156823.54044747155,113.47,2.8923250791968615
2026-03-10,162579.88479956196,160909.58544670258,156962.80495916706,115.34,2.8901133513620967
2026-03-11,162306.2243795003,160619.52366281833,157080.50032473306,114.31,2.890540167774494
2026-03-12,160796.5374728567,160822.69577451688,156927.6616988788,111.33,2.7926414483792854
2026-03-13,159084.33746890287,160613.22827458382,156669.6798975249,111.12,2.792879540869021
2026-03-16,157538.01606462346,160400.57015049033,157006.0691029757,109.47,1.771237703772954
2026-03-17,157280.08984900513,159872.87847868886,157434.14094759623,106.4,1.7204824384700528
2026-03-18,153966.9949200438,159078.86927921005,157539.1842766275,103.49,1.5893908220388282
2026-03-19,146202.07264982373,156739.18182924815,157358.366389214,92.39,1.8408382422345466
2026-03-20,144983.2740949419,154264.47464573808,157213.97792714933,91.4,1.826730923432704
2026-03-23,140928.11625201057,151426.1287570468,156831.80368420779,86.07,1.8454239844110334
2026-03-24,139797.57966269457,148670.8776418737,156293.9803958734,86.83,1.7827157023626674
2026-03-25,146217.4455597926,147053.65328404307,156005.2752452751,96.2,1.9960043305211728
2026-03-26,141203.4767544693,144756.99427053757,155493.0189040462,88.35,2.0666609106145897
2026-03-27,144374.93474584635,143386.699959938,155230.4102836013,89.89,2.065303002679496
2026-03-30,146196.20593451476,143385.8618577506,154936.97784834108,92.49,2.049879097918991
2026-03-31,149449.48874516337,144023.89252206683,154882.95254809858,96.05,2.0450870281160403
2026-04-01,152389.07607800412,145661.17249720864,154828.9540725867,98.94,2.0458060639393203
2026-04-02,146858.93295918236,146669.93725384984,154592.0733085831,90.55,2.149605137949058
2026-04-06,147547.43936669573,146859.93636912107,154277.89331641694,89.81,2.1167097656193037
2026-04-07,147311.89539931752,147732.56760410327,153824.08064133226,88.82,2.0543373877268225
2026-04-08,150305.2344371861,148579.753274296,153503.2546723485,91.16,2.09557309086288
2026-04-09,150700.49657355464,149223.22336558785,153149.3234348039,93.75,2.087981410705911
2026-04-10,150064.0962924957,149311.02444377966,152803.11972860593,91.52,2.087451719291867
2026-04-13,152745.00255418263,149361.87108323403,152487.13554472328,94.48,2.1057718778590875
2026-04-14,156125.64817021377,150685.68754195314,152213.43525484006,98.59,2.134251364349111
2026-04-15,152402.63739221974,151379.28725988526,151981.045411549,92.07,2.1077810624676574
2026-04-16,152300.1553448285,152091.89582352553,151706.03025742868,90.59,2.101497377997984
2026-04-17,154036.95523397348,152624.9987944918,151539.70800078512,96.29,2.1088566539764875
2026-04-20,151691.43757861073,152766.5617952134,151230.29153501889,93.28,2.109696409262171
2026-04-21,149109.84582657838,152630.2403000806,150883.11775202453,90.07,2.1242121493192703
2026-04-22,150997.18963359605,152380.5527399991,150497.02791315914,92.14,2.105113632613591
2026-04-23,150407.8901210142,151563.7301615434,150100.41677120925,96.69,2.105299230251121
2026-04-24,151460.47484881672,151429.13551248398,149789.21468374133,95.49,2.107690352689433
2026-04-27,150175.15773494964,151125.564425362,149492.2420259436,94.49,2.1049198758939363
2026-04-28,147493.1029486055,150190.72838459697,149157.41158874333,96.42,2.1207941856164725
2026-04-29,146605.27293480228,149464.13343547922,148801.58435826996,96.04,2.122062058828623
2026-04-30,149273.35085085657,149487.49129609126,148645.12955596347,101.1,2.1222796441730507
2026-05-01,149516.50646143797,149275.96512863893,148755.61068301697,102.35,1.904197033785298
2026-05-04,146172.92408417104,148670.96998051662,148795.26568265757,97.9,1.9445078478208218
2026-05-05,147900.30653783292,148162.37450752087,149027.6720255186,96.78,1.8785147556620427
2026-05-06,151872.13929144232,148404.80044416018,149430.15734647712,100.99,1.9231430317821272
2026-05-07,151531.81732955616,148981.75964143872,149607.30307213563,98.94,1.7447447456365799
2026-05-08,151624.91516055225,149698.8513879776,149954.6843523393,97.32,1.6101427269104442
2026-05-11,151847.4015584743,150066.5729176402,150203.76657942732,94.61,1.5654102158129288
2026-05-12,152064.88245072236,150430.62663039565,150399.3891299675,101.95,1.5520324285303229
2026-05-13,153105.11313942884,151420.9393525762,150521.24327644307,103.2,1.5055399204430704
2026-05-14,152566.43370645176,152087.52894809417,150527.1551973919,101.07,1.4649146509360262
2026-05-15,148599.75625851215,151620.0456576773,150585.1826407035,94.28,1.386623671686793
2026-05-18,148896.12816737895,151243.5186345109,150630.13893405994,96.1,1.384679389825139
2026-05-19,147845.65693874197,150703.6246028202,150647.93098537327,93.58,1.3909601953089974
2026-05-20,149122.35699039215,150314.33252166424,150608.50173714658,94.71,1.348430082699266
2026-05-21,149344.05920277533,149925.6434862401,150563.28715811967,96.96,1.3477714867036399
2026-05-22,148179.56777491045,149221.99414845448,150500.4695408672,94.59,1.353008031787054
2026-05-26,146091.6724062611,148297.02824842505,150278.6918692698,89.99,1.3304018779985272
2026-05-27,145362.97554782525,147834.63100403972,149919.9361151904,86.36,1.2550042678557563
2026-05-28,147276.65681341852,147603.27795347146,149749.07009589672,86.25,1.2172603543947922
2026-05-29,149278.85839925974,147808.02101926293,149648.360197712,92.07,1.2463817336981664
2026-06-01,144892.6593429013,147203.77849819403,149343.5503346771,88.68,1.330615843743717
2026-06-02,146181.67838217996,146752.00980954085,149159.8916947961,90.77,1.3204791002406544
2026-06-03,144039.28022401241,146160.5401594128,148990.87284137806,88.22,1.311359072218453
2026-06-04,146683.75613205813,146245.12354881424,148847.09172466,92.25,1.3358438747656987
2026-06-05,141585.10765107148,145705.42813499484,148552.9989756624,88.19,1.4718023986699393
2026-06-08,140304.6943429153,144709.43349635176,148181.13962546588,83.65,1.467464766180565
2026-06-09,138920.08693100914,143229.6090008872,147805.97059866786,83.7,1.469643477403183
2026-06-10,133510.61688984348,141603.60293616142,147339.88773004213,75.71,1.5910485196825568
2026-06-11,133325.0561438182,139766.94261639458,146897.21383700968,73.57,1.5904557286710075
2026-06-12,137555.7595384114,138840.7253755927,146506.6274599284,80.88,1.6699694067211353
2026-06-15,140285.05237278927,137926.6248385523,146198.9123236398,84.99,1.7182255631014205
2026-06-16,139835.0104805013,137676.61095703926,145987.64853685102,81.92,1.6749103275968231
2026-06-17,140957.29376552982,137769.83944598265,145756.21477777362,81.33,1.6660465027855458
2026-06-18,136555.40596180514,137432.02787895288,145245.65700011948,76.55,1.6630657808415468
2026-06-22,134437.81630358438,137564.48493805953,144675.85696592033,74.34,1.677445539213355
2026-06-23,133287.32688300827,137559.0950436592,144064.60402333539,71.82,1.6773964793678393
2026-06-24,129438.87874296652,136399.54064430934,143317.65326281785,66.12,1.732904486206324
2026-06-25,129722.32121850812,134890.5790508432,142572.90122174422,65.1,1.7339533863480752
2026-06-26,131217.6294422984,133659.52461681623,141843.31843184034,65.45,1.747176241336942
2026-06-29,129348.1948321835,132001.0819120535,141069.3771360308,64.72,1.7550422507739791
2026-06-30,129957.28495205677,131058.49319637248,140447.96142581504,64.36,1.7195739874851834
2026-07-01,142774.32964560238,132249.42367380433,140243.9014750888,78.48,2.5475212722352443
2026-07-02,145092.07079464872,133935.81566117916,140152.1152702858,79.36,2.5641571149775864
2026-07-06,146276.4861871963,136341.18815321155,140057.2529101789,80.59,2.563603097305078
2026-07-07,146527.22269352962,138741.8883639276,139963.35835987132,81.02,2.5636621196773306
2026-07-08,143882.14595653125,140551.1050088193,139820.11096592544,76.45,2.5807473161617347
2026-07-09,146402.10264387837,142987.37755334802,139830.45864051284,79.79,2.588557301919715
2026-07-10,144747.2335604816,145100.22735455207,139809.93390760123,76.92,2.595637301310818
2026-07-13,140873.5720167964,144828.69055043798,139596.4977477143,75.17,2.6288869749635007
2026-07-14,144595.10281147424,144757.69512427278,139440.37256145477,77.35,2.6638863833184154
2026-07-15,144175.25454104232,144457.51917482275,139416.45906805893,76.45,2.6089699880176487
2026-07-16,142201.2109777947,143839.5175011456,139283.77682124576,70.6,2.6154593150592853
2026-07-17,143395.98899706473,143770.06650693502,139262.3337803473,72.66,2.6065882289300015
2026-07-20,142765.4663011887,143250.54702941008,139131.72411931853,70.79,2.5848528937695234
2026-07-21,145238.2041555537,143320.68568585176,139253.4940028012,71.79,2.521551632721851
2026-07-22,147714.39321565867,144297.94585711617,139500.483965226,73.23,2.530171679106181
2026-07-23,144465.14325858964,144279.38020670414,139685.3191761454,69.95,2.559340158479821
2026-07-24,145695.80908013554,144496.6022837162,140091.49224915504,70.23,2.444113597624414
2026-07-27,145476.54708391838,144964.50744173356,140496.54194715817,67.37,2.4441889425539864
2026-07-28,142928.91829492457,144897.7830557142,140675.64723904233,64.59,2.4110398035485465
2026-07-29,142610.60253951617,144875.6596611866,140753.1655779332,65.71,2.386852931257584
2026-07-30,145119.1558538881,144858.65276094846,140929.30375704667,67.52,2.404902807814308
2026-07-31,143248.48625598566,144220.66605242234,141005.67684006193,68.02,2.415650446983446
2026-08-03,142282.19373961954,143908.8161211397,141196.569765989,63.97,2.3439704928915477
2026-08-04,144351.65240401126,143716.79373883776,141527.03096933663,66.98,2.3324083995830183
2026-08-05,149284.87687029352,144260.84085117918,142060.2826355795,71.51,2.3914762257585007
2026-08-06,149120.066099366,145145.29053752762,142716.3222141266,72.3,2.31206085835611
2026-08-07,152966.20213124374,146624.66190777507,143491.11824455063,75.96,2.3422047432279838
2026-08-10,153545.90037649445,147828.48255386096,144235.3939423571,78.94,2.3399002913102653
2026-08-11,154594.26959160715,149449.3087446647,145076.92976767122,78.59,2.309993102522827
2026-08-12,155480.40792382613,151334.76791383539,145927.700533397,81.54,2.3098393897532747
2026-08-13,153825.4707281311,152688.17053156666,146296.0719028145,82.2,1.5341494785175878
2026-08-14,154509.85095484648,153434.59540078897,146609.9979081551,79.35,1.5129824592487935
2026-08-17,155909.2626209284,154404.4806181533,146931.09045594634,80.04,1.5142830184743707
2026-08-18,154474.73879446258,154619.9858557582,147196.0076593111,78.27,1.5286316778857383
2026-08-19,159043.7893490499,155405.39856612257,147701.39577239455,84.15,1.561525740418699
2026-08-20,159461.7526910926,156100.7532946212,148136.71744063497,84.88,1.5388211457012135
2026-08-21,163740.18469232396,157280.7214044077,148769.81581169664,90.86,1.5739817006219057
2026-08-24,164208.15500395713,158763.96201524138,149547.63524460196,89.36,1.4617228531005662
2026-08-25,164151.72271140802,160141.3722661776,150199.52257459957,87.94,1.4086232823669171
2026-08-26,159038.44669321764,160588.39856221847,150694.96231300532,79.04,1.5463277893862688
2026-08-27,162647.55479024528,161755.94370447312,151376.50710675417,83.36,1.550404644869994
2026-08-28,158070.60238771496,161616.9169957127,151865.66088644267,77.84,1.6592623295866242
2026-08-31,157832.03037970912,161384.09952265877,152367.87968905966,75.56,1.6554246693813361
